id,name,brand,category,condition
P00001,Lenovo ThinkPad X1 Carbon Gen 11 16GB 512GB SSD Black,Lenovo,Laptop,New
P00002,Lenovo ThinkPad X1 Carbon Gen 11 16GB 512GB SSD Black (Refurbished Grade A),Lenovo,Laptop,Refurbished Grade A
P00003,Lenovo ThinkPad X1 Carbon Gen 11 16GB 512GB SSD Black (Refurbished Grade B),Lenovo,Laptop,Refurbished Grade B
P00004,Lenovo ThinkPad X1 Carbon Gen 11 16GB 512GB SSD Black (Open Box),Lenovo,Laptop,Open Box
P00005,Lenovo ThinkPad X1 Carbon Gen 11 16GB 512GB SSD Silver,Lenovo,Laptop,New
P00006,Lenovo ThinkPad X1 Carbon Gen 11 16GB 512GB SSD Silver (Refurbished Grade A),Lenovo,Laptop,Refurbished Grade A
P00007,Lenovo ThinkPad X1 Carbon Gen 11 16GB 512GB SSD Silver (Refurbished Grade B),Lenovo,Laptop,Refurbished Grade B
P00008,Lenovo ThinkPad X1 Carbon Gen 11 16GB 512GB SSD Silver (Open Box),Lenovo,Laptop,Open Box
P00009,Lenovo ThinkPad X1 Carbon Gen 11 16GB 512GB SSD Grey,Lenovo,Laptop,New
P00010,Lenovo ThinkPad X1 Carbon Gen 11 16GB 512GB SSD Grey (Refurbished Grade A),Lenovo,Laptop,Refurbished Grade A
P00011,Lenovo ThinkPad X1 Carbon Gen 11 16GB 512GB SSD Grey (Refurbished Grade B),Lenovo,Laptop,Refurbished Grade B
P00012,Lenovo ThinkPad X1 Carbon Gen 11 16GB 512GB SSD Grey (Open Box),Lenovo,Laptop,Open Box
P00013,Lenovo ThinkPad X1 Carbon Gen 11 16GB 1TB SSD Black,Lenovo,Laptop,New
P00014,Lenovo ThinkPad X1 Carbon Gen 11 16GB 1TB SSD Black (Refurbished Grade A),Lenovo,Laptop,Refurbished Grade A
P00015,Lenovo ThinkPad X1 Carbon Gen 11 16GB 1TB SSD Black (Refurbished Grade B),Lenovo,Laptop,Refurbished Grade B
P00016,Lenovo ThinkPad X1 Carbon Gen 11 16GB 1TB SSD Black (Open Box),Lenovo,Laptop,Open Box
P00017,Lenovo ThinkPad X1 Carbon Gen 11 16GB 1TB SSD Silver,Lenovo,Laptop,New
P00018,Lenovo ThinkPad X1 Carbon Gen 11 16GB 1TB SSD Silver (Refurbished Grade A),Lenovo,Laptop,Refurbished Grade A
P00019,Lenovo ThinkPad X1 Carbon Gen 11 16GB 1TB SSD Silver (Refurbished Grade B),Lenovo,Laptop,Refurbished Grade B
P00020,Lenovo ThinkPad X1 Carbon Gen 11 16GB 1TB SSD Silver (Open Box),Lenovo,Laptop,Open Box
P00021,Lenovo ThinkPad X1 Carbon Gen 11 16GB 1TB SSD Grey,Lenovo,Laptop,New
P00022,Lenovo ThinkPad X1 Carbon Gen 11 16GB 1TB SSD Grey (Refurbished Grade A),Lenovo,Laptop,Refurbished Grade A
P00023,Lenovo ThinkPad X1 Carbon Gen 11 16GB 1TB SSD Grey (Refurbished Grade B),Lenovo,Laptop,Refurbished Grade B
P00024,Lenovo ThinkPad X1 Carbon Gen 11 16GB 1TB SSD Grey (Open Box),Lenovo,Laptop,Open Box
P00025,Lenovo ThinkPad X1 Carbon Gen 11 32GB 512GB SSD Black,Lenovo,Laptop,New
P00026,Lenovo ThinkPad X1 Carbon Gen 11 32GB 512GB SSD Black (Refurbished Grade A),Lenovo,Laptop,Refurbished Grade A
P00027,Lenovo ThinkPad X1 Carbon Gen 11 32GB 512GB SSD Black (Refurbished Grade B),Lenovo,Laptop,Refurbished Grade B
P00028,Lenovo ThinkPad X1 Carbon Gen 11 32GB 512GB SSD Black (Open Box),Lenovo,Laptop,Open Box
P00029,Lenovo ThinkPad X1 Carbon Gen 11 32GB 512GB SSD Silver,Lenovo,Laptop,New
P00030,Lenovo ThinkPad X1 Carbon Gen 11 32GB 512GB SSD Silver (Refurbished Grade A),Lenovo,Laptop,Refurbished Grade A
P00031,Lenovo ThinkPad X1 Carbon Gen 11 32GB 512GB SSD Silver (Refurbished Grade B),Lenovo,Laptop,Refurbished Grade B
P00032,Lenovo ThinkPad X1 Carbon Gen 11 32GB 512GB SSD Silver (Open Box),Lenovo,Laptop,Open Box
P00033,Lenovo ThinkPad X1 Carbon Gen 11 32GB 512GB SSD Grey,Lenovo,Laptop,New
P00034,Lenovo ThinkPad X1 Carbon Gen 11 32GB 512GB SSD Grey (Refurbished Grade A),Lenovo,Laptop,Refurbished Grade A
P00035,Lenovo ThinkPad X1 Carbon Gen 11 32GB 512GB SSD Grey (Refurbished Grade B),Lenovo,Laptop,Refurbished Grade B
P00036,Lenovo ThinkPad X1 Carbon Gen 11 32GB 512GB SSD Grey (Open Box),Lenovo,Laptop,Open Box
P00037,Lenovo ThinkPad X1 Carbon Gen 11 32GB 1TB SSD Black,Lenovo,Laptop,New
P00038,Lenovo ThinkPad X1 Carbon Gen 11 32GB 1TB SSD Black (Refurbished Grade A),Lenovo,Laptop,Refurbished Grade A
P00039,Lenovo ThinkPad X1 Carbon Gen 11 32GB 1TB SSD Black (Refurbished Grade B),Lenovo,Laptop,Refurbished Grade B
P00040,Lenovo ThinkPad X1 Carbon Gen 11 32GB 1TB SSD Black (Open Box),Lenovo,Laptop,Open Box
P00041,Lenovo ThinkPad X1 Carbon Gen 11 32GB 1TB SSD Silver,Lenovo,Laptop,New
P00042,Lenovo ThinkPad X1 Carbon Gen 11 32GB 1TB SSD Silver (Refurbished Grade A),Lenovo,Laptop,Refurbished Grade A
P00043,Lenovo ThinkPad X1 Carbon Gen 11 32GB 1TB SSD Silver (Refurbished Grade B),Lenovo,Laptop,Refurbished Grade B
P00044,Lenovo ThinkPad X1 Carbon Gen 11 32GB 1TB SSD Silver (Open Box),Lenovo,Laptop,Open Box
P00045,Lenovo ThinkPad X1 Carbon Gen 11 32GB 1TB SSD Grey,Lenovo,Laptop,New
P00046,Lenovo ThinkPad X1 Carbon Gen 11 32GB 1TB SSD Grey (Refurbished Grade A),Lenovo,Laptop,Refurbished Grade A
P00047,Lenovo ThinkPad X1 Carbon Gen 11 32GB 1TB SSD Grey (Refurbished Grade B),Lenovo,Laptop,Refurbished Grade B
P00048,Lenovo ThinkPad X1 Carbon Gen 11 32GB 1TB SSD Grey (Open Box),Lenovo,Laptop,Open Box
P00049,Lenovo ThinkPad X1 Carbon Gen 12 16GB 512GB SSD Black,Lenovo,Laptop,New
P00050,Lenovo ThinkPad X1 Carbon Gen 12 16GB 512GB SSD Black (Refurbished Grade A),Lenovo,Laptop,Refurbished Grade A
P00051,Lenovo ThinkPad X1 Carbon Gen 12 16GB 512GB SSD Black (Refurbished Grade B),Lenovo,Laptop,Refurbished Grade B
P00052,Lenovo ThinkPad X1 Carbon Gen 12 16GB 512GB SSD Black (Open Box),Lenovo,Laptop,Open Box
P00053,Lenovo ThinkPad X1 Carbon Gen 12 16GB 512GB SSD Silver,Lenovo,Laptop,New
P00054,Lenovo ThinkPad X1 Carbon Gen 12 16GB 512GB SSD Silver (Refurbished Grade A),Lenovo,Laptop,Refurbished Grade A
P00055,Lenovo ThinkPad X1 Carbon Gen 12 16GB 512GB SSD Silver (Refurbished Grade B),Lenovo,Laptop,Refurbished Grade B
P00056,Lenovo ThinkPad X1 Carbon Gen 12 16GB 512GB SSD Silver (Open Box),Lenovo,Laptop,Open Box
P00057,Lenovo ThinkPad X1 Carbon Gen 12 16GB 512GB SSD Grey,Lenovo,Laptop,New
P00058,Lenovo ThinkPad X1 Carbon Gen 12 16GB 512GB SSD Grey (Refurbished Grade A),Lenovo,Laptop,Refurbished Grade A
P00059,Lenovo ThinkPad X1 Carbon Gen 12 16GB 512GB SSD Grey (Refurbished Grade B),Lenovo,Laptop,Refurbished Grade B
P00060,Lenovo ThinkPad X1 Carbon Gen 12 16GB 512GB SSD Grey (Open Box),Lenovo,Laptop,Open Box
P00061,Lenovo ThinkPad X1 Carbon Gen 12 16GB 1TB SSD Black,Lenovo,Laptop,New
P00062,Lenovo ThinkPad X1 Carbon Gen 12 16GB 1TB SSD Black (Refurbished Grade A),Lenovo,Laptop,Refurbished Grade A
P00063,Lenovo ThinkPad X1 Carbon Gen 12 16GB 1TB SSD Black (Refurbished Grade B),Lenovo,Laptop,Refurbished Grade B
P00064,Lenovo ThinkPad X1 Carbon Gen 12 16GB 1TB SSD Black (Open Box),Lenovo,Laptop,Open Box
P00065,Lenovo ThinkPad X1 Carbon Gen 12 16GB 1TB SSD Silver,Lenovo,Laptop,New
P00066,Lenovo ThinkPad X1 Carbon Gen 12 16GB 1TB SSD Silver (Refurbished Grade A),Lenovo,Laptop,Refurbished Grade A
P00067,Lenovo ThinkPad X1 Carbon Gen 12 16GB 1TB SSD Silver (Refurbished Grade B),Lenovo,Laptop,Refurbished Grade B
P00068,Lenovo ThinkPad X1 Carbon Gen 12 16GB 1TB SSD Silver (Open Box),Lenovo,Laptop,Open Box
P00069,Lenovo ThinkPad X1 Carbon Gen 12 16GB 1TB SSD Grey,Lenovo,Laptop,New
P00070,Lenovo ThinkPad X1 Carbon Gen 12 16GB 1TB SSD Grey (Refurbished Grade A),Lenovo,Laptop,Refurbished Grade A
P00071,Lenovo ThinkPad X1 Carbon Gen 12 16GB 1TB SSD Grey (Refurbished Grade B),Lenovo,Laptop,Refurbished Grade B
P00072,Lenovo ThinkPad X1 Carbon Gen 12 16GB 1TB SSD Grey (Open Box),Lenovo,Laptop,Open Box
P00073,Lenovo ThinkPad X1 Carbon Gen 12 32GB 512GB SSD Black,Lenovo,Laptop,New
P00074,Lenovo ThinkPad X1 Carbon Gen 12 32GB 512GB SSD Black (Refurbished Grade A),Lenovo,Laptop,Refurbished Grade A
P00075,Lenovo ThinkPad X1 Carbon Gen 12 32GB 512GB SSD Black (Refurbished Grade B),Lenovo,Laptop,Refurbished Grade B
P00076,Lenovo ThinkPad X1 Carbon Gen 12 32GB 512GB SSD Black (Open Box),Lenovo,Laptop,Open Box
P00077,Lenovo ThinkPad X1 Carbon Gen 12 32GB 512GB SSD Silver,Lenovo,Laptop,New
P00078,Lenovo ThinkPad X1 Carbon Gen 12 32GB 512GB SSD Silver (Refurbished Grade A),Lenovo,Laptop,Refurbished Grade A
P00079,Lenovo ThinkPad X1 Carbon Gen 12 32GB 512GB SSD Silver (Refurbished Grade B),Lenovo,Laptop,Refurbished Grade B
P00080,Lenovo ThinkPad X1 Carbon Gen 12 32GB 512GB SSD Silver (Open Box),Lenovo,Laptop,Open Box
P00081,Lenovo ThinkPad X1 Carbon Gen 12 32GB 512GB SSD Grey,Lenovo,Laptop,New
P00082,Lenovo ThinkPad X1 Carbon Gen 12 32GB 512GB SSD Grey (Refurbished Grade A),Lenovo,Laptop,Refurbished Grade A
P00083,Lenovo ThinkPad X1 Carbon Gen 12 32GB 512GB SSD Grey (Refurbished Grade B),Lenovo,Laptop,Refurbished Grade B
P00084,Lenovo ThinkPad X1 Carbon Gen 12 32GB 512GB SSD Grey (Open Box),Lenovo,Laptop,Open Box
P00085,Lenovo ThinkPad X1 Carbon Gen 12 32GB 1TB SSD Black,Lenovo,Laptop,New
P00086,Lenovo ThinkPad X1 Carbon Gen 12 32GB 1TB SSD Black (Refurbished Grade A),Lenovo,Laptop,Refurbished Grade A
P00087,Lenovo ThinkPad X1 Carbon Gen 12 32GB 1TB SSD Black (Refurbished Grade B),Lenovo,Laptop,Refurbished Grade B
P00088,Lenovo ThinkPad X1 Carbon Gen 12 32GB 1TB SSD Black (Open Box),Lenovo,Laptop,Open Box
P00089,Lenovo ThinkPad X1 Carbon Gen 12 32GB 1TB SSD Silver,Lenovo,Laptop,New
P00090,Lenovo ThinkPad X1 Carbon Gen 12 32GB 1TB SSD Silver (Refurbished Grade A),Lenovo,Laptop,Refurbished Grade A
P00091,Lenovo ThinkPad X1 Carbon Gen 12 32GB 1TB SSD Silver (Refurbished Grade B),Lenovo,Laptop,Refurbished Grade B
P00092,Lenovo ThinkPad X1 Carbon Gen 12 32GB 1TB SSD Silver (Open Box),Lenovo,Laptop,Open Box
P00093,Lenovo ThinkPad X1 Carbon Gen 12 32GB 1TB SSD Grey,Lenovo,Laptop,New
P00094,Lenovo ThinkPad X1 Carbon Gen 12 32GB 1TB SSD Grey (Refurbished Grade A),Lenovo,Laptop,Refurbished Grade A
P00095,Lenovo ThinkPad X1 Carbon Gen 12 32GB 1TB SSD Grey (Refurbished Grade B),Lenovo,Laptop,Refurbished Grade B
P00096,Lenovo ThinkPad X1 Carbon Gen 12 32GB 1TB SSD Grey (Open Box),Lenovo,Laptop,Open Box
P00097,Lenovo ThinkPad X1 Carbon Gen 13 16GB 512GB SSD Black,Lenovo,Laptop,New
P00098,Lenovo ThinkPad X1 Carbon Gen 13 16GB 512GB SSD Black (Refurbished Grade A),Lenovo,Laptop,Refurbished Grade A
P00099,Lenovo ThinkPad X1 Carbon Gen 13 16GB 512GB SSD Black (Refurbished Grade B),Lenovo,Laptop,Refurbished Grade B
P00100,Lenovo ThinkPad X1 Carbon Gen 13 16GB 512GB SSD Black (Open Box),Lenovo,Laptop,Open Box
P00101,Lenovo ThinkPad X1 Carbon Gen 13 16GB 512GB SSD Silver,Lenovo,Laptop,New
P00102,Lenovo ThinkPad X1 Carbon Gen 13 16GB 512GB SSD Silver (Refurbished Grade A),Lenovo,Laptop,Refurbished Grade A
P00103,Lenovo ThinkPad X1 Carbon Gen 13 16GB 512GB SSD Silver (Refurbished Grade B),Lenovo,Laptop,Refurbished Grade B
P00104,Lenovo ThinkPad X1 Carbon Gen 13 16GB 512GB SSD Silver (Open Box),Lenovo,Laptop,Open Box
P00105,Lenovo ThinkPad X1 Carbon Gen 13 16GB 512GB SSD Grey,Lenovo,Laptop,New
P00106,Lenovo ThinkPad X1 Carbon Gen 13 16GB 512GB SSD Grey (Refurbished Grade A),Lenovo,Laptop,Refurbished Grade A
P00107,Lenovo ThinkPad X1 Carbon Gen 13 16GB 512GB SSD Grey (Refurbished Grade B),Lenovo,Laptop,Refurbished Grade B
P00108,Lenovo ThinkPad X1 Carbon Gen 13 16GB 512GB SSD Grey (Open Box),Lenovo,Laptop,Open Box
P00109,Lenovo ThinkPad X1 Carbon Gen 13 16GB 1TB SSD Black,Lenovo,Laptop,New
P00110,Lenovo ThinkPad X1 Carbon Gen 13 16GB 1TB SSD Black (Refurbished Grade A),Lenovo,Laptop,Refurbished Grade A
P00111,Lenovo ThinkPad X1 Carbon Gen 13 16GB 1TB SSD Black (Refurbished Grade B),Lenovo,Laptop,Refurbished Grade B
P00112,Lenovo ThinkPad X1 Carbon Gen 13 16GB 1TB SSD Black (Open Box),Lenovo,Laptop,Open Box
P00113,Lenovo ThinkPad X1 Carbon Gen 13 16GB 1TB SSD Silver,Lenovo,Laptop,New
P00114,Lenovo ThinkPad X1 Carbon Gen 13 16GB 1TB SSD Silver (Refurbished Grade A),Lenovo,Laptop,Refurbished Grade A
P00115,Lenovo ThinkPad X1 Carbon Gen 13 16GB 1TB SSD Silver (Refurbished Grade B),Lenovo,Laptop,Refurbished Grade B
P00116,Lenovo ThinkPad X1 Carbon Gen 13 16GB 1TB SSD Silver (Open Box),Lenovo,Laptop,Open Box
P00117,Lenovo ThinkPad X1 Carbon Gen 13 16GB 1TB SSD Grey,Lenovo,Laptop,New
P00118,Lenovo ThinkPad X1 Carbon Gen 13 16GB 1TB SSD Grey (Refurbished Grade A),Lenovo,Laptop,Refurbished Grade A
P00119,Lenovo ThinkPad X1 Carbon Gen 13 16GB 1TB SSD Grey (Refurbished Grade B),Lenovo,Laptop,Refurbished Grade B
P00120,Lenovo ThinkPad X1 Carbon Gen 13 16GB 1TB SSD Grey (Open Box),Lenovo,Laptop,Open Box
P00121,Lenovo ThinkPad X1 Carbon Gen 13 32GB 512GB SSD Black,Lenovo,Laptop,New
P00122,Lenovo ThinkPad X1 Carbon Gen 13 32GB 512GB SSD Black (Refurbished Grade A),Lenovo,Laptop,Refurbished Grade A
P00123,Lenovo ThinkPad X1 Carbon Gen 13 32GB 512GB SSD Black (Refurbished Grade B),Lenovo,Laptop,Refurbished Grade B
P00124,Lenovo ThinkPad X1 Carbon Gen 13 32GB 512GB SSD Black (Open Box),Lenovo,Laptop,Open Box
P00125,Lenovo ThinkPad X1 Carbon Gen 13 32GB 512GB SSD Silver,Lenovo,Laptop,New
P00126,Lenovo ThinkPad X1 Carbon Gen 13 32GB 512GB SSD Silver (Refurbished Grade A),Lenovo,Laptop,Refurbished Grade A
P00127,Lenovo ThinkPad X1 Carbon Gen 13 32GB 512GB SSD Silver (Refurbished Grade B),Lenovo,Laptop,Refurbished Grade B
P00128,Lenovo ThinkPad X1 Carbon Gen 13 32GB 512GB SSD Silver (Open Box),Lenovo,Laptop,Open Box
P00129,Lenovo ThinkPad X1 Carbon Gen 13 32GB 512GB SSD Grey,Lenovo,Laptop,New
P00130,Lenovo ThinkPad X1 Carbon Gen 13 32GB 512GB SSD Grey (Refurbished Grade A),Lenovo,Laptop,Refurbished Grade A
P00131,Lenovo ThinkPad X1 Carbon Gen 13 32GB 512GB SSD Grey (Refurbished Grade B),Lenovo,Laptop,Refurbished Grade B
P00132,Lenovo ThinkPad X1 Carbon Gen 13 32GB 512GB SSD Grey (Open Box),Lenovo,Laptop,Open Box
P00133,Lenovo ThinkPad X1 Carbon Gen 13 32GB 1TB SSD Black,Lenovo,Laptop,New
P00134,Lenovo ThinkPad X1 Carbon Gen 13 32GB 1TB SSD Black (Refurbished Grade A),Lenovo,Laptop,Refurbished Grade A
P00135,Lenovo ThinkPad X1 Carbon Gen 13 32GB 1TB SSD Black (Refurbished Grade B),Lenovo,Laptop,Refurbished Grade B
P00136,Lenovo ThinkPad X1 Carbon Gen 13 32GB 1TB SSD Black (Open Box),Lenovo,Laptop,Open Box
P00137,Lenovo ThinkPad X1 Carbon Gen 13 32GB 1TB SSD Silver,Lenovo,Laptop,New
P00138,Lenovo ThinkPad X1 Carbon Gen 13 32GB 1TB SSD Silver (Refurbished Grade A),Lenovo,Laptop,Refurbished Grade A
P00139,Lenovo ThinkPad X1 Carbon Gen 13 32GB 1TB SSD Silver (Refurbished Grade B),Lenovo,Laptop,Refurbished Grade B
P00140,Lenovo ThinkPad X1 Carbon Gen 13 32GB 1TB SSD Silver (Open Box),Lenovo,Laptop,Open Box
P00141,Lenovo ThinkPad X1 Carbon Gen 13 32GB 1TB SSD Grey,Lenovo,Laptop,New
P00142,Lenovo ThinkPad X1 Carbon Gen 13 32GB 1TB SSD Grey (Refurbished Grade A),Lenovo,Laptop,Refurbished Grade A
P00143,Lenovo ThinkPad X1 Carbon Gen 13 32GB 1TB SSD Grey (Refurbished Grade B),Lenovo,Laptop,Refurbished Grade B
P00144,Lenovo ThinkPad X1 Carbon Gen 13 32GB 1TB SSD Grey (Open Box),Lenovo,Laptop,Open Box
P00145,Lenovo ThinkPad T14 Gen 4 16GB 512GB SSD Black,Lenovo,Laptop,New
P00146,Lenovo ThinkPad T14 Gen 4 16GB 512GB SSD Black (Refurbished Grade A),Lenovo,Laptop,Refurbished Grade A
P00147,Lenovo ThinkPad T14 Gen 4 16GB 512GB SSD Black (Refurbished Grade B),Lenovo,Laptop,Refurbished Grade B
P00148,Lenovo ThinkPad T14 Gen 4 16GB 512GB SSD Black (Open Box),Lenovo,Laptop,Open Box
P00149,Lenovo ThinkPad T14 Gen 4 16GB 512GB SSD Silver,Lenovo,Laptop,New
P00150,Lenovo ThinkPad T14 Gen 4 16GB 512GB SSD Silver (Refurbished Grade A),Lenovo,Laptop,Refurbished Grade A
P00151,Lenovo ThinkPad T14 Gen 4 16GB 512GB SSD Silver (Refurbished Grade B),Lenovo,Laptop,Refurbished Grade B
P00152,Lenovo ThinkPad T14 Gen 4 16GB 512GB SSD Silver (Open Box),Lenovo,Laptop,Open Box
P00153,Lenovo ThinkPad T14 Gen 4 16GB 512GB SSD Grey,Lenovo,Laptop,New
P00154,Lenovo ThinkPad T14 Gen 4 16GB 512GB SSD Grey (Refurbished Grade A),Lenovo,Laptop,Refurbished Grade A
P00155,Lenovo ThinkPad T14 Gen 4 16GB 512GB SSD Grey (Refurbished Grade B),Lenovo,Laptop,Refurbished Grade B
P00156,Lenovo ThinkPad T14 Gen 4 16GB 512GB SSD Grey (Open Box),Lenovo,Laptop,Open Box
P00157,Lenovo ThinkPad T14 Gen 4 16GB 1TB SSD Black,Lenovo,Laptop,New
P00158,Lenovo ThinkPad T14 Gen 4 16GB 1TB SSD Black (Refurbished Grade A),Lenovo,Laptop,Refurbished Grade A
P00159,Lenovo ThinkPad T14 Gen 4 16GB 1TB SSD Black (Refurbished Grade B),Lenovo,Laptop,Refurbished Grade B
P00160,Lenovo ThinkPad T14 Gen 4 16GB 1TB SSD Black (Open Box),Lenovo,Laptop,Open Box
P00161,Lenovo ThinkPad T14 Gen 4 16GB 1TB SSD Silver,Lenovo,Laptop,New
P00162,Lenovo ThinkPad T14 Gen 4 16GB 1TB SSD Silver (Refurbished Grade A),Lenovo,Laptop,Refurbished Grade A
P00163,Lenovo ThinkPad T14 Gen 4 16GB 1TB SSD Silver (Refurbished Grade B),Lenovo,Laptop,Refurbished Grade B
P00164,Lenovo ThinkPad T14 Gen 4 16GB 1TB SSD Silver (Open Box),Lenovo,Laptop,Open Box
P00165,Lenovo ThinkPad T14 Gen 4 16GB 1TB SSD Grey,Lenovo,Laptop,New
P00166,Lenovo ThinkPad T14 Gen 4 16GB 1TB SSD Grey (Refurbished Grade A),Lenovo,Laptop,Refurbished Grade A
P00167,Lenovo ThinkPad T14 Gen 4 16GB 1TB SSD Grey (Refurbished Grade B),Lenovo,Laptop,Refurbished Grade B
P00168,Lenovo ThinkPad T14 Gen 4 16GB 1TB SSD Grey (Open Box),Lenovo,Laptop,Open Box
P00169,Lenovo ThinkPad T14 Gen 4 32GB 512GB SSD Black,Lenovo,Laptop,New
P00170,Lenovo ThinkPad T14 Gen 4 32GB 512GB SSD Black (Refurbished Grade A),Lenovo,Laptop,Refurbished Grade A
P00171,Lenovo ThinkPad T14 Gen 4 32GB 512GB SSD Black (Refurbished Grade B),Lenovo,Laptop,Refurbished Grade B
P00172,Lenovo ThinkPad T14 Gen 4 32GB 512GB SSD Black (Open Box),Lenovo,Laptop,Open Box
P00173,Lenovo ThinkPad T14 Gen 4 32GB 512GB SSD Silver,Lenovo,Laptop,New
P00174,Lenovo ThinkPad T14 Gen 4 32GB 512GB SSD Silver (Refurbished Grade A),Lenovo,Laptop,Refurbished Grade A
P00175,Lenovo ThinkPad T14 Gen 4 32GB 512GB SSD Silver (Refurbished Grade B),Lenovo,Laptop,Refurbished Grade B
P00176,Lenovo ThinkPad T14 Gen 4 32GB 512GB SSD Silver (Open Box),Lenovo,Laptop,Open Box
P00177,Lenovo ThinkPad T14 Gen 4 32GB 512GB SSD Grey,Lenovo,Laptop,New
P00178,Lenovo ThinkPad T14 Gen 4 32GB 512GB SSD Grey (Refurbished Grade A),Lenovo,Laptop,Refurbished Grade A
P00179,Lenovo ThinkPad T14 Gen 4 32GB 512GB SSD Grey (Refurbished Grade B),Lenovo,Laptop,Refurbished Grade B
P00180,Lenovo ThinkPad T14 Gen 4 32GB 512GB SSD Grey (Open Box),Lenovo,Laptop,Open Box
P00181,Lenovo ThinkPad T14 Gen 4 32GB 1TB SSD Black,Lenovo,Laptop,New
P00182,Lenovo ThinkPad T14 Gen 4 32GB 1TB SSD Black (Refurbished Grade A),Lenovo,Laptop,Refurbished Grade A
P00183,Lenovo ThinkPad T14 Gen 4 32GB 1TB SSD Black (Refurbished Grade B),Lenovo,Laptop,Refurbished Grade B
P00184,Lenovo ThinkPad T14 Gen 4 32GB 1TB SSD Black (Open Box),Lenovo,Laptop,Open Box
P00185,Lenovo ThinkPad T14 Gen 4 32GB 1TB SSD Silver,Lenovo,Laptop,New
P00186,Lenovo ThinkPad T14 Gen 4 32GB 1TB SSD Silver (Refurbished Grade A),Lenovo,Laptop,Refurbished Grade A
P00187,Lenovo ThinkPad T14 Gen 4 32GB 1TB SSD Silver (Refurbished Grade B),Lenovo,Laptop,Refurbished Grade B
P00188,Lenovo ThinkPad T14 Gen 4 32GB 1TB SSD Silver (Open Box),Lenovo,Laptop,Open Box
P00189,Lenovo ThinkPad T14 Gen 4 32GB 1TB SSD Grey,Lenovo,Laptop,New
P00190,Lenovo ThinkPad T14 Gen 4 32GB 1TB SSD Grey (Refurbished Grade A),Lenovo,Laptop,Refurbished Grade A
P00191,Lenovo ThinkPad T14 Gen 4 32GB 1TB SSD Grey (Refurbished Grade B),Lenovo,Laptop,Refurbished Grade B
P00192,Lenovo ThinkPad T14 Gen 4 32GB 1TB SSD Grey (Open Box),Lenovo,Laptop,Open Box
P00193,Lenovo ThinkPad T14 Gen 5 16GB 512GB SSD Black,Lenovo,Laptop,New
P00194,Lenovo ThinkPad T14 Gen 5 16GB 512GB SSD Black (Refurbished Grade A),Lenovo,Laptop,Refurbished Grade A
P00195,Lenovo ThinkPad T14 Gen 5 16GB 512GB SSD Black (Refurbished Grade B),Lenovo,Laptop,Refurbished Grade B
P00196,Lenovo ThinkPad T14 Gen 5 16GB 512GB SSD Black (Open Box),Lenovo,Laptop,Open Box
P00197,Lenovo ThinkPad T14 Gen 5 16GB 512GB SSD Silver,Lenovo,Laptop,New
P00198,Lenovo ThinkPad T14 Gen 5 16GB 512GB SSD Silver (Refurbished Grade A),Lenovo,Laptop,Refurbished Grade A
P00199,Lenovo ThinkPad T14 Gen 5 16GB 512GB SSD Silver (Refurbished Grade B),Lenovo,Laptop,Refurbished Grade B
P00200,Lenovo ThinkPad T14 Gen 5 16GB 512GB SSD Silver (Open Box),Lenovo,Laptop,Open Box
P00201,Lenovo ThinkPad T14 Gen 5 16GB 512GB SSD Grey,Lenovo,Laptop,New
P00202,Lenovo ThinkPad T14 Gen 5 16GB 512GB SSD Grey (Refurbished Grade A),Lenovo,Laptop,Refurbished Grade A
P00203,Lenovo ThinkPad T14 Gen 5 16GB 512GB SSD Grey (Refurbished Grade B),Lenovo,Laptop,Refurbished Grade B
P00204,Lenovo ThinkPad T14 Gen 5 16GB 512GB SSD Grey (Open Box),Lenovo,Laptop,Open Box
P00205,Lenovo ThinkPad T14 Gen 5 16GB 1TB SSD Black,Lenovo,Laptop,New
P00206,Lenovo ThinkPad T14 Gen 5 16GB 1TB SSD Black (Refurbished Grade A),Lenovo,Laptop,Refurbished Grade A
P00207,Lenovo ThinkPad T14 Gen 5 16GB 1TB SSD Black (Refurbished Grade B),Lenovo,Laptop,Refurbished Grade B
P00208,Lenovo ThinkPad T14 Gen 5 16GB 1TB SSD Black (Open Box),Lenovo,Laptop,Open Box
P00209,Lenovo ThinkPad T14 Gen 5 16GB 1TB SSD Silver,Lenovo,Laptop,New
P00210,Lenovo ThinkPad T14 Gen 5 16GB 1TB SSD Silver (Refurbished Grade A),Lenovo,Laptop,Refurbished Grade A
P00211,Lenovo ThinkPad T14 Gen 5 16GB 1TB SSD Silver (Refurbished Grade B),Lenovo,Laptop,Refurbished Grade B
P00212,Lenovo ThinkPad T14 Gen 5 16GB 1TB SSD Silver (Open Box),Lenovo,Laptop,Open Box
P00213,Lenovo ThinkPad T14 Gen 5 16GB 1TB SSD Grey,Lenovo,Laptop,New
P00214,Lenovo ThinkPad T14 Gen 5 16GB 1TB SSD Grey (Refurbished Grade A),Lenovo,Laptop,Refurbished Grade A
P00215,Lenovo ThinkPad T14 Gen 5 16GB 1TB SSD Grey (Refurbished Grade B),Lenovo,Laptop,Refurbished Grade B
P00216,Lenovo ThinkPad T14 Gen 5 16GB 1TB SSD Grey (Open Box),Lenovo,Laptop,Open Box
P00217,Lenovo ThinkPad T14 Gen 5 32GB 512GB SSD Black,Lenovo,Laptop,New
P00218,Lenovo ThinkPad T14 Gen 5 32GB 512GB SSD Black (Refurbished Grade A),Lenovo,Laptop,Refurbished Grade A
P00219,Lenovo ThinkPad T14 Gen 5 32GB 512GB SSD Black (Refurbished Grade B),Lenovo,Laptop,Refurbished Grade B
P00220,Lenovo ThinkPad T14 Gen 5 32GB 512GB SSD Black (Open Box),Lenovo,Laptop,Open Box
P00221,Lenovo ThinkPad T14 Gen 5 32GB 512GB SSD Silver,Lenovo,Laptop,New
P00222,Lenovo ThinkPad T14 Gen 5 32GB 512GB SSD Silver (Refurbished Grade A),Lenovo,Laptop,Refurbished Grade A
P00223,Lenovo ThinkPad T14 Gen 5 32GB 512GB SSD Silver (Refurbished Grade B),Lenovo,Laptop,Refurbished Grade B
P00224,Lenovo ThinkPad T14 Gen 5 32GB 512GB SSD Silver (Open Box),Lenovo,Laptop,Open Box
P00225,Lenovo ThinkPad T14 Gen 5 32GB 512GB SSD Grey,Lenovo,Laptop,New
P00226,Lenovo ThinkPad T14 Gen 5 32GB 512GB SSD Grey (Refurbished Grade A),Lenovo,Laptop,Refurbished Grade A
P00227,Lenovo ThinkPad T14 Gen 5 32GB 512GB SSD Grey (Refurbished Grade B),Lenovo,Laptop,Refurbished Grade B
P00228,Lenovo ThinkPad T14 Gen 5 32GB 512GB SSD Grey (Open Box),Lenovo,Laptop,Open Box
P00229,Lenovo ThinkPad T14 Gen 5 32GB 1TB SSD Black,Lenovo,Laptop,New
P00230,Lenovo ThinkPad T14 Gen 5 32GB 1TB SSD Black (Refurbished Grade A),Lenovo,Laptop,Refurbished Grade A
P00231,Lenovo ThinkPad T14 Gen 5 32GB 1TB SSD Black (Refurbished Grade B),Lenovo,Laptop,Refurbished Grade B
P00232,Lenovo ThinkPad T14 Gen 5 32GB 1TB SSD Black (Open Box),Lenovo,Laptop,Open Box
P00233,Lenovo ThinkPad T14 Gen 5 32GB 1TB SSD Silver,Lenovo,Laptop,New
P00234,Lenovo ThinkPad T14 Gen 5 32GB 1TB SSD Silver (Refurbished Grade A),Lenovo,Laptop,Refurbished Grade A
P00235,Lenovo ThinkPad T14 Gen 5 32GB 1TB SSD Silver (Refurbished Grade B),Lenovo,Laptop,Refurbished Grade B
P00236,Lenovo ThinkPad T14 Gen 5 32GB 1TB SSD Silver (Open Box),Lenovo,Laptop,Open Box
P00237,Lenovo ThinkPad T14 Gen 5 32GB 1TB SSD Grey,Lenovo,Laptop,New
P00238,Lenovo ThinkPad T14 Gen 5 32GB 1TB SSD Grey (Refurbished Grade A),Lenovo,Laptop,Refurbished Grade A
P00239,Lenovo ThinkPad T14 Gen 5 32GB 1TB SSD Grey (Refurbished Grade B),Lenovo,Laptop,Refurbished Grade B
P00240,Lenovo ThinkPad T14 Gen 5 32GB 1TB SSD Grey (Open Box),Lenovo,Laptop,Open Box
P00241,Lenovo ThinkPad E14 Gen 6 16GB 512GB SSD Black,Lenovo,Laptop,New
P00242,Lenovo ThinkPad E14 Gen 6 16GB 512GB SSD Black (Refurbished Grade A),Lenovo,Laptop,Refurbished Grade A
P00243,Lenovo ThinkPad E14 Gen 6 16GB 512GB SSD Black (Refurbished Grade B),Lenovo,Laptop,Refurbished Grade B
P00244,Lenovo ThinkPad E14 Gen 6 16GB 512GB SSD Black (Open Box),Lenovo,Laptop,Open Box
P00245,Lenovo ThinkPad E14 Gen 6 16GB 512GB SSD Silver,Lenovo,Laptop,New
P00246,Lenovo ThinkPad E14 Gen 6 16GB 512GB SSD Silver (Refurbished Grade A),Lenovo,Laptop,Refurbished Grade A
P00247,Lenovo ThinkPad E14 Gen 6 16GB 512GB SSD Silver (Refurbished Grade B),Lenovo,Laptop,Refurbished Grade B
P00248,Lenovo ThinkPad E14 Gen 6 16GB 512GB SSD Silver (Open Box),Lenovo,Laptop,Open Box
P00249,Lenovo ThinkPad E14 Gen 6 16GB 512GB SSD Grey,Lenovo,Laptop,New
P00250,Lenovo ThinkPad E14 Gen 6 16GB 512GB SSD Grey (Refurbished Grade A),Lenovo,Laptop,Refurbished Grade A
P00251,Lenovo ThinkPad E14 Gen 6 16GB 512GB SSD Grey (Refurbished Grade B),Lenovo,Laptop,Refurbished Grade B
P00252,Lenovo ThinkPad E14 Gen 6 16GB 512GB SSD Grey (Open Box),Lenovo,Laptop,Open Box
P00253,Lenovo ThinkPad E14 Gen 6 16GB 1TB SSD Black,Lenovo,Laptop,New
P00254,Lenovo ThinkPad E14 Gen 6 16GB 1TB SSD Black (Refurbished Grade A),Lenovo,Laptop,Refurbished Grade A
P00255,Lenovo ThinkPad E14 Gen 6 16GB 1TB SSD Black (Refurbished Grade B),Lenovo,Laptop,Refurbished Grade B
P00256,Lenovo ThinkPad E14 Gen 6 16GB 1TB SSD Black (Open Box),Lenovo,Laptop,Open Box
P00257,Lenovo ThinkPad E14 Gen 6 16GB 1TB SSD Silver,Lenovo,Laptop,New
P00258,Lenovo ThinkPad E14 Gen 6 16GB 1TB SSD Silver (Refurbished Grade A),Lenovo,Laptop,Refurbished Grade A
P00259,Lenovo ThinkPad E14 Gen 6 16GB 1TB SSD Silver (Refurbished Grade B),Lenovo,Laptop,Refurbished Grade B
P00260,Lenovo ThinkPad E14 Gen 6 16GB 1TB SSD Silver (Open Box),Lenovo,Laptop,Open Box
P00261,Lenovo ThinkPad E14 Gen 6 16GB 1TB SSD Grey,Lenovo,Laptop,New
P00262,Lenovo ThinkPad E14 Gen 6 16GB 1TB SSD Grey (Refurbished Grade A),Lenovo,Laptop,Refurbished Grade A
P00263,Lenovo ThinkPad E14 Gen 6 16GB 1TB SSD Grey (Refurbished Grade B),Lenovo,Laptop,Refurbished Grade B
P00264,Lenovo ThinkPad E14 Gen 6 16GB 1TB SSD Grey (Open Box),Lenovo,Laptop,Open Box
P00265,Lenovo ThinkPad E14 Gen 6 32GB 512GB SSD Black,Lenovo,Laptop,New
P00266,Lenovo ThinkPad E14 Gen 6 32GB 512GB SSD Black (Refurbished Grade A),Lenovo,Laptop,Refurbished Grade A
P00267,Lenovo ThinkPad E14 Gen 6 32GB 512GB SSD Black (Refurbished Grade B),Lenovo,Laptop,Refurbished Grade B
P00268,Lenovo ThinkPad E14 Gen 6 32GB 512GB SSD Black (Open Box),Lenovo,Laptop,Open Box
P00269,Lenovo ThinkPad E14 Gen 6 32GB 512GB SSD Silver,Lenovo,Laptop,New
P00270,Lenovo ThinkPad E14 Gen 6 32GB 512GB SSD Silver (Refurbished Grade A),Lenovo,Laptop,Refurbished Grade A
P00271,Lenovo ThinkPad E14 Gen 6 32GB 512GB SSD Silver (Refurbished Grade B),Lenovo,Laptop,Refurbished Grade B
P00272,Lenovo ThinkPad E14 Gen 6 32GB 512GB SSD Silver (Open Box),Lenovo,Laptop,Open Box
P00273,Lenovo ThinkPad E14 Gen 6 32GB 512GB SSD Grey,Lenovo,Laptop,New
P00274,Lenovo ThinkPad E14 Gen 6 32GB 512GB SSD Grey (Refurbished Grade A),Lenovo,Laptop,Refurbished Grade A
P00275,Lenovo ThinkPad E14 Gen 6 32GB 512GB SSD Grey (Refurbished Grade B),Lenovo,Laptop,Refurbished Grade B
P00276,Lenovo ThinkPad E14 Gen 6 32GB 512GB SSD Grey (Open Box),Lenovo,Laptop,Open Box
P00277,Lenovo ThinkPad E14 Gen 6 32GB 1TB SSD Black,Lenovo,Laptop,New
P00278,Lenovo ThinkPad E14 Gen 6 32GB 1TB SSD Black (Refurbished Grade A),Lenovo,Laptop,Refurbished Grade A
P00279,Lenovo ThinkPad E14 Gen 6 32GB 1TB SSD Black (Refurbished Grade B),Lenovo,Laptop,Refurbished Grade B
P00280,Lenovo ThinkPad E14 Gen 6 32GB 1TB SSD Black (Open Box),Lenovo,Laptop,Open Box
P00281,Lenovo ThinkPad E14 Gen 6 32GB 1TB SSD Silver,Lenovo,Laptop,New
P00282,Lenovo ThinkPad E14 Gen 6 32GB 1TB SSD Silver (Refurbished Grade A),Lenovo,Laptop,Refurbished Grade A
P00283,Lenovo ThinkPad E14 Gen 6 32GB 1TB SSD Silver (Refurbished Grade B),Lenovo,Laptop,Refurbished Grade B
P00284,Lenovo ThinkPad E14 Gen 6 32GB 1TB SSD Silver (Open Box),Lenovo,Laptop,Open Box
P00285,Lenovo ThinkPad E14 Gen 6 32GB 1TB SSD Grey,Lenovo,Laptop,New
P00286,Lenovo ThinkPad E14 Gen 6 32GB 1TB SSD Grey (Refurbished Grade A),Lenovo,Laptop,Refurbished Grade A
P00287,Lenovo ThinkPad E14 Gen 6 32GB 1TB SSD Grey (Refurbished Grade B),Lenovo,Laptop,Refurbished Grade B
P00288,Lenovo ThinkPad E14 Gen 6 32GB 1TB SSD Grey (Open Box),Lenovo,Laptop,Open Box
P00289,Lenovo IdeaPad Slim 5 16GB 512GB SSD Black,Lenovo,Laptop,New
P00290,Lenovo IdeaPad Slim 5 16GB 512GB SSD Black (Refurbished Grade A),Lenovo,Laptop,Refurbished Grade A
P00291,Lenovo IdeaPad Slim 5 16GB 512GB SSD Black (Refurbished Grade B),Lenovo,Laptop,Refurbished Grade B
P00292,Lenovo IdeaPad Slim 5 16GB 512GB SSD Black (Open Box),Lenovo,Laptop,Open Box
P00293,Lenovo IdeaPad Slim 5 16GB 512GB SSD Silver,Lenovo,Laptop,New
P00294,Lenovo IdeaPad Slim 5 16GB 512GB SSD Silver (Refurbished Grade A),Lenovo,Laptop,Refurbished Grade A
P00295,Lenovo IdeaPad Slim 5 16GB 512GB SSD Silver (Refurbished Grade B),Lenovo,Laptop,Refurbished Grade B
P00296,Lenovo IdeaPad Slim 5 16GB 512GB SSD Silver (Open Box),Lenovo,Laptop,Open Box
P00297,Lenovo IdeaPad Slim 5 16GB 512GB SSD Grey,Lenovo,Laptop,New
P00298,Lenovo IdeaPad Slim 5 16GB 512GB SSD Grey (Refurbished Grade A),Lenovo,Laptop,Refurbished Grade A
P00299,Lenovo IdeaPad Slim 5 16GB 512GB SSD Grey (Refurbished Grade B),Lenovo,Laptop,Refurbished Grade B
P00300,Lenovo IdeaPad Slim 5 16GB 512GB SSD Grey (Open Box),Lenovo,Laptop,Open Box
P00301,Lenovo IdeaPad Slim 5 16GB 1TB SSD Black,Lenovo,Laptop,New
P00302,Lenovo IdeaPad Slim 5 16GB 1TB SSD Black (Refurbished Grade A),Lenovo,Laptop,Refurbished Grade A
P00303,Lenovo IdeaPad Slim 5 16GB 1TB SSD Black (Refurbished Grade B),Lenovo,Laptop,Refurbished Grade B
P00304,Lenovo IdeaPad Slim 5 16GB 1TB SSD Black (Open Box),Lenovo,Laptop,Open Box
P00305,Lenovo IdeaPad Slim 5 16GB 1TB SSD Silver,Lenovo,Laptop,New
P00306,Lenovo IdeaPad Slim 5 16GB 1TB SSD Silver (Refurbished Grade A),Lenovo,Laptop,Refurbished Grade A
P00307,Lenovo IdeaPad Slim 5 16GB 1TB SSD Silver (Refurbished Grade B),Lenovo,Laptop,Refurbished Grade B
P00308,Lenovo IdeaPad Slim 5 16GB 1TB SSD Silver (Open Box),Lenovo,Laptop,Open Box
P00309,Lenovo IdeaPad Slim 5 16GB 1TB SSD Grey,Lenovo,Laptop,New
P00310,Lenovo IdeaPad Slim 5 16GB 1TB SSD Grey (Refurbished Grade A),Lenovo,Laptop,Refurbished Grade A
P00311,Lenovo IdeaPad Slim 5 16GB 1TB SSD Grey (Refurbished Grade B),Lenovo,Laptop,Refurbished Grade B
P00312,Lenovo IdeaPad Slim 5 16GB 1TB SSD Grey (Open Box),Lenovo,Laptop,Open Box
P00313,Lenovo IdeaPad Slim 5 32GB 512GB SSD Black,Lenovo,Laptop,New
P00314,Lenovo IdeaPad Slim 5 32GB 512GB SSD Black (Refurbished Grade A),Lenovo,Laptop,Refurbished Grade A
P00315,Lenovo IdeaPad Slim 5 32GB 512GB SSD Black (Refurbished Grade B),Lenovo,Laptop,Refurbished Grade B
P00316,Lenovo IdeaPad Slim 5 32GB 512GB SSD Black (Open Box),Lenovo,Laptop,Open Box
P00317,Lenovo IdeaPad Slim 5 32GB 512GB SSD Silver,Lenovo,Laptop,New
P00318,Lenovo IdeaPad Slim 5 32GB 512GB SSD Silver (Refurbished Grade A),Lenovo,Laptop,Refurbished Grade A
P00319,Lenovo IdeaPad Slim 5 32GB 512GB SSD Silver (Refurbished Grade B),Lenovo,Laptop,Refurbished Grade B
P00320,Lenovo IdeaPad Slim 5 32GB 512GB SSD Silver (Open Box),Lenovo,Laptop,Open Box
P00321,Lenovo IdeaPad Slim 5 32GB 512GB SSD Grey,Lenovo,Laptop,New
P00322,Lenovo IdeaPad Slim 5 32GB 512GB SSD Grey (Refurbished Grade A),Lenovo,Laptop,Refurbished Grade A
P00323,Lenovo IdeaPad Slim 5 32GB 512GB SSD Grey (Refurbished Grade B),Lenovo,Laptop,Refurbished Grade B
P00324,Lenovo IdeaPad Slim 5 32GB 512GB SSD Grey (Open Box),Lenovo,Laptop,Open Box
P00325,Lenovo IdeaPad Slim 5 32GB 1TB SSD Black,Lenovo,Laptop,New
P00326,Lenovo IdeaPad Slim 5 32GB 1TB SSD Black (Refurbished Grade A),Lenovo,Laptop,Refurbished Grade A
P00327,Lenovo IdeaPad Slim 5 32GB 1TB SSD Black (Refurbished Grade B),Lenovo,Laptop,Refurbished Grade B
P00328,Lenovo IdeaPad Slim 5 32GB 1TB SSD Black (Open Box),Lenovo,Laptop,Open Box
P00329,Lenovo IdeaPad Slim 5 32GB 1TB SSD Silver,Lenovo,Laptop,New
P00330,Lenovo IdeaPad Slim 5 32GB 1TB SSD Silver (Refurbished Grade A),Lenovo,Laptop,Refurbished Grade A
P00331,Lenovo IdeaPad Slim 5 32GB 1TB SSD Silver (Refurbished Grade B),Lenovo,Laptop,Refurbished Grade B
P00332,Lenovo IdeaPad Slim 5 32GB 1TB SSD Silver (Open Box),Lenovo,Laptop,Open Box
P00333,Lenovo IdeaPad Slim 5 32GB 1TB SSD Grey,Lenovo,Laptop,New
P00334,Lenovo IdeaPad Slim 5 32GB 1TB SSD Grey (Refurbished Grade A),Lenovo,Laptop,Refurbished Grade A
P00335,Lenovo IdeaPad Slim 5 32GB 1TB SSD Grey (Refurbished Grade B),Lenovo,Laptop,Refurbished Grade B
P00336,Lenovo IdeaPad Slim 5 32GB 1TB SSD Grey (Open Box),Lenovo,Laptop,Open Box
P00337,Lenovo Legion 5 Pro 16GB 512GB SSD Black,Lenovo,Laptop,New
P00338,Lenovo Legion 5 Pro 16GB 512GB SSD Black (Refurbished Grade A),Lenovo,Laptop,Refurbished Grade A
P00339,Lenovo Legion 5 Pro 16GB 512GB SSD Black (Refurbished Grade B),Lenovo,Laptop,Refurbished Grade B
P00340,Lenovo Legion 5 Pro 16GB 512GB SSD Black (Open Box),Lenovo,Laptop,Open Box
P00341,Lenovo Legion 5 Pro 16GB 512GB SSD Silver,Lenovo,Laptop,New
P00342,Lenovo Legion 5 Pro 16GB 512GB SSD Silver (Refurbished Grade A),Lenovo,Laptop,Refurbished Grade A
P00343,Lenovo Legion 5 Pro 16GB 512GB SSD Silver (Refurbished Grade B),Lenovo,Laptop,Refurbished Grade B
P00344,Lenovo Legion 5 Pro 16GB 512GB SSD Silver (Open Box),Lenovo,Laptop,Open Box
P00345,Lenovo Legion 5 Pro 16GB 512GB SSD Grey,Lenovo,Laptop,New
P00346,Lenovo Legion 5 Pro 16GB 512GB SSD Grey (Refurbished Grade A),Lenovo,Laptop,Refurbished Grade A
P00347,Lenovo Legion 5 Pro 16GB 512GB SSD Grey (Refurbished Grade B),Lenovo,Laptop,Refurbished Grade B
P00348,Lenovo Legion 5 Pro 16GB 512GB SSD Grey (Open Box),Lenovo,Laptop,Open Box
P00349,Lenovo Legion 5 Pro 16GB 1TB SSD Black,Lenovo,Laptop,New
P00350,Lenovo Legion 5 Pro 16GB 1TB SSD Black (Refurbished Grade A),Lenovo,Laptop,Refurbished Grade A
P00351,Lenovo Legion 5 Pro 16GB 1TB SSD Black (Refurbished Grade B),Lenovo,Laptop,Refurbished Grade B
P00352,Lenovo Legion 5 Pro 16GB 1TB SSD Black (Open Box),Lenovo,Laptop,Open Box
P00353,Lenovo Legion 5 Pro 16GB 1TB SSD Silver,Lenovo,Laptop,New
P00354,Lenovo Legion 5 Pro 16GB 1TB SSD Silver (Refurbished Grade A),Lenovo,Laptop,Refurbished Grade A
P00355,Lenovo Legion 5 Pro 16GB 1TB SSD Silver (Refurbished Grade B),Lenovo,Laptop,Refurbished Grade B
P00356,Lenovo Legion 5 Pro 16GB 1TB SSD Silver (Open Box),Lenovo,Laptop,Open Box
P00357,Lenovo Legion 5 Pro 16GB 1TB SSD Grey,Lenovo,Laptop,New
P00358,Lenovo Legion 5 Pro 16GB 1TB SSD Grey (Refurbished Grade A),Lenovo,Laptop,Refurbished Grade A
P00359,Lenovo Legion 5 Pro 16GB 1TB SSD Grey (Refurbished Grade B),Lenovo,Laptop,Refurbished Grade B
P00360,Lenovo Legion 5 Pro 16GB 1TB SSD Grey (Open Box),Lenovo,Laptop,Open Box
P00361,Lenovo Legion 5 Pro 32GB 512GB SSD Black,Lenovo,Laptop,New
P00362,Lenovo Legion 5 Pro 32GB 512GB SSD Black (Refurbished Grade A),Lenovo,Laptop,Refurbished Grade A
P00363,Lenovo Legion 5 Pro 32GB 512GB SSD Black (Refurbished Grade B),Lenovo,Laptop,Refurbished Grade B
P00364,Lenovo Legion 5 Pro 32GB 512GB SSD Black (Open Box),Lenovo,Laptop,Open Box
P00365,Lenovo Legion 5 Pro 32GB 512GB SSD Silver,Lenovo,Laptop,New
P00366,Lenovo Legion 5 Pro 32GB 512GB SSD Silver (Refurbished Grade A),Lenovo,Laptop,Refurbished Grade A
P00367,Lenovo Legion 5 Pro 32GB 512GB SSD Silver (Refurbished Grade B),Lenovo,Laptop,Refurbished Grade B
P00368,Lenovo Legion 5 Pro 32GB 512GB SSD Silver (Open Box),Lenovo,Laptop,Open Box
P00369,Lenovo Legion 5 Pro 32GB 512GB SSD Grey,Lenovo,Laptop,New
P00370,Lenovo Legion 5 Pro 32GB 512GB SSD Grey (Refurbished Grade A),Lenovo,Laptop,Refurbished Grade A
P00371,Lenovo Legion 5 Pro 32GB 512GB SSD Grey (Refurbished Grade B),Lenovo,Laptop,Refurbished Grade B
P00372,Lenovo Legion 5 Pro 32GB 512GB SSD Grey (Open Box),Lenovo,Laptop,Open Box
P00373,Lenovo Legion 5 Pro 32GB 1TB SSD Black,Lenovo,Laptop,New
P00374,Lenovo Legion 5 Pro 32GB 1TB SSD Black (Refurbished Grade A),Lenovo,Laptop,Refurbished Grade A
P00375,Lenovo Legion 5 Pro 32GB 1TB SSD Black (Refurbished Grade B),Lenovo,Laptop,Refurbished Grade B
P00376,Lenovo Legion 5 Pro 32GB 1TB SSD Black (Open Box),Lenovo,Laptop,Open Box
P00377,Lenovo Legion 5 Pro 32GB 1TB SSD Silver,Lenovo,Laptop,New
P00378,Lenovo Legion 5 Pro 32GB 1TB SSD Silver (Refurbished Grade A),Lenovo,Laptop,Refurbished Grade A
P00379,Lenovo Legion 5 Pro 32GB 1TB SSD Silver (Refurbished Grade B),Lenovo,Laptop,Refurbished Grade B
P00380,Lenovo Legion 5 Pro 32GB 1TB SSD Silver (Open Box),Lenovo,Laptop,Open Box
P00381,Lenovo Legion 5 Pro 32GB 1TB SSD Grey,Lenovo,Laptop,New
P00382,Lenovo Legion 5 Pro 32GB 1TB SSD Grey (Refurbished Grade A),Lenovo,Laptop,Refurbished Grade A
P00383,Lenovo Legion 5 Pro 32GB 1TB SSD Grey (Refurbished Grade B),Lenovo,Laptop,Refurbished Grade B
P00384,Lenovo Legion 5 Pro 32GB 1TB SSD Grey (Open Box),Lenovo,Laptop,Open Box
P00385,Lenovo Yoga 7i 16GB 512GB SSD Black,Lenovo,Laptop,New
P00386,Lenovo Yoga 7i 16GB 512GB SSD Black (Refurbished Grade A),Lenovo,Laptop,Refurbished Grade A
P00387,Lenovo Yoga 7i 16GB 512GB SSD Black (Refurbished Grade B),Lenovo,Laptop,Refurbished Grade B
P00388,Lenovo Yoga 7i 16GB 512GB SSD Black (Open Box),Lenovo,Laptop,Open Box
P00389,Lenovo Yoga 7i 16GB 512GB SSD Silver,Lenovo,Laptop,New
P00390,Lenovo Yoga 7i 16GB 512GB SSD Silver (Refurbished Grade A),Lenovo,Laptop,Refurbished Grade A
P00391,Lenovo Yoga 7i 16GB 512GB SSD Silver (Refurbished Grade B),Lenovo,Laptop,Refurbished Grade B
P00392,Lenovo Yoga 7i 16GB 512GB SSD Silver (Open Box),Lenovo,Laptop,Open Box
P00393,Lenovo Yoga 7i 16GB 512GB SSD Grey,Lenovo,Laptop,New
P00394,Lenovo Yoga 7i 16GB 512GB SSD Grey (Refurbished Grade A),Lenovo,Laptop,Refurbished Grade A
P00395,Lenovo Yoga 7i 16GB 512GB SSD Grey (Refurbished Grade B),Lenovo,Laptop,Refurbished Grade B
P00396,Lenovo Yoga 7i 16GB 512GB SSD Grey (Open Box),Lenovo,Laptop,Open Box
P00397,Lenovo Yoga 7i 16GB 1TB SSD Black,Lenovo,Laptop,New
P00398,Lenovo Yoga 7i 16GB 1TB SSD Black (Refurbished Grade A),Lenovo,Laptop,Refurbished Grade A
P00399,Lenovo Yoga 7i 16GB 1TB SSD Black (Refurbished Grade B),Lenovo,Laptop,Refurbished Grade B
P00400,Lenovo Yoga 7i 16GB 1TB SSD Black (Open Box),Lenovo,Laptop,Open Box
P00401,Lenovo Yoga 7i 16GB 1TB SSD Silver,Lenovo,Laptop,New
P00402,Lenovo Yoga 7i 16GB 1TB SSD Silver (Refurbished Grade A),Lenovo,Laptop,Refurbished Grade A
P00403,Lenovo Yoga 7i 16GB 1TB SSD Silver (Refurbished Grade B),Lenovo,Laptop,Refurbished Grade B
P00404,Lenovo Yoga 7i 16GB 1TB SSD Silver (Open Box),Lenovo,Laptop,Open Box
P00405,Lenovo Yoga 7i 16GB 1TB SSD Grey,Lenovo,Laptop,New
P00406,Lenovo Yoga 7i 16GB 1TB SSD Grey (Refurbished Grade A),Lenovo,Laptop,Refurbished Grade A
P00407,Lenovo Yoga 7i 16GB 1TB SSD Grey (Refurbished Grade B),Lenovo,Laptop,Refurbished Grade B
P00408,Lenovo Yoga 7i 16GB 1TB SSD Grey (Open Box),Lenovo,Laptop,Open Box
P00409,Lenovo Yoga 7i 32GB 512GB SSD Black,Lenovo,Laptop,New
P00410,Lenovo Yoga 7i 32GB 512GB SSD Black (Refurbished Grade A),Lenovo,Laptop,Refurbished Grade A
P00411,Lenovo Yoga 7i 32GB 512GB SSD Black (Refurbished Grade B),Lenovo,Laptop,Refurbished Grade B
P00412,Lenovo Yoga 7i 32GB 512GB SSD Black (Open Box),Lenovo,Laptop,Open Box
P00413,Lenovo Yoga 7i 32GB 512GB SSD Silver,Lenovo,Laptop,New
P00414,Lenovo Yoga 7i 32GB 512GB SSD Silver (Refurbished Grade A),Lenovo,Laptop,Refurbished Grade A
P00415,Lenovo Yoga 7i 32GB 512GB SSD Silver (Refurbished Grade B),Lenovo,Laptop,Refurbished Grade B
P00416,Lenovo Yoga 7i 32GB 512GB SSD Silver (Open Box),Lenovo,Laptop,Open Box
P00417,Lenovo Yoga 7i 32GB 512GB SSD Grey,Lenovo,Laptop,New
P00418,Lenovo Yoga 7i 32GB 512GB SSD Grey (Refurbished Grade A),Lenovo,Laptop,Refurbished Grade A
P00419,Lenovo Yoga 7i 32GB 512GB SSD Grey (Refurbished Grade B),Lenovo,Laptop,Refurbished Grade B
P00420,Lenovo Yoga 7i 32GB 512GB SSD Grey (Open Box),Lenovo,Laptop,Open Box
P00421,Lenovo Yoga 7i 32GB 1TB SSD Black,Lenovo,Laptop,New
P00422,Lenovo Yoga 7i 32GB 1TB SSD Black (Refurbished Grade A),Lenovo,Laptop,Refurbished Grade A
P00423,Lenovo Yoga 7i 32GB 1TB SSD Black (Refurbished Grade B),Lenovo,Laptop,Refurbished Grade B
P00424,Lenovo Yoga 7i 32GB 1TB SSD Black (Open Box),Lenovo,Laptop,Open Box
P00425,Lenovo Yoga 7i 32GB 1TB SSD Silver,Lenovo,Laptop,New
P00426,Lenovo Yoga 7i 32GB 1TB SSD Silver (Refurbished Grade A),Lenovo,Laptop,Refurbished Grade A
P00427,Lenovo Yoga 7i 32GB 1TB SSD Silver (Refurbished Grade B),Lenovo,Laptop,Refurbished Grade B
P00428,Lenovo Yoga 7i 32GB 1TB SSD Silver (Open Box),Lenovo,Laptop,Open Box
P00429,Lenovo Yoga 7i 32GB 1TB SSD Grey,Lenovo,Laptop,New
P00430,Lenovo Yoga 7i 32GB 1TB SSD Grey (Refurbished Grade A),Lenovo,Laptop,Refurbished Grade A
P00431,Lenovo Yoga 7i 32GB 1TB SSD Grey (Refurbished Grade B),Lenovo,Laptop,Refurbished Grade B
P00432,Lenovo Yoga 7i 32GB 1TB SSD Grey (Open Box),Lenovo,Laptop,Open Box
P00433,Dell XPS 13 16GB 512GB SSD Black,Dell,Laptop,New
P00434,Dell XPS 13 16GB 512GB SSD Black (Refurbished Grade A),Dell,Laptop,Refurbished Grade A
P00435,Dell XPS 13 16GB 512GB SSD Black (Refurbished Grade B),Dell,Laptop,Refurbished Grade B
P00436,Dell XPS 13 16GB 512GB SSD Black (Open Box),Dell,Laptop,Open Box
P00437,Dell XPS 13 16GB 512GB SSD Silver,Dell,Laptop,New
P00438,Dell XPS 13 16GB 512GB SSD Silver (Refurbished Grade A),Dell,Laptop,Refurbished Grade A
P00439,Dell XPS 13 16GB 512GB SSD Silver (Refurbished Grade B),Dell,Laptop,Refurbished Grade B
P00440,Dell XPS 13 16GB 512GB SSD Silver (Open Box),Dell,Laptop,Open Box
P00441,Dell XPS 13 16GB 512GB SSD Grey,Dell,Laptop,New
P00442,Dell XPS 13 16GB 512GB SSD Grey (Refurbished Grade A),Dell,Laptop,Refurbished Grade A
P00443,Dell XPS 13 16GB 512GB SSD Grey (Refurbished Grade B),Dell,Laptop,Refurbished Grade B
P00444,Dell XPS 13 16GB 512GB SSD Grey (Open Box),Dell,Laptop,Open Box
P00445,Dell XPS 13 16GB 1TB SSD Black,Dell,Laptop,New
P00446,Dell XPS 13 16GB 1TB SSD Black (Refurbished Grade A),Dell,Laptop,Refurbished Grade A
P00447,Dell XPS 13 16GB 1TB SSD Black (Refurbished Grade B),Dell,Laptop,Refurbished Grade B
P00448,Dell XPS 13 16GB 1TB SSD Black (Open Box),Dell,Laptop,Open Box
P00449,Dell XPS 13 16GB 1TB SSD Silver,Dell,Laptop,New
P00450,Dell XPS 13 16GB 1TB SSD Silver (Refurbished Grade A),Dell,Laptop,Refurbished Grade A
P00451,Dell XPS 13 16GB 1TB SSD Silver (Refurbished Grade B),Dell,Laptop,Refurbished Grade B
P00452,Dell XPS 13 16GB 1TB SSD Silver (Open Box),Dell,Laptop,Open Box
P00453,Dell XPS 13 16GB 1TB SSD Grey,Dell,Laptop,New
P00454,Dell XPS 13 16GB 1TB SSD Grey (Refurbished Grade A),Dell,Laptop,Refurbished Grade A
P00455,Dell XPS 13 16GB 1TB SSD Grey (Refurbished Grade B),Dell,Laptop,Refurbished Grade B
P00456,Dell XPS 13 16GB 1TB SSD Grey (Open Box),Dell,Laptop,Open Box
P00457,Dell XPS 13 32GB 512GB SSD Black,Dell,Laptop,New
P00458,Dell XPS 13 32GB 512GB SSD Black (Refurbished Grade A),Dell,Laptop,Refurbished Grade A
P00459,Dell XPS 13 32GB 512GB SSD Black (Refurbished Grade B),Dell,Laptop,Refurbished Grade B
P00460,Dell XPS 13 32GB 512GB SSD Black (Open Box),Dell,Laptop,Open Box
P00461,Dell XPS 13 32GB 512GB SSD Silver,Dell,Laptop,New
P00462,Dell XPS 13 32GB 512GB SSD Silver (Refurbished Grade A),Dell,Laptop,Refurbished Grade A
P00463,Dell XPS 13 32GB 512GB SSD Silver (Refurbished Grade B),Dell,Laptop,Refurbished Grade B
P00464,Dell XPS 13 32GB 512GB SSD Silver (Open Box),Dell,Laptop,Open Box
P00465,Dell XPS 13 32GB 512GB SSD Grey,Dell,Laptop,New
P00466,Dell XPS 13 32GB 512GB SSD Grey (Refurbished Grade A),Dell,Laptop,Refurbished Grade A
P00467,Dell XPS 13 32GB 512GB SSD Grey (Refurbished Grade B),Dell,Laptop,Refurbished Grade B
P00468,Dell XPS 13 32GB 512GB SSD Grey (Open Box),Dell,Laptop,Open Box
P00469,Dell XPS 13 32GB 1TB SSD Black,Dell,Laptop,New
P00470,Dell XPS 13 32GB 1TB SSD Black (Refurbished Grade A),Dell,Laptop,Refurbished Grade A
P00471,Dell XPS 13 32GB 1TB SSD Black (Refurbished Grade B),Dell,Laptop,Refurbished Grade B
P00472,Dell XPS 13 32GB 1TB SSD Black (Open Box),Dell,Laptop,Open Box
P00473,Dell XPS 13 32GB 1TB SSD Silver,Dell,Laptop,New
P00474,Dell XPS 13 32GB 1TB SSD Silver (Refurbished Grade A),Dell,Laptop,Refurbished Grade A
P00475,Dell XPS 13 32GB 1TB SSD Silver (Refurbished Grade B),Dell,Laptop,Refurbished Grade B
P00476,Dell XPS 13 32GB 1TB SSD Silver (Open Box),Dell,Laptop,Open Box
P00477,Dell XPS 13 32GB 1TB SSD Grey,Dell,Laptop,New
P00478,Dell XPS 13 32GB 1TB SSD Grey (Refurbished Grade A),Dell,Laptop,Refurbished Grade A
P00479,Dell XPS 13 32GB 1TB SSD Grey (Refurbished Grade B),Dell,Laptop,Refurbished Grade B
P00480,Dell XPS 13 32GB 1TB SSD Grey (Open Box),Dell,Laptop,Open Box
P00481,Dell XPS 14 16GB 512GB SSD Black,Dell,Laptop,New
P00482,Dell XPS 14 16GB 512GB SSD Black (Refurbished Grade A),Dell,Laptop,Refurbished Grade A
P00483,Dell XPS 14 16GB 512GB SSD Black (Refurbished Grade B),Dell,Laptop,Refurbished Grade B
P00484,Dell XPS 14 16GB 512GB SSD Black (Open Box),Dell,Laptop,Open Box
P00485,Dell XPS 14 16GB 512GB SSD Silver,Dell,Laptop,New
P00486,Dell XPS 14 16GB 512GB SSD Silver (Refurbished Grade A),Dell,Laptop,Refurbished Grade A
P00487,Dell XPS 14 16GB 512GB SSD Silver (Refurbished Grade B),Dell,Laptop,Refurbished Grade B
P00488,Dell XPS 14 16GB 512GB SSD Silver (Open Box),Dell,Laptop,Open Box
P00489,Dell XPS 14 16GB 512GB SSD Grey,Dell,Laptop,New
P00490,Dell XPS 14 16GB 512GB SSD Grey (Refurbished Grade A),Dell,Laptop,Refurbished Grade A
P00491,Dell XPS 14 16GB 512GB SSD Grey (Refurbished Grade B),Dell,Laptop,Refurbished Grade B
P00492,Dell XPS 14 16GB 512GB SSD Grey (Open Box),Dell,Laptop,Open Box
P00493,Dell XPS 14 16GB 1TB SSD Black,Dell,Laptop,New
P00494,Dell XPS 14 16GB 1TB SSD Black (Refurbished Grade A),Dell,Laptop,Refurbished Grade A
P00495,Dell XPS 14 16GB 1TB SSD Black (Refurbished Grade B),Dell,Laptop,Refurbished Grade B
P00496,Dell XPS 14 16GB 1TB SSD Black (Open Box),Dell,Laptop,Open Box
P00497,Dell XPS 14 16GB 1TB SSD Silver,Dell,Laptop,New
P00498,Dell XPS 14 16GB 1TB SSD Silver (Refurbished Grade A),Dell,Laptop,Refurbished Grade A
P00499,Dell XPS 14 16GB 1TB SSD Silver (Refurbished Grade B),Dell,Laptop,Refurbished Grade B
P00500,Dell XPS 14 16GB 1TB SSD Silver (Open Box),Dell,Laptop,Open Box
P00501,Dell XPS 14 16GB 1TB SSD Grey,Dell,Laptop,New
P00502,Dell XPS 14 16GB 1TB SSD Grey (Refurbished Grade A),Dell,Laptop,Refurbished Grade A
P00503,Dell XPS 14 16GB 1TB SSD Grey (Refurbished Grade B),Dell,Laptop,Refurbished Grade B
P00504,Dell XPS 14 16GB 1TB SSD Grey (Open Box),Dell,Laptop,Open Box
P00505,Dell XPS 14 32GB 512GB SSD Black,Dell,Laptop,New
P00506,Dell XPS 14 32GB 512GB SSD Black (Refurbished Grade A),Dell,Laptop,Refurbished Grade A
P00507,Dell XPS 14 32GB 512GB SSD Black (Refurbished Grade B),Dell,Laptop,Refurbished Grade B
P00508,Dell XPS 14 32GB 512GB SSD Black (Open Box),Dell,Laptop,Open Box
P00509,Dell XPS 14 32GB 512GB SSD Silver,Dell,Laptop,New
P00510,Dell XPS 14 32GB 512GB SSD Silver (Refurbished Grade A),Dell,Laptop,Refurbished Grade A
P00511,Dell XPS 14 32GB 512GB SSD Silver (Refurbished Grade B),Dell,Laptop,Refurbished Grade B
P00512,Dell XPS 14 32GB 512GB SSD Silver (Open Box),Dell,Laptop,Open Box
P00513,Dell XPS 14 32GB 512GB SSD Grey,Dell,Laptop,New
P00514,Dell XPS 14 32GB 512GB SSD Grey (Refurbished Grade A),Dell,Laptop,Refurbished Grade A
P00515,Dell XPS 14 32GB 512GB SSD Grey (Refurbished Grade B),Dell,Laptop,Refurbished Grade B
P00516,Dell XPS 14 32GB 512GB SSD Grey (Open Box),Dell,Laptop,Open Box
P00517,Dell XPS 14 32GB 1TB SSD Black,Dell,Laptop,New
P00518,Dell XPS 14 32GB 1TB SSD Black (Refurbished Grade A),Dell,Laptop,Refurbished Grade A
P00519,Dell XPS 14 32GB 1TB SSD Black (Refurbished Grade B),Dell,Laptop,Refurbished Grade B
P00520,Dell XPS 14 32GB 1TB SSD Black (Open Box),Dell,Laptop,Open Box
P00521,Dell XPS 14 32GB 1TB SSD Silver,Dell,Laptop,New
P00522,Dell XPS 14 32GB 1TB SSD Silver (Refurbished Grade A),Dell,Laptop,Refurbished Grade A
P00523,Dell XPS 14 32GB 1TB SSD Silver (Refurbished Grade B),Dell,Laptop,Refurbished Grade B
P00524,Dell XPS 14 32GB 1TB SSD Silver (Open Box),Dell,Laptop,Open Box
P00525,Dell XPS 14 32GB 1TB SSD Grey,Dell,Laptop,New
P00526,Dell XPS 14 32GB 1TB SSD Grey (Refurbished Grade A),Dell,Laptop,Refurbished Grade A
P00527,Dell XPS 14 32GB 1TB SSD Grey (Refurbished Grade B),Dell,Laptop,Refurbished Grade B
P00528,Dell XPS 14 32GB 1TB SSD Grey (Open Box),Dell,Laptop,Open Box
P00529,Dell XPS 16 16GB 512GB SSD Black,Dell,Laptop,New
P00530,Dell XPS 16 16GB 512GB SSD Black (Refurbished Grade A),Dell,Laptop,Refurbished Grade A
P00531,Dell XPS 16 16GB 512GB SSD Black (Refurbished Grade B),Dell,Laptop,Refurbished Grade B
P00532,Dell XPS 16 16GB 512GB SSD Black (Open Box),Dell,Laptop,Open Box
P00533,Dell XPS 16 16GB 512GB SSD Silver,Dell,Laptop,New
P00534,Dell XPS 16 16GB 512GB SSD Silver (Refurbished Grade A),Dell,Laptop,Refurbished Grade A
P00535,Dell XPS 16 16GB 512GB SSD Silver (Refurbished Grade B),Dell,Laptop,Refurbished Grade B
P00536,Dell XPS 16 16GB 512GB SSD Silver (Open Box),Dell,Laptop,Open Box
P00537,Dell XPS 16 16GB 512GB SSD Grey,Dell,Laptop,New
P00538,Dell XPS 16 16GB 512GB SSD Grey (Refurbished Grade A),Dell,Laptop,Refurbished Grade A
P00539,Dell XPS 16 16GB 512GB SSD Grey (Refurbished Grade B),Dell,Laptop,Refurbished Grade B
P00540,Dell XPS 16 16GB 512GB SSD Grey (Open Box),Dell,Laptop,Open Box
P00541,Dell XPS 16 16GB 1TB SSD Black,Dell,Laptop,New
P00542,Dell XPS 16 16GB 1TB SSD Black (Refurbished Grade A),Dell,Laptop,Refurbished Grade A
P00543,Dell XPS 16 16GB 1TB SSD Black (Refurbished Grade B),Dell,Laptop,Refurbished Grade B
P00544,Dell XPS 16 16GB 1TB SSD Black (Open Box),Dell,Laptop,Open Box
P00545,Dell XPS 16 16GB 1TB SSD Silver,Dell,Laptop,New
P00546,Dell XPS 16 16GB 1TB SSD Silver (Refurbished Grade A),Dell,Laptop,Refurbished Grade A
P00547,Dell XPS 16 16GB 1TB SSD Silver (Refurbished Grade B),Dell,Laptop,Refurbished Grade B
P00548,Dell XPS 16 16GB 1TB SSD Silver (Open Box),Dell,Laptop,Open Box
P00549,Dell XPS 16 16GB 1TB SSD Grey,Dell,Laptop,New
P00550,Dell XPS 16 16GB 1TB SSD Grey (Refurbished Grade A),Dell,Laptop,Refurbished Grade A
P00551,Dell XPS 16 16GB 1TB SSD Grey (Refurbished Grade B),Dell,Laptop,Refurbished Grade B
P00552,Dell XPS 16 16GB 1TB SSD Grey (Open Box),Dell,Laptop,Open Box
P00553,Dell XPS 16 32GB 512GB SSD Black,Dell,Laptop,New
P00554,Dell XPS 16 32GB 512GB SSD Black (Refurbished Grade A),Dell,Laptop,Refurbished Grade A
P00555,Dell XPS 16 32GB 512GB SSD Black (Refurbished Grade B),Dell,Laptop,Refurbished Grade B
P00556,Dell XPS 16 32GB 512GB SSD Black (Open Box),Dell,Laptop,Open Box
P00557,Dell XPS 16 32GB 512GB SSD Silver,Dell,Laptop,New
P00558,Dell XPS 16 32GB 512GB SSD Silver (Refurbished Grade A),Dell,Laptop,Refurbished Grade A
P00559,Dell XPS 16 32GB 512GB SSD Silver (Refurbished Grade B),Dell,Laptop,Refurbished Grade B
P00560,Dell XPS 16 32GB 512GB SSD Silver (Open Box),Dell,Laptop,Open Box
P00561,Dell XPS 16 32GB 512GB SSD Grey,Dell,Laptop,New
P00562,Dell XPS 16 32GB 512GB SSD Grey (Refurbished Grade A),Dell,Laptop,Refurbished Grade A
P00563,Dell XPS 16 32GB 512GB SSD Grey (Refurbished Grade B),Dell,Laptop,Refurbished Grade B
P00564,Dell XPS 16 32GB 512GB SSD Grey (Open Box),Dell,Laptop,Open Box
P00565,Dell XPS 16 32GB 1TB SSD Black,Dell,Laptop,New
P00566,Dell XPS 16 32GB 1TB SSD Black (Refurbished Grade A),Dell,Laptop,Refurbished Grade A
P00567,Dell XPS 16 32GB 1TB SSD Black (Refurbished Grade B),Dell,Laptop,Refurbished Grade B
P00568,Dell XPS 16 32GB 1TB SSD Black (Open Box),Dell,Laptop,Open Box
P00569,Dell XPS 16 32GB 1TB SSD Silver,Dell,Laptop,New
P00570,Dell XPS 16 32GB 1TB SSD Silver (Refurbished Grade A),Dell,Laptop,Refurbished Grade A
P00571,Dell XPS 16 32GB 1TB SSD Silver (Refurbished Grade B),Dell,Laptop,Refurbished Grade B
P00572,Dell XPS 16 32GB 1TB SSD Silver (Open Box),Dell,Laptop,Open Box
P00573,Dell XPS 16 32GB 1TB SSD Grey,Dell,Laptop,New
P00574,Dell XPS 16 32GB 1TB SSD Grey (Refurbished Grade A),Dell,Laptop,Refurbished Grade A
P00575,Dell XPS 16 32GB 1TB SSD Grey (Refurbished Grade B),Dell,Laptop,Refurbished Grade B
P00576,Dell XPS 16 32GB 1TB SSD Grey (Open Box),Dell,Laptop,Open Box
P00577,Dell Latitude 5440 16GB 512GB SSD Black,Dell,Laptop,New
P00578,Dell Latitude 5440 16GB 512GB SSD Black (Refurbished Grade A),Dell,Laptop,Refurbished Grade A
P00579,Dell Latitude 5440 16GB 512GB SSD Black (Refurbished Grade B),Dell,Laptop,Refurbished Grade B
P00580,Dell Latitude 5440 16GB 512GB SSD Black (Open Box),Dell,Laptop,Open Box
P00581,Dell Latitude 5440 16GB 512GB SSD Silver,Dell,Laptop,New
P00582,Dell Latitude 5440 16GB 512GB SSD Silver (Refurbished Grade A),Dell,Laptop,Refurbished Grade A
P00583,Dell Latitude 5440 16GB 512GB SSD Silver (Refurbished Grade B),Dell,Laptop,Refurbished Grade B
P00584,Dell Latitude 5440 16GB 512GB SSD Silver (Open Box),Dell,Laptop,Open Box
P00585,Dell Latitude 5440 16GB 512GB SSD Grey,Dell,Laptop,New
P00586,Dell Latitude 5440 16GB 512GB SSD Grey (Refurbished Grade A),Dell,Laptop,Refurbished Grade A
P00587,Dell Latitude 5440 16GB 512GB SSD Grey (Refurbished Grade B),Dell,Laptop,Refurbished Grade B
P00588,Dell Latitude 5440 16GB 512GB SSD Grey (Open Box),Dell,Laptop,Open Box
P00589,Dell Latitude 5440 16GB 1TB SSD Black,Dell,Laptop,New
P00590,Dell Latitude 5440 16GB 1TB SSD Black (Refurbished Grade A),Dell,Laptop,Refurbished Grade A
P00591,Dell Latitude 5440 16GB 1TB SSD Black (Refurbished Grade B),Dell,Laptop,Refurbished Grade B
P00592,Dell Latitude 5440 16GB 1TB SSD Black (Open Box),Dell,Laptop,Open Box
P00593,Dell Latitude 5440 16GB 1TB SSD Silver,Dell,Laptop,New
P00594,Dell Latitude 5440 16GB 1TB SSD Silver (Refurbished Grade A),Dell,Laptop,Refurbished Grade A
P00595,Dell Latitude 5440 16GB 1TB SSD Silver (Refurbished Grade B),Dell,Laptop,Refurbished Grade B
P00596,Dell Latitude 5440 16GB 1TB SSD Silver (Open Box),Dell,Laptop,Open Box
P00597,Dell Latitude 5440 16GB 1TB SSD Grey,Dell,Laptop,New
P00598,Dell Latitude 5440 16GB 1TB SSD Grey (Refurbished Grade A),Dell,Laptop,Refurbished Grade A
P00599,Dell Latitude 5440 16GB 1TB SSD Grey (Refurbished Grade B),Dell,Laptop,Refurbished Grade B
P00600,Dell Latitude 5440 16GB 1TB SSD Grey (Open Box),Dell,Laptop,Open Box
P00601,Dell Latitude 5440 32GB 512GB SSD Black,Dell,Laptop,New
P00602,Dell Latitude 5440 32GB 512GB SSD Black (Refurbished Grade A),Dell,Laptop,Refurbished Grade A
P00603,Dell Latitude 5440 32GB 512GB SSD Black (Refurbished Grade B),Dell,Laptop,Refurbished Grade B
P00604,Dell Latitude 5440 32GB 512GB SSD Black (Open Box),Dell,Laptop,Open Box
P00605,Dell Latitude 5440 32GB 512GB SSD Silver,Dell,Laptop,New
P00606,Dell Latitude 5440 32GB 512GB SSD Silver (Refurbished Grade A),Dell,Laptop,Refurbished Grade A
P00607,Dell Latitude 5440 32GB 512GB SSD Silver (Refurbished Grade B),Dell,Laptop,Refurbished Grade B
P00608,Dell Latitude 5440 32GB 512GB SSD Silver (Open Box),Dell,Laptop,Open Box
P00609,Dell Latitude 5440 32GB 512GB SSD Grey,Dell,Laptop,New
P00610,Dell Latitude 5440 32GB 512GB SSD Grey (Refurbished Grade A),Dell,Laptop,Refurbished Grade A
P00611,Dell Latitude 5440 32GB 512GB SSD Grey (Refurbished Grade B),Dell,Laptop,Refurbished Grade B
P00612,Dell Latitude 5440 32GB 512GB SSD Grey (Open Box),Dell,Laptop,Open Box
P00613,Dell Latitude 5440 32GB 1TB SSD Black,Dell,Laptop,New
P00614,Dell Latitude 5440 32GB 1TB SSD Black (Refurbished Grade A),Dell,Laptop,Refurbished Grade A
P00615,Dell Latitude 5440 32GB 1TB SSD Black (Refurbished Grade B),Dell,Laptop,Refurbished Grade B
P00616,Dell Latitude 5440 32GB 1TB SSD Black (Open Box),Dell,Laptop,Open Box
P00617,Dell Latitude 5440 32GB 1TB SSD Silver,Dell,Laptop,New
P00618,Dell Latitude 5440 32GB 1TB SSD Silver (Refurbished Grade A),Dell,Laptop,Refurbished Grade A
P00619,Dell Latitude 5440 32GB 1TB SSD Silver (Refurbished Grade B),Dell,Laptop,Refurbished Grade B
P00620,Dell Latitude 5440 32GB 1TB SSD Silver (Open Box),Dell,Laptop,Open Box
P00621,Dell Latitude 5440 32GB 1TB SSD Grey,Dell,Laptop,New
P00622,Dell Latitude 5440 32GB 1TB SSD Grey (Refurbished Grade A),Dell,Laptop,Refurbished Grade A
P00623,Dell Latitude 5440 32GB 1TB SSD Grey (Refurbished Grade B),Dell,Laptop,Refurbished Grade B
P00624,Dell Latitude 5440 32GB 1TB SSD Grey (Open Box),Dell,Laptop,Open Box
P00625,Dell Latitude 7440 16GB 512GB SSD Black,Dell,Laptop,New
P00626,Dell Latitude 7440 16GB 512GB SSD Black (Refurbished Grade A),Dell,Laptop,Refurbished Grade A
P00627,Dell Latitude 7440 16GB 512GB SSD Black (Refurbished Grade B),Dell,Laptop,Refurbished Grade B
P00628,Dell Latitude 7440 16GB 512GB SSD Black (Open Box),Dell,Laptop,Open Box
P00629,Dell Latitude 7440 16GB 512GB SSD Silver,Dell,Laptop,New
P00630,Dell Latitude 7440 16GB 512GB SSD Silver (Refurbished Grade A),Dell,Laptop,Refurbished Grade A
P00631,Dell Latitude 7440 16GB 512GB SSD Silver (Refurbished Grade B),Dell,Laptop,Refurbished Grade B
P00632,Dell Latitude 7440 16GB 512GB SSD Silver (Open Box),Dell,Laptop,Open Box
P00633,Dell Latitude 7440 16GB 512GB SSD Grey,Dell,Laptop,New
P00634,Dell Latitude 7440 16GB 512GB SSD Grey (Refurbished Grade A),Dell,Laptop,Refurbished Grade A
P00635,Dell Latitude 7440 16GB 512GB SSD Grey (Refurbished Grade B),Dell,Laptop,Refurbished Grade B
P00636,Dell Latitude 7440 16GB 512GB SSD Grey (Open Box),Dell,Laptop,Open Box
P00637,Dell Latitude 7440 16GB 1TB SSD Black,Dell,Laptop,New
P00638,Dell Latitude 7440 16GB 1TB SSD Black (Refurbished Grade A),Dell,Laptop,Refurbished Grade A
P00639,Dell Latitude 7440 16GB 1TB SSD Black (Refurbished Grade B),Dell,Laptop,Refurbished Grade B
P00640,Dell Latitude 7440 16GB 1TB SSD Black (Open Box),Dell,Laptop,Open Box
P00641,Dell Latitude 7440 16GB 1TB SSD Silver,Dell,Laptop,New
P00642,Dell Latitude 7440 16GB 1TB SSD Silver (Refurbished Grade A),Dell,Laptop,Refurbished Grade A
P00643,Dell Latitude 7440 16GB 1TB SSD Silver (Refurbished Grade B),Dell,Laptop,Refurbished Grade B
P00644,Dell Latitude 7440 16GB 1TB SSD Silver (Open Box),Dell,Laptop,Open Box
P00645,Dell Latitude 7440 16GB 1TB SSD Grey,Dell,Laptop,New
P00646,Dell Latitude 7440 16GB 1TB SSD Grey (Refurbished Grade A),Dell,Laptop,Refurbished Grade A
P00647,Dell Latitude 7440 16GB 1TB SSD Grey (Refurbished Grade B),Dell,Laptop,Refurbished Grade B
P00648,Dell Latitude 7440 16GB 1TB SSD Grey (Open Box),Dell,Laptop,Open Box
P00649,Dell Latitude 7440 32GB 512GB SSD Black,Dell,Laptop,New
P00650,Dell Latitude 7440 32GB 512GB SSD Black (Refurbished Grade A),Dell,Laptop,Refurbished Grade A
P00651,Dell Latitude 7440 32GB 512GB SSD Black (Refurbished Grade B),Dell,Laptop,Refurbished Grade B
P00652,Dell Latitude 7440 32GB 512GB SSD Black (Open Box),Dell,Laptop,Open Box
P00653,Dell Latitude 7440 32GB 512GB SSD Silver,Dell,Laptop,New
P00654,Dell Latitude 7440 32GB 512GB SSD Silver (Refurbished Grade A),Dell,Laptop,Refurbished Grade A
P00655,Dell Latitude 7440 32GB 512GB SSD Silver (Refurbished Grade B),Dell,Laptop,Refurbished Grade B
P00656,Dell Latitude 7440 32GB 512GB SSD Silver (Open Box),Dell,Laptop,Open Box
P00657,Dell Latitude 7440 32GB 512GB SSD Grey,Dell,Laptop,New
P00658,Dell Latitude 7440 32GB 512GB SSD Grey (Refurbished Grade A),Dell,Laptop,Refurbished Grade A
P00659,Dell Latitude 7440 32GB 512GB SSD Grey (Refurbished Grade B),Dell,Laptop,Refurbished Grade B
P00660,Dell Latitude 7440 32GB 512GB SSD Grey (Open Box),Dell,Laptop,Open Box
P00661,Dell Latitude 7440 32GB 1TB SSD Black,Dell,Laptop,New
P00662,Dell Latitude 7440 32GB 1TB SSD Black (Refurbished Grade A),Dell,Laptop,Refurbished Grade A
P00663,Dell Latitude 7440 32GB 1TB SSD Black (Refurbished Grade B),Dell,Laptop,Refurbished Grade B
P00664,Dell Latitude 7440 32GB 1TB SSD Black (Open Box),Dell,Laptop,Open Box
P00665,Dell Latitude 7440 32GB 1TB SSD Silver,Dell,Laptop,New
P00666,Dell Latitude 7440 32GB 1TB SSD Silver (Refurbished Grade A),Dell,Laptop,Refurbished Grade A
P00667,Dell Latitude 7440 32GB 1TB SSD Silver (Refurbished Grade B),Dell,Laptop,Refurbished Grade B
P00668,Dell Latitude 7440 32GB 1TB SSD Silver (Open Box),Dell,Laptop,Open Box
P00669,Dell Latitude 7440 32GB 1TB SSD Grey,Dell,Laptop,New
P00670,Dell Latitude 7440 32GB 1TB SSD Grey (Refurbished Grade A),Dell,Laptop,Refurbished Grade A
P00671,Dell Latitude 7440 32GB 1TB SSD Grey (Refurbished Grade B),Dell,Laptop,Refurbished Grade B
P00672,Dell Latitude 7440 32GB 1TB SSD Grey (Open Box),Dell,Laptop,Open Box
P00673,Dell Inspiron 15 16GB 512GB SSD Black,Dell,Laptop,New
P00674,Dell Inspiron 15 16GB 512GB SSD Black (Refurbished Grade A),Dell,Laptop,Refurbished Grade A
P00675,Dell Inspiron 15 16GB 512GB SSD Black (Refurbished Grade B),Dell,Laptop,Refurbished Grade B
P00676,Dell Inspiron 15 16GB 512GB SSD Black (Open Box),Dell,Laptop,Open Box
P00677,Dell Inspiron 15 16GB 512GB SSD Silver,Dell,Laptop,New
P00678,Dell Inspiron 15 16GB 512GB SSD Silver (Refurbished Grade A),Dell,Laptop,Refurbished Grade A
P00679,Dell Inspiron 15 16GB 512GB SSD Silver (Refurbished Grade B),Dell,Laptop,Refurbished Grade B
P00680,Dell Inspiron 15 16GB 512GB SSD Silver (Open Box),Dell,Laptop,Open Box
P00681,Dell Inspiron 15 16GB 512GB SSD Grey,Dell,Laptop,New
P00682,Dell Inspiron 15 16GB 512GB SSD Grey (Refurbished Grade A),Dell,Laptop,Refurbished Grade A
P00683,Dell Inspiron 15 16GB 512GB SSD Grey (Refurbished Grade B),Dell,Laptop,Refurbished Grade B
P00684,Dell Inspiron 15 16GB 512GB SSD Grey (Open Box),Dell,Laptop,Open Box
P00685,Dell Inspiron 15 16GB 1TB SSD Black,Dell,Laptop,New
P00686,Dell Inspiron 15 16GB 1TB SSD Black (Refurbished Grade A),Dell,Laptop,Refurbished Grade A
P00687,Dell Inspiron 15 16GB 1TB SSD Black (Refurbished Grade B),Dell,Laptop,Refurbished Grade B
P00688,Dell Inspiron 15 16GB 1TB SSD Black (Open Box),Dell,Laptop,Open Box
P00689,Dell Inspiron 15 16GB 1TB SSD Silver,Dell,Laptop,New
P00690,Dell Inspiron 15 16GB 1TB SSD Silver (Refurbished Grade A),Dell,Laptop,Refurbished Grade A
P00691,Dell Inspiron 15 16GB 1TB SSD Silver (Refurbished Grade B),Dell,Laptop,Refurbished Grade B
P00692,Dell Inspiron 15 16GB 1TB SSD Silver (Open Box),Dell,Laptop,Open Box
P00693,Dell Inspiron 15 16GB 1TB SSD Grey,Dell,Laptop,New
P00694,Dell Inspiron 15 16GB 1TB SSD Grey (Refurbished Grade A),Dell,Laptop,Refurbished Grade A
P00695,Dell Inspiron 15 16GB 1TB SSD Grey (Refurbished Grade B),Dell,Laptop,Refurbished Grade B
P00696,Dell Inspiron 15 16GB 1TB SSD Grey (Open Box),Dell,Laptop,Open Box
P00697,Dell Inspiron 15 32GB 512GB SSD Black,Dell,Laptop,New
P00698,Dell Inspiron 15 32GB 512GB SSD Black (Refurbished Grade A),Dell,Laptop,Refurbished Grade A
P00699,Dell Inspiron 15 32GB 512GB SSD Black (Refurbished Grade B),Dell,Laptop,Refurbished Grade B
P00700,Dell Inspiron 15 32GB 512GB SSD Black (Open Box),Dell,Laptop,Open Box
P00701,Dell Inspiron 15 32GB 512GB SSD Silver,Dell,Laptop,New
P00702,Dell Inspiron 15 32GB 512GB SSD Silver (Refurbished Grade A),Dell,Laptop,Refurbished Grade A
P00703,Dell Inspiron 15 32GB 512GB SSD Silver (Refurbished Grade B),Dell,Laptop,Refurbished Grade B
P00704,Dell Inspiron 15 32GB 512GB SSD Silver (Open Box),Dell,Laptop,Open Box
P00705,Dell Inspiron 15 32GB 512GB SSD Grey,Dell,Laptop,New
P00706,Dell Inspiron 15 32GB 512GB SSD Grey (Refurbished Grade A),Dell,Laptop,Refurbished Grade A
P00707,Dell Inspiron 15 32GB 512GB SSD Grey (Refurbished Grade B),Dell,Laptop,Refurbished Grade B
P00708,Dell Inspiron 15 32GB 512GB SSD Grey (Open Box),Dell,Laptop,Open Box
P00709,Dell Inspiron 15 32GB 1TB SSD Black,Dell,Laptop,New
P00710,Dell Inspiron 15 32GB 1TB SSD Black (Refurbished Grade A),Dell,Laptop,Refurbished Grade A
P00711,Dell Inspiron 15 32GB 1TB SSD Black (Refurbished Grade B),Dell,Laptop,Refurbished Grade B
P00712,Dell Inspiron 15 32GB 1TB SSD Black (Open Box),Dell,Laptop,Open Box
P00713,Dell Inspiron 15 32GB 1TB SSD Silver,Dell,Laptop,New
P00714,Dell Inspiron 15 32GB 1TB SSD Silver (Refurbished Grade A),Dell,Laptop,Refurbished Grade A
P00715,Dell Inspiron 15 32GB 1TB SSD Silver (Refurbished Grade B),Dell,Laptop,Refurbished Grade B
P00716,Dell Inspiron 15 32GB 1TB SSD Silver (Open Box),Dell,Laptop,Open Box
P00717,Dell Inspiron 15 32GB 1TB SSD Grey,Dell,Laptop,New
P00718,Dell Inspiron 15 32GB 1TB SSD Grey (Refurbished Grade A),Dell,Laptop,Refurbished Grade A
P00719,Dell Inspiron 15 32GB 1TB SSD Grey (Refurbished Grade B),Dell,Laptop,Refurbished Grade B
P00720,Dell Inspiron 15 32GB 1TB SSD Grey (Open Box),Dell,Laptop,Open Box
P00721,Dell Precision 3581 16GB 512GB SSD Black,Dell,Laptop,New
P00722,Dell Precision 3581 16GB 512GB SSD Black (Refurbished Grade A),Dell,Laptop,Refurbished Grade A
P00723,Dell Precision 3581 16GB 512GB SSD Black (Refurbished Grade B),Dell,Laptop,Refurbished Grade B
P00724,Dell Precision 3581 16GB 512GB SSD Black (Open Box),Dell,Laptop,Open Box
P00725,Dell Precision 3581 16GB 512GB SSD Silver,Dell,Laptop,New
P00726,Dell Precision 3581 16GB 512GB SSD Silver (Refurbished Grade A),Dell,Laptop,Refurbished Grade A
P00727,Dell Precision 3581 16GB 512GB SSD Silver (Refurbished Grade B),Dell,Laptop,Refurbished Grade B
P00728,Dell Precision 3581 16GB 512GB SSD Silver (Open Box),Dell,Laptop,Open Box
P00729,Dell Precision 3581 16GB 512GB SSD Grey,Dell,Laptop,New
P00730,Dell Precision 3581 16GB 512GB SSD Grey (Refurbished Grade A),Dell,Laptop,Refurbished Grade A
P00731,Dell Precision 3581 16GB 512GB SSD Grey (Refurbished Grade B),Dell,Laptop,Refurbished Grade B
P00732,Dell Precision 3581 16GB 512GB SSD Grey (Open Box),Dell,Laptop,Open Box
P00733,Dell Precision 3581 16GB 1TB SSD Black,Dell,Laptop,New
P00734,Dell Precision 3581 16GB 1TB SSD Black (Refurbished Grade A),Dell,Laptop,Refurbished Grade A
P00735,Dell Precision 3581 16GB 1TB SSD Black (Refurbished Grade B),Dell,Laptop,Refurbished Grade B
P00736,Dell Precision 3581 16GB 1TB SSD Black (Open Box),Dell,Laptop,Open Box
P00737,Dell Precision 3581 16GB 1TB SSD Silver,Dell,Laptop,New
P00738,Dell Precision 3581 16GB 1TB SSD Silver (Refurbished Grade A),Dell,Laptop,Refurbished Grade A
P00739,Dell Precision 3581 16GB 1TB SSD Silver (Refurbished Grade B),Dell,Laptop,Refurbished Grade B
P00740,Dell Precision 3581 16GB 1TB SSD Silver (Open Box),Dell,Laptop,Open Box
P00741,Dell Precision 3581 16GB 1TB SSD Grey,Dell,Laptop,New
P00742,Dell Precision 3581 16GB 1TB SSD Grey (Refurbished Grade A),Dell,Laptop,Refurbished Grade A
P00743,Dell Precision 3581 16GB 1TB SSD Grey (Refurbished Grade B),Dell,Laptop,Refurbished Grade B
P00744,Dell Precision 3581 16GB 1TB SSD Grey (Open Box),Dell,Laptop,Open Box
P00745,Dell Precision 3581 32GB 512GB SSD Black,Dell,Laptop,New
P00746,Dell Precision 3581 32GB 512GB SSD Black (Refurbished Grade A),Dell,Laptop,Refurbished Grade A
P00747,Dell Precision 3581 32GB 512GB SSD Black (Refurbished Grade B),Dell,Laptop,Refurbished Grade B
P00748,Dell Precision 3581 32GB 512GB SSD Black (Open Box),Dell,Laptop,Open Box
P00749,Dell Precision 3581 32GB 512GB SSD Silver,Dell,Laptop,New
P00750,Dell Precision 3581 32GB 512GB SSD Silver (Refurbished Grade A),Dell,Laptop,Refurbished Grade A
P00751,Dell Precision 3581 32GB 512GB SSD Silver (Refurbished Grade B),Dell,Laptop,Refurbished Grade B
P00752,Dell Precision 3581 32GB 512GB SSD Silver (Open Box),Dell,Laptop,Open Box
P00753,Dell Precision 3581 32GB 512GB SSD Grey,Dell,Laptop,New
P00754,Dell Precision 3581 32GB 512GB SSD Grey (Refurbished Grade A),Dell,Laptop,Refurbished Grade A
P00755,Dell Precision 3581 32GB 512GB SSD Grey (Refurbished Grade B),Dell,Laptop,Refurbished Grade B
P00756,Dell Precision 3581 32GB 512GB SSD Grey (Open Box),Dell,Laptop,Open Box
P00757,Dell Precision 3581 32GB 1TB SSD Black,Dell,Laptop,New
P00758,Dell Precision 3581 32GB 1TB SSD Black (Refurbished Grade A),Dell,Laptop,Refurbished Grade A
P00759,Dell Precision 3581 32GB 1TB SSD Black (Refurbished Grade B),Dell,Laptop,Refurbished Grade B
P00760,Dell Precision 3581 32GB 1TB SSD Black (Open Box),Dell,Laptop,Open Box
P00761,Dell Precision 3581 32GB 1TB SSD Silver,Dell,Laptop,New
P00762,Dell Precision 3581 32GB 1TB SSD Silver (Refurbished Grade A),Dell,Laptop,Refurbished Grade A
P00763,Dell Precision 3581 32GB 1TB SSD Silver (Refurbished Grade B),Dell,Laptop,Refurbished Grade B
P00764,Dell Precision 3581 32GB 1TB SSD Silver (Open Box),Dell,Laptop,Open Box
P00765,Dell Precision 3581 32GB 1TB SSD Grey,Dell,Laptop,New
P00766,Dell Precision 3581 32GB 1TB SSD Grey (Refurbished Grade A),Dell,Laptop,Refurbished Grade A
P00767,Dell Precision 3581 32GB 1TB SSD Grey (Refurbished Grade B),Dell,Laptop,Refurbished Grade B
P00768,Dell Precision 3581 32GB 1TB SSD Grey (Open Box),Dell,Laptop,Open Box
P00769,HP EliteBook 840 G10 16GB 512GB SSD Black,HP,Laptop,New
P00770,HP EliteBook 840 G10 16GB 512GB SSD Black (Refurbished Grade A),HP,Laptop,Refurbished Grade A
P00771,HP EliteBook 840 G10 16GB 512GB SSD Black (Refurbished Grade B),HP,Laptop,Refurbished Grade B
P00772,HP EliteBook 840 G10 16GB 512GB SSD Black (Open Box),HP,Laptop,Open Box
P00773,HP EliteBook 840 G10 16GB 512GB SSD Silver,HP,Laptop,New
P00774,HP EliteBook 840 G10 16GB 512GB SSD Silver (Refurbished Grade A),HP,Laptop,Refurbished Grade A
P00775,HP EliteBook 840 G10 16GB 512GB SSD Silver (Refurbished Grade B),HP,Laptop,Refurbished Grade B
P00776,HP EliteBook 840 G10 16GB 512GB SSD Silver (Open Box),HP,Laptop,Open Box
P00777,HP EliteBook 840 G10 16GB 512GB SSD Grey,HP,Laptop,New
P00778,HP EliteBook 840 G10 16GB 512GB SSD Grey (Refurbished Grade A),HP,Laptop,Refurbished Grade A
P00779,HP EliteBook 840 G10 16GB 512GB SSD Grey (Refurbished Grade B),HP,Laptop,Refurbished Grade B
P00780,HP EliteBook 840 G10 16GB 512GB SSD Grey (Open Box),HP,Laptop,Open Box
P00781,HP EliteBook 840 G10 16GB 1TB SSD Black,HP,Laptop,New
P00782,HP EliteBook 840 G10 16GB 1TB SSD Black (Refurbished Grade A),HP,Laptop,Refurbished Grade A
P00783,HP EliteBook 840 G10 16GB 1TB SSD Black (Refurbished Grade B),HP,Laptop,Refurbished Grade B
P00784,HP EliteBook 840 G10 16GB 1TB SSD Black (Open Box),HP,Laptop,Open Box
P00785,HP EliteBook 840 G10 16GB 1TB SSD Silver,HP,Laptop,New
P00786,HP EliteBook 840 G10 16GB 1TB SSD Silver (Refurbished Grade A),HP,Laptop,Refurbished Grade A
P00787,HP EliteBook 840 G10 16GB 1TB SSD Silver (Refurbished Grade B),HP,Laptop,Refurbished Grade B
P00788,HP EliteBook 840 G10 16GB 1TB SSD Silver (Open Box),HP,Laptop,Open Box
P00789,HP EliteBook 840 G10 16GB 1TB SSD Grey,HP,Laptop,New
P00790,HP EliteBook 840 G10 16GB 1TB SSD Grey (Refurbished Grade A),HP,Laptop,Refurbished Grade A
P00791,HP EliteBook 840 G10 16GB 1TB SSD Grey (Refurbished Grade B),HP,Laptop,Refurbished Grade B
P00792,HP EliteBook 840 G10 16GB 1TB SSD Grey (Open Box),HP,Laptop,Open Box
P00793,HP EliteBook 840 G10 32GB 512GB SSD Black,HP,Laptop,New
P00794,HP EliteBook 840 G10 32GB 512GB SSD Black (Refurbished Grade A),HP,Laptop,Refurbished Grade A
P00795,HP EliteBook 840 G10 32GB 512GB SSD Black (Refurbished Grade B),HP,Laptop,Refurbished Grade B
P00796,HP EliteBook 840 G10 32GB 512GB SSD Black (Open Box),HP,Laptop,Open Box
P00797,HP EliteBook 840 G10 32GB 512GB SSD Silver,HP,Laptop,New
P00798,HP EliteBook 840 G10 32GB 512GB SSD Silver (Refurbished Grade A),HP,Laptop,Refurbished Grade A
P00799,HP EliteBook 840 G10 32GB 512GB SSD Silver (Refurbished Grade B),HP,Laptop,Refurbished Grade B
P00800,HP EliteBook 840 G10 32GB 512GB SSD Silver (Open Box),HP,Laptop,Open Box
P00801,HP EliteBook 840 G10 32GB 512GB SSD Grey,HP,Laptop,New
P00802,HP EliteBook 840 G10 32GB 512GB SSD Grey (Refurbished Grade A),HP,Laptop,Refurbished Grade A
P00803,HP EliteBook 840 G10 32GB 512GB SSD Grey (Refurbished Grade B),HP,Laptop,Refurbished Grade B
P00804,HP EliteBook 840 G10 32GB 512GB SSD Grey (Open Box),HP,Laptop,Open Box
P00805,HP EliteBook 840 G10 32GB 1TB SSD Black,HP,Laptop,New
P00806,HP EliteBook 840 G10 32GB 1TB SSD Black (Refurbished Grade A),HP,Laptop,Refurbished Grade A
P00807,HP EliteBook 840 G10 32GB 1TB SSD Black (Refurbished Grade B),HP,Laptop,Refurbished Grade B
P00808,HP EliteBook 840 G10 32GB 1TB SSD Black (Open Box),HP,Laptop,Open Box
P00809,HP EliteBook 840 G10 32GB 1TB SSD Silver,HP,Laptop,New
P00810,HP EliteBook 840 G10 32GB 1TB SSD Silver (Refurbished Grade A),HP,Laptop,Refurbished Grade A
P00811,HP EliteBook 840 G10 32GB 1TB SSD Silver (Refurbished Grade B),HP,Laptop,Refurbished Grade B
P00812,HP EliteBook 840 G10 32GB 1TB SSD Silver (Open Box),HP,Laptop,Open Box
P00813,HP EliteBook 840 G10 32GB 1TB SSD Grey,HP,Laptop,New
P00814,HP EliteBook 840 G10 32GB 1TB SSD Grey (Refurbished Grade A),HP,Laptop,Refurbished Grade A
P00815,HP EliteBook 840 G10 32GB 1TB SSD Grey (Refurbished Grade B),HP,Laptop,Refurbished Grade B
P00816,HP EliteBook 840 G10 32GB 1TB SSD Grey (Open Box),HP,Laptop,Open Box
P00817,HP EliteBook 840 G11 16GB 512GB SSD Black,HP,Laptop,New
P00818,HP EliteBook 840 G11 16GB 512GB SSD Black (Refurbished Grade A),HP,Laptop,Refurbished Grade A
P00819,HP EliteBook 840 G11 16GB 512GB SSD Black (Refurbished Grade B),HP,Laptop,Refurbished Grade B
P00820,HP EliteBook 840 G11 16GB 512GB SSD Black (Open Box),HP,Laptop,Open Box
P00821,HP EliteBook 840 G11 16GB 512GB SSD Silver,HP,Laptop,New
P00822,HP EliteBook 840 G11 16GB 512GB SSD Silver (Refurbished Grade A),HP,Laptop,Refurbished Grade A
P00823,HP EliteBook 840 G11 16GB 512GB SSD Silver (Refurbished Grade B),HP,Laptop,Refurbished Grade B
P00824,HP EliteBook 840 G11 16GB 512GB SSD Silver (Open Box),HP,Laptop,Open Box
P00825,HP EliteBook 840 G11 16GB 512GB SSD Grey,HP,Laptop,New
P00826,HP EliteBook 840 G11 16GB 512GB SSD Grey (Refurbished Grade A),HP,Laptop,Refurbished Grade A
P00827,HP EliteBook 840 G11 16GB 512GB SSD Grey (Refurbished Grade B),HP,Laptop,Refurbished Grade B
P00828,HP EliteBook 840 G11 16GB 512GB SSD Grey (Open Box),HP,Laptop,Open Box
P00829,HP EliteBook 840 G11 16GB 1TB SSD Black,HP,Laptop,New
P00830,HP EliteBook 840 G11 16GB 1TB SSD Black (Refurbished Grade A),HP,Laptop,Refurbished Grade A
P00831,HP EliteBook 840 G11 16GB 1TB SSD Black (Refurbished Grade B),HP,Laptop,Refurbished Grade B
P00832,HP EliteBook 840 G11 16GB 1TB SSD Black (Open Box),HP,Laptop,Open Box
P00833,HP EliteBook 840 G11 16GB 1TB SSD Silver,HP,Laptop,New
P00834,HP EliteBook 840 G11 16GB 1TB SSD Silver (Refurbished Grade A),HP,Laptop,Refurbished Grade A
P00835,HP EliteBook 840 G11 16GB 1TB SSD Silver (Refurbished Grade B),HP,Laptop,Refurbished Grade B
P00836,HP EliteBook 840 G11 16GB 1TB SSD Silver (Open Box),HP,Laptop,Open Box
P00837,HP EliteBook 840 G11 16GB 1TB SSD Grey,HP,Laptop,New
P00838,HP EliteBook 840 G11 16GB 1TB SSD Grey (Refurbished Grade A),HP,Laptop,Refurbished Grade A
P00839,HP EliteBook 840 G11 16GB 1TB SSD Grey (Refurbished Grade B),HP,Laptop,Refurbished Grade B
P00840,HP EliteBook 840 G11 16GB 1TB SSD Grey (Open Box),HP,Laptop,Open Box
P00841,HP EliteBook 840 G11 32GB 512GB SSD Black,HP,Laptop,New
P00842,HP EliteBook 840 G11 32GB 512GB SSD Black (Refurbished Grade A),HP,Laptop,Refurbished Grade A
P00843,HP EliteBook 840 G11 32GB 512GB SSD Black (Refurbished Grade B),HP,Laptop,Refurbished Grade B
P00844,HP EliteBook 840 G11 32GB 512GB SSD Black (Open Box),HP,Laptop,Open Box
P00845,HP EliteBook 840 G11 32GB 512GB SSD Silver,HP,Laptop,New
P00846,HP EliteBook 840 G11 32GB 512GB SSD Silver (Refurbished Grade A),HP,Laptop,Refurbished Grade A
P00847,HP EliteBook 840 G11 32GB 512GB SSD Silver (Refurbished Grade B),HP,Laptop,Refurbished Grade B
P00848,HP EliteBook 840 G11 32GB 512GB SSD Silver (Open Box),HP,Laptop,Open Box
P00849,HP EliteBook 840 G11 32GB 512GB SSD Grey,HP,Laptop,New
P00850,HP EliteBook 840 G11 32GB 512GB SSD Grey (Refurbished Grade A),HP,Laptop,Refurbished Grade A
P00851,HP EliteBook 840 G11 32GB 512GB SSD Grey (Refurbished Grade B),HP,Laptop,Refurbished Grade B
P00852,HP EliteBook 840 G11 32GB 512GB SSD Grey (Open Box),HP,Laptop,Open Box
P00853,HP EliteBook 840 G11 32GB 1TB SSD Black,HP,Laptop,New
P00854,HP EliteBook 840 G11 32GB 1TB SSD Black (Refurbished Grade A),HP,Laptop,Refurbished Grade A
P00855,HP EliteBook 840 G11 32GB 1TB SSD Black (Refurbished Grade B),HP,Laptop,Refurbished Grade B
P00856,HP EliteBook 840 G11 32GB 1TB SSD Black (Open Box),HP,Laptop,Open Box
P00857,HP EliteBook 840 G11 32GB 1TB SSD Silver,HP,Laptop,New
P00858,HP EliteBook 840 G11 32GB 1TB SSD Silver (Refurbished Grade A),HP,Laptop,Refurbished Grade A
P00859,HP EliteBook 840 G11 32GB 1TB SSD Silver (Refurbished Grade B),HP,Laptop,Refurbished Grade B
P00860,HP EliteBook 840 G11 32GB 1TB SSD Silver (Open Box),HP,Laptop,Open Box
P00861,HP EliteBook 840 G11 32GB 1TB SSD Grey,HP,Laptop,New
P00862,HP EliteBook 840 G11 32GB 1TB SSD Grey (Refurbished Grade A),HP,Laptop,Refurbished Grade A
P00863,HP EliteBook 840 G11 32GB 1TB SSD Grey (Refurbished Grade B),HP,Laptop,Refurbished Grade B
P00864,HP EliteBook 840 G11 32GB 1TB SSD Grey (Open Box),HP,Laptop,Open Box
P00865,HP Pavilion 15 16GB 512GB SSD Black,HP,Laptop,New
P00866,HP Pavilion 15 16GB 512GB SSD Black (Refurbished Grade A),HP,Laptop,Refurbished Grade A
P00867,HP Pavilion 15 16GB 512GB SSD Black (Refurbished Grade B),HP,Laptop,Refurbished Grade B
P00868,HP Pavilion 15 16GB 512GB SSD Black (Open Box),HP,Laptop,Open Box
P00869,HP Pavilion 15 16GB 512GB SSD Silver,HP,Laptop,New
P00870,HP Pavilion 15 16GB 512GB SSD Silver (Refurbished Grade A),HP,Laptop,Refurbished Grade A
P00871,HP Pavilion 15 16GB 512GB SSD Silver (Refurbished Grade B),HP,Laptop,Refurbished Grade B
P00872,HP Pavilion 15 16GB 512GB SSD Silver (Open Box),HP,Laptop,Open Box
P00873,HP Pavilion 15 16GB 512GB SSD Grey,HP,Laptop,New
P00874,HP Pavilion 15 16GB 512GB SSD Grey (Refurbished Grade A),HP,Laptop,Refurbished Grade A
P00875,HP Pavilion 15 16GB 512GB SSD Grey (Refurbished Grade B),HP,Laptop,Refurbished Grade B
P00876,HP Pavilion 15 16GB 512GB SSD Grey (Open Box),HP,Laptop,Open Box
P00877,HP Pavilion 15 16GB 1TB SSD Black,HP,Laptop,New
P00878,HP Pavilion 15 16GB 1TB SSD Black (Refurbished Grade A),HP,Laptop,Refurbished Grade A
P00879,HP Pavilion 15 16GB 1TB SSD Black (Refurbished Grade B),HP,Laptop,Refurbished Grade B
P00880,HP Pavilion 15 16GB 1TB SSD Black (Open Box),HP,Laptop,Open Box
P00881,HP Pavilion 15 16GB 1TB SSD Silver,HP,Laptop,New
P00882,HP Pavilion 15 16GB 1TB SSD Silver (Refurbished Grade A),HP,Laptop,Refurbished Grade A
P00883,HP Pavilion 15 16GB 1TB SSD Silver (Refurbished Grade B),HP,Laptop,Refurbished Grade B
P00884,HP Pavilion 15 16GB 1TB SSD Silver (Open Box),HP,Laptop,Open Box
P00885,HP Pavilion 15 16GB 1TB SSD Grey,HP,Laptop,New
P00886,HP Pavilion 15 16GB 1TB SSD Grey (Refurbished Grade A),HP,Laptop,Refurbished Grade A
P00887,HP Pavilion 15 16GB 1TB SSD Grey (Refurbished Grade B),HP,Laptop,Refurbished Grade B
P00888,HP Pavilion 15 16GB 1TB SSD Grey (Open Box),HP,Laptop,Open Box
P00889,HP Pavilion 15 32GB 512GB SSD Black,HP,Laptop,New
P00890,HP Pavilion 15 32GB 512GB SSD Black (Refurbished Grade A),HP,Laptop,Refurbished Grade A
P00891,HP Pavilion 15 32GB 512GB SSD Black (Refurbished Grade B),HP,Laptop,Refurbished Grade B
P00892,HP Pavilion 15 32GB 512GB SSD Black (Open Box),HP,Laptop,Open Box
P00893,HP Pavilion 15 32GB 512GB SSD Silver,HP,Laptop,New
P00894,HP Pavilion 15 32GB 512GB SSD Silver (Refurbished Grade A),HP,Laptop,Refurbished Grade A
P00895,HP Pavilion 15 32GB 512GB SSD Silver (Refurbished Grade B),HP,Laptop,Refurbished Grade B
P00896,HP Pavilion 15 32GB 512GB SSD Silver (Open Box),HP,Laptop,Open Box
P00897,HP Pavilion 15 32GB 512GB SSD Grey,HP,Laptop,New
P00898,HP Pavilion 15 32GB 512GB SSD Grey (Refurbished Grade A),HP,Laptop,Refurbished Grade A
P00899,HP Pavilion 15 32GB 512GB SSD Grey (Refurbished Grade B),HP,Laptop,Refurbished Grade B
P00900,HP Pavilion 15 32GB 512GB SSD Grey (Open Box),HP,Laptop,Open Box
P00901,HP Pavilion 15 32GB 1TB SSD Black,HP,Laptop,New
P00902,HP Pavilion 15 32GB 1TB SSD Black (Refurbished Grade A),HP,Laptop,Refurbished Grade A
P00903,HP Pavilion 15 32GB 1TB SSD Black (Refurbished Grade B),HP,Laptop,Refurbished Grade B
P00904,HP Pavilion 15 32GB 1TB SSD Black (Open Box),HP,Laptop,Open Box
P00905,HP Pavilion 15 32GB 1TB SSD Silver,HP,Laptop,New
P00906,HP Pavilion 15 32GB 1TB SSD Silver (Refurbished Grade A),HP,Laptop,Refurbished Grade A
P00907,HP Pavilion 15 32GB 1TB SSD Silver (Refurbished Grade B),HP,Laptop,Refurbished Grade B
P00908,HP Pavilion 15 32GB 1TB SSD Silver (Open Box),HP,Laptop,Open Box
P00909,HP Pavilion 15 32GB 1TB SSD Grey,HP,Laptop,New
P00910,HP Pavilion 15 32GB 1TB SSD Grey (Refurbished Grade A),HP,Laptop,Refurbished Grade A
P00911,HP Pavilion 15 32GB 1TB SSD Grey (Refurbished Grade B),HP,Laptop,Refurbished Grade B
P00912,HP Pavilion 15 32GB 1TB SSD Grey (Open Box),HP,Laptop,Open Box
P00913,HP Spectre x360 14 16GB 512GB SSD Black,HP,Laptop,New
P00914,HP Spectre x360 14 16GB 512GB SSD Black (Refurbished Grade A),HP,Laptop,Refurbished Grade A
P00915,HP Spectre x360 14 16GB 512GB SSD Black (Refurbished Grade B),HP,Laptop,Refurbished Grade B
P00916,HP Spectre x360 14 16GB 512GB SSD Black (Open Box),HP,Laptop,Open Box
P00917,HP Spectre x360 14 16GB 512GB SSD Silver,HP,Laptop,New
P00918,HP Spectre x360 14 16GB 512GB SSD Silver (Refurbished Grade A),HP,Laptop,Refurbished Grade A
P00919,HP Spectre x360 14 16GB 512GB SSD Silver (Refurbished Grade B),HP,Laptop,Refurbished Grade B
P00920,HP Spectre x360 14 16GB 512GB SSD Silver (Open Box),HP,Laptop,Open Box
P00921,HP Spectre x360 14 16GB 512GB SSD Grey,HP,Laptop,New
P00922,HP Spectre x360 14 16GB 512GB SSD Grey (Refurbished Grade A),HP,Laptop,Refurbished Grade A
P00923,HP Spectre x360 14 16GB 512GB SSD Grey (Refurbished Grade B),HP,Laptop,Refurbished Grade B
P00924,HP Spectre x360 14 16GB 512GB SSD Grey (Open Box),HP,Laptop,Open Box
P00925,HP Spectre x360 14 16GB 1TB SSD Black,HP,Laptop,New
P00926,HP Spectre x360 14 16GB 1TB SSD Black (Refurbished Grade A),HP,Laptop,Refurbished Grade A
P00927,HP Spectre x360 14 16GB 1TB SSD Black (Refurbished Grade B),HP,Laptop,Refurbished Grade B
P00928,HP Spectre x360 14 16GB 1TB SSD Black (Open Box),HP,Laptop,Open Box
P00929,HP Spectre x360 14 16GB 1TB SSD Silver,HP,Laptop,New
P00930,HP Spectre x360 14 16GB 1TB SSD Silver (Refurbished Grade A),HP,Laptop,Refurbished Grade A
P00931,HP Spectre x360 14 16GB 1TB SSD Silver (Refurbished Grade B),HP,Laptop,Refurbished Grade B
P00932,HP Spectre x360 14 16GB 1TB SSD Silver (Open Box),HP,Laptop,Open Box
P00933,HP Spectre x360 14 16GB 1TB SSD Grey,HP,Laptop,New
P00934,HP Spectre x360 14 16GB 1TB SSD Grey (Refurbished Grade A),HP,Laptop,Refurbished Grade A
P00935,HP Spectre x360 14 16GB 1TB SSD Grey (Refurbished Grade B),HP,Laptop,Refurbished Grade B
P00936,HP Spectre x360 14 16GB 1TB SSD Grey (Open Box),HP,Laptop,Open Box
P00937,HP Spectre x360 14 32GB 512GB SSD Black,HP,Laptop,New
P00938,HP Spectre x360 14 32GB 512GB SSD Black (Refurbished Grade A),HP,Laptop,Refurbished Grade A
P00939,HP Spectre x360 14 32GB 512GB SSD Black (Refurbished Grade B),HP,Laptop,Refurbished Grade B
P00940,HP Spectre x360 14 32GB 512GB SSD Black (Open Box),HP,Laptop,Open Box
P00941,HP Spectre x360 14 32GB 512GB SSD Silver,HP,Laptop,New
P00942,HP Spectre x360 14 32GB 512GB SSD Silver (Refurbished Grade A),HP,Laptop,Refurbished Grade A
P00943,HP Spectre x360 14 32GB 512GB SSD Silver (Refurbished Grade B),HP,Laptop,Refurbished Grade B
P00944,HP Spectre x360 14 32GB 512GB SSD Silver (Open Box),HP,Laptop,Open Box
P00945,HP Spectre x360 14 32GB 512GB SSD Grey,HP,Laptop,New
P00946,HP Spectre x360 14 32GB 512GB SSD Grey (Refurbished Grade A),HP,Laptop,Refurbished Grade A
P00947,HP Spectre x360 14 32GB 512GB SSD Grey (Refurbished Grade B),HP,Laptop,Refurbished Grade B
P00948,HP Spectre x360 14 32GB 512GB SSD Grey (Open Box),HP,Laptop,Open Box
P00949,HP Spectre x360 14 32GB 1TB SSD Black,HP,Laptop,New
P00950,HP Spectre x360 14 32GB 1TB SSD Black (Refurbished Grade A),HP,Laptop,Refurbished Grade A
P00951,HP Spectre x360 14 32GB 1TB SSD Black (Refurbished Grade B),HP,Laptop,Refurbished Grade B
P00952,HP Spectre x360 14 32GB 1TB SSD Black (Open Box),HP,Laptop,Open Box
P00953,HP Spectre x360 14 32GB 1TB SSD Silver,HP,Laptop,New
P00954,HP Spectre x360 14 32GB 1TB SSD Silver (Refurbished Grade A),HP,Laptop,Refurbished Grade A
P00955,HP Spectre x360 14 32GB 1TB SSD Silver (Refurbished Grade B),HP,Laptop,Refurbished Grade B
P00956,HP Spectre x360 14 32GB 1TB SSD Silver (Open Box),HP,Laptop,Open Box
P00957,HP Spectre x360 14 32GB 1TB SSD Grey,HP,Laptop,New
P00958,HP Spectre x360 14 32GB 1TB SSD Grey (Refurbished Grade A),HP,Laptop,Refurbished Grade A
P00959,HP Spectre x360 14 32GB 1TB SSD Grey (Refurbished Grade B),HP,Laptop,Refurbished Grade B
P00960,HP Spectre x360 14 32GB 1TB SSD Grey (Open Box),HP,Laptop,Open Box
P00961,HP ProBook 450 G10 16GB 512GB SSD Black,HP,Laptop,New
P00962,HP ProBook 450 G10 16GB 512GB SSD Black (Refurbished Grade A),HP,Laptop,Refurbished Grade A
P00963,HP ProBook 450 G10 16GB 512GB SSD Black (Refurbished Grade B),HP,Laptop,Refurbished Grade B
P00964,HP ProBook 450 G10 16GB 512GB SSD Black (Open Box),HP,Laptop,Open Box
P00965,HP ProBook 450 G10 16GB 512GB SSD Silver,HP,Laptop,New
P00966,HP ProBook 450 G10 16GB 512GB SSD Silver (Refurbished Grade A),HP,Laptop,Refurbished Grade A
P00967,HP ProBook 450 G10 16GB 512GB SSD Silver (Refurbished Grade B),HP,Laptop,Refurbished Grade B
P00968,HP ProBook 450 G10 16GB 512GB SSD Silver (Open Box),HP,Laptop,Open Box
P00969,HP ProBook 450 G10 16GB 512GB SSD Grey,HP,Laptop,New
P00970,HP ProBook 450 G10 16GB 512GB SSD Grey (Refurbished Grade A),HP,Laptop,Refurbished Grade A
P00971,HP ProBook 450 G10 16GB 512GB SSD Grey (Refurbished Grade B),HP,Laptop,Refurbished Grade B
P00972,HP ProBook 450 G10 16GB 512GB SSD Grey (Open Box),HP,Laptop,Open Box
P00973,HP ProBook 450 G10 16GB 1TB SSD Black,HP,Laptop,New
P00974,HP ProBook 450 G10 16GB 1TB SSD Black (Refurbished Grade A),HP,Laptop,Refurbished Grade A
P00975,HP ProBook 450 G10 16GB 1TB SSD Black (Refurbished Grade B),HP,Laptop,Refurbished Grade B
P00976,HP ProBook 450 G10 16GB 1TB SSD Black (Open Box),HP,Laptop,Open Box
P00977,HP ProBook 450 G10 16GB 1TB SSD Silver,HP,Laptop,New
P00978,HP ProBook 450 G10 16GB 1TB SSD Silver (Refurbished Grade A),HP,Laptop,Refurbished Grade A
P00979,HP ProBook 450 G10 16GB 1TB SSD Silver (Refurbished Grade B),HP,Laptop,Refurbished Grade B
P00980,HP ProBook 450 G10 16GB 1TB SSD Silver (Open Box),HP,Laptop,Open Box
P00981,HP ProBook 450 G10 16GB 1TB SSD Grey,HP,Laptop,New
P00982,HP ProBook 450 G10 16GB 1TB SSD Grey (Refurbished Grade A),HP,Laptop,Refurbished Grade A
P00983,HP ProBook 450 G10 16GB 1TB SSD Grey (Refurbished Grade B),HP,Laptop,Refurbished Grade B
P00984,HP ProBook 450 G10 16GB 1TB SSD Grey (Open Box),HP,Laptop,Open Box
P00985,HP ProBook 450 G10 32GB 512GB SSD Black,HP,Laptop,New
P00986,HP ProBook 450 G10 32GB 512GB SSD Black (Refurbished Grade A),HP,Laptop,Refurbished Grade A
P00987,HP ProBook 450 G10 32GB 512GB SSD Black (Refurbished Grade B),HP,Laptop,Refurbished Grade B
P00988,HP ProBook 450 G10 32GB 512GB SSD Black (Open Box),HP,Laptop,Open Box
P00989,HP ProBook 450 G10 32GB 512GB SSD Silver,HP,Laptop,New
P00990,HP ProBook 450 G10 32GB 512GB SSD Silver (Refurbished Grade A),HP,Laptop,Refurbished Grade A
P00991,HP ProBook 450 G10 32GB 512GB SSD Silver (Refurbished Grade B),HP,Laptop,Refurbished Grade B
P00992,HP ProBook 450 G10 32GB 512GB SSD Silver (Open Box),HP,Laptop,Open Box
P00993,HP ProBook 450 G10 32GB 512GB SSD Grey,HP,Laptop,New
P00994,HP ProBook 450 G10 32GB 512GB SSD Grey (Refurbished Grade A),HP,Laptop,Refurbished Grade A
P00995,HP ProBook 450 G10 32GB 512GB SSD Grey (Refurbished Grade B),HP,Laptop,Refurbished Grade B
P00996,HP ProBook 450 G10 32GB 512GB SSD Grey (Open Box),HP,Laptop,Open Box
P00997,HP ProBook 450 G10 32GB 1TB SSD Black,HP,Laptop,New
P00998,HP ProBook 450 G10 32GB 1TB SSD Black (Refurbished Grade A),HP,Laptop,Refurbished Grade A
P00999,HP ProBook 450 G10 32GB 1TB SSD Black (Refurbished Grade B),HP,Laptop,Refurbished Grade B
P01000,HP ProBook 450 G10 32GB 1TB SSD Black (Open Box),HP,Laptop,Open Box
P01001,HP ProBook 450 G10 32GB 1TB SSD Silver,HP,Laptop,New
P01002,HP ProBook 450 G10 32GB 1TB SSD Silver (Refurbished Grade A),HP,Laptop,Refurbished Grade A
P01003,HP ProBook 450 G10 32GB 1TB SSD Silver (Refurbished Grade B),HP,Laptop,Refurbished Grade B
P01004,HP ProBook 450 G10 32GB 1TB SSD Silver (Open Box),HP,Laptop,Open Box
P01005,HP ProBook 450 G10 32GB 1TB SSD Grey,HP,Laptop,New
P01006,HP ProBook 450 G10 32GB 1TB SSD Grey (Refurbished Grade A),HP,Laptop,Refurbished Grade A
P01007,HP ProBook 450 G10 32GB 1TB SSD Grey (Refurbished Grade B),HP,Laptop,Refurbished Grade B
P01008,HP ProBook 450 G10 32GB 1TB SSD Grey (Open Box),HP,Laptop,Open Box
P01009,HP Envy 16 16GB 512GB SSD Black,HP,Laptop,New
P01010,HP Envy 16 16GB 512GB SSD Black (Refurbished Grade A),HP,Laptop,Refurbished Grade A
P01011,HP Envy 16 16GB 512GB SSD Black (Refurbished Grade B),HP,Laptop,Refurbished Grade B
P01012,HP Envy 16 16GB 512GB SSD Black (Open Box),HP,Laptop,Open Box
P01013,HP Envy 16 16GB 512GB SSD Silver,HP,Laptop,New
P01014,HP Envy 16 16GB 512GB SSD Silver (Refurbished Grade A),HP,Laptop,Refurbished Grade A
P01015,HP Envy 16 16GB 512GB SSD Silver (Refurbished Grade B),HP,Laptop,Refurbished Grade B
P01016,HP Envy 16 16GB 512GB SSD Silver (Open Box),HP,Laptop,Open Box
P01017,HP Envy 16 16GB 512GB SSD Grey,HP,Laptop,New
P01018,HP Envy 16 16GB 512GB SSD Grey (Refurbished Grade A),HP,Laptop,Refurbished Grade A
P01019,HP Envy 16 16GB 512GB SSD Grey (Refurbished Grade B),HP,Laptop,Refurbished Grade B
P01020,HP Envy 16 16GB 512GB SSD Grey (Open Box),HP,Laptop,Open Box
P01021,HP Envy 16 16GB 1TB SSD Black,HP,Laptop,New
P01022,HP Envy 16 16GB 1TB SSD Black (Refurbished Grade A),HP,Laptop,Refurbished Grade A
P01023,HP Envy 16 16GB 1TB SSD Black (Refurbished Grade B),HP,Laptop,Refurbished Grade B
P01024,HP Envy 16 16GB 1TB SSD Black (Open Box),HP,Laptop,Open Box
P01025,HP Envy 16 16GB 1TB SSD Silver,HP,Laptop,New
P01026,HP Envy 16 16GB 1TB SSD Silver (Refurbished Grade A),HP,Laptop,Refurbished Grade A
P01027,HP Envy 16 16GB 1TB SSD Silver (Refurbished Grade B),HP,Laptop,Refurbished Grade B
P01028,HP Envy 16 16GB 1TB SSD Silver (Open Box),HP,Laptop,Open Box
P01029,HP Envy 16 16GB 1TB SSD Grey,HP,Laptop,New
P01030,HP Envy 16 16GB 1TB SSD Grey (Refurbished Grade A),HP,Laptop,Refurbished Grade A
P01031,HP Envy 16 16GB 1TB SSD Grey (Refurbished Grade B),HP,Laptop,Refurbished Grade B
P01032,HP Envy 16 16GB 1TB SSD Grey (Open Box),HP,Laptop,Open Box
P01033,HP Envy 16 32GB 512GB SSD Black,HP,Laptop,New
P01034,HP Envy 16 32GB 512GB SSD Black (Refurbished Grade A),HP,Laptop,Refurbished Grade A
P01035,HP Envy 16 32GB 512GB SSD Black (Refurbished Grade B),HP,Laptop,Refurbished Grade B
P01036,HP Envy 16 32GB 512GB SSD Black (Open Box),HP,Laptop,Open Box
P01037,HP Envy 16 32GB 512GB SSD Silver,HP,Laptop,New
P01038,HP Envy 16 32GB 512GB SSD Silver (Refurbished Grade A),HP,Laptop,Refurbished Grade A
P01039,HP Envy 16 32GB 512GB SSD Silver (Refurbished Grade B),HP,Laptop,Refurbished Grade B
P01040,HP Envy 16 32GB 512GB SSD Silver (Open Box),HP,Laptop,Open Box
P01041,HP Envy 16 32GB 512GB SSD Grey,HP,Laptop,New
P01042,HP Envy 16 32GB 512GB SSD Grey (Refurbished Grade A),HP,Laptop,Refurbished Grade A
P01043,HP Envy 16 32GB 512GB SSD Grey (Refurbished Grade B),HP,Laptop,Refurbished Grade B
P01044,HP Envy 16 32GB 512GB SSD Grey (Open Box),HP,Laptop,Open Box
P01045,HP Envy 16 32GB 1TB SSD Black,HP,Laptop,New
P01046,HP Envy 16 32GB 1TB SSD Black (Refurbished Grade A),HP,Laptop,Refurbished Grade A
P01047,HP Envy 16 32GB 1TB SSD Black (Refurbished Grade B),HP,Laptop,Refurbished Grade B
P01048,HP Envy 16 32GB 1TB SSD Black (Open Box),HP,Laptop,Open Box
P01049,HP Envy 16 32GB 1TB SSD Silver,HP,Laptop,New
P01050,HP Envy 16 32GB 1TB SSD Silver (Refurbished Grade A),HP,Laptop,Refurbished Grade A
P01051,HP Envy 16 32GB 1TB SSD Silver (Refurbished Grade B),HP,Laptop,Refurbished Grade B
P01052,HP Envy 16 32GB 1TB SSD Silver (Open Box),HP,Laptop,Open Box
P01053,HP Envy 16 32GB 1TB SSD Grey,HP,Laptop,New
P01054,HP Envy 16 32GB 1TB SSD Grey (Refurbished Grade A),HP,Laptop,Refurbished Grade A
P01055,HP Envy 16 32GB 1TB SSD Grey (Refurbished Grade B),HP,Laptop,Refurbished Grade B
P01056,HP Envy 16 32GB 1TB SSD Grey (Open Box),HP,Laptop,Open Box
P01057,Apple MacBook Air 13 M3 16GB 512GB SSD Black,Apple,Laptop,New
P01058,Apple MacBook Air 13 M3 16GB 512GB SSD Black (Refurbished Grade A),Apple,Laptop,Refurbished Grade A
P01059,Apple MacBook Air 13 M3 16GB 512GB SSD Black (Refurbished Grade B),Apple,Laptop,Refurbished Grade B
P01060,Apple MacBook Air 13 M3 16GB 512GB SSD Black (Open Box),Apple,Laptop,Open Box
P01061,Apple MacBook Air 13 M3 16GB 512GB SSD Silver,Apple,Laptop,New
P01062,Apple MacBook Air 13 M3 16GB 512GB SSD Silver (Refurbished Grade A),Apple,Laptop,Refurbished Grade A
P01063,Apple MacBook Air 13 M3 16GB 512GB SSD Silver (Refurbished Grade B),Apple,Laptop,Refurbished Grade B
P01064,Apple MacBook Air 13 M3 16GB 512GB SSD Silver (Open Box),Apple,Laptop,Open Box
P01065,Apple MacBook Air 13 M3 16GB 512GB SSD Grey,Apple,Laptop,New
P01066,Apple MacBook Air 13 M3 16GB 512GB SSD Grey (Refurbished Grade A),Apple,Laptop,Refurbished Grade A
P01067,Apple MacBook Air 13 M3 16GB 512GB SSD Grey (Refurbished Grade B),Apple,Laptop,Refurbished Grade B
P01068,Apple MacBook Air 13 M3 16GB 512GB SSD Grey (Open Box),Apple,Laptop,Open Box
P01069,Apple MacBook Air 13 M3 16GB 1TB SSD Black,Apple,Laptop,New
P01070,Apple MacBook Air 13 M3 16GB 1TB SSD Black (Refurbished Grade A),Apple,Laptop,Refurbished Grade A
P01071,Apple MacBook Air 13 M3 16GB 1TB SSD Black (Refurbished Grade B),Apple,Laptop,Refurbished Grade B
P01072,Apple MacBook Air 13 M3 16GB 1TB SSD Black (Open Box),Apple,Laptop,Open Box
P01073,Apple MacBook Air 13 M3 16GB 1TB SSD Silver,Apple,Laptop,New
P01074,Apple MacBook Air 13 M3 16GB 1TB SSD Silver (Refurbished Grade A),Apple,Laptop,Refurbished Grade A
P01075,Apple MacBook Air 13 M3 16GB 1TB SSD Silver (Refurbished Grade B),Apple,Laptop,Refurbished Grade B
P01076,Apple MacBook Air 13 M3 16GB 1TB SSD Silver (Open Box),Apple,Laptop,Open Box
P01077,Apple MacBook Air 13 M3 16GB 1TB SSD Grey,Apple,Laptop,New
P01078,Apple MacBook Air 13 M3 16GB 1TB SSD Grey (Refurbished Grade A),Apple,Laptop,Refurbished Grade A
P01079,Apple MacBook Air 13 M3 16GB 1TB SSD Grey (Refurbished Grade B),Apple,Laptop,Refurbished Grade B
P01080,Apple MacBook Air 13 M3 16GB 1TB SSD Grey (Open Box),Apple,Laptop,Open Box
P01081,Apple MacBook Air 13 M3 32GB 512GB SSD Black,Apple,Laptop,New
P01082,Apple MacBook Air 13 M3 32GB 512GB SSD Black (Refurbished Grade A),Apple,Laptop,Refurbished Grade A
P01083,Apple MacBook Air 13 M3 32GB 512GB SSD Black (Refurbished Grade B),Apple,Laptop,Refurbished Grade B
P01084,Apple MacBook Air 13 M3 32GB 512GB SSD Black (Open Box),Apple,Laptop,Open Box
P01085,Apple MacBook Air 13 M3 32GB 512GB SSD Silver,Apple,Laptop,New
P01086,Apple MacBook Air 13 M3 32GB 512GB SSD Silver (Refurbished Grade A),Apple,Laptop,Refurbished Grade A
P01087,Apple MacBook Air 13 M3 32GB 512GB SSD Silver (Refurbished Grade B),Apple,Laptop,Refurbished Grade B
P01088,Apple MacBook Air 13 M3 32GB 512GB SSD Silver (Open Box),Apple,Laptop,Open Box
P01089,Apple MacBook Air 13 M3 32GB 512GB SSD Grey,Apple,Laptop,New
P01090,Apple MacBook Air 13 M3 32GB 512GB SSD Grey (Refurbished Grade A),Apple,Laptop,Refurbished Grade A
P01091,Apple MacBook Air 13 M3 32GB 512GB SSD Grey (Refurbished Grade B),Apple,Laptop,Refurbished Grade B
P01092,Apple MacBook Air 13 M3 32GB 512GB SSD Grey (Open Box),Apple,Laptop,Open Box
P01093,Apple MacBook Air 13 M3 32GB 1TB SSD Black,Apple,Laptop,New
P01094,Apple MacBook Air 13 M3 32GB 1TB SSD Black (Refurbished Grade A),Apple,Laptop,Refurbished Grade A
P01095,Apple MacBook Air 13 M3 32GB 1TB SSD Black (Refurbished Grade B),Apple,Laptop,Refurbished Grade B
P01096,Apple MacBook Air 13 M3 32GB 1TB SSD Black (Open Box),Apple,Laptop,Open Box
P01097,Apple MacBook Air 13 M3 32GB 1TB SSD Silver,Apple,Laptop,New
P01098,Apple MacBook Air 13 M3 32GB 1TB SSD Silver (Refurbished Grade A),Apple,Laptop,Refurbished Grade A
P01099,Apple MacBook Air 13 M3 32GB 1TB SSD Silver (Refurbished Grade B),Apple,Laptop,Refurbished Grade B
P01100,Apple MacBook Air 13 M3 32GB 1TB SSD Silver (Open Box),Apple,Laptop,Open Box
P01101,Apple MacBook Air 13 M3 32GB 1TB SSD Grey,Apple,Laptop,New
P01102,Apple MacBook Air 13 M3 32GB 1TB SSD Grey (Refurbished Grade A),Apple,Laptop,Refurbished Grade A
P01103,Apple MacBook Air 13 M3 32GB 1TB SSD Grey (Refurbished Grade B),Apple,Laptop,Refurbished Grade B
P01104,Apple MacBook Air 13 M3 32GB 1TB SSD Grey (Open Box),Apple,Laptop,Open Box
P01105,Apple MacBook Air 15 M3 16GB 512GB SSD Black,Apple,Laptop,New
P01106,Apple MacBook Air 15 M3 16GB 512GB SSD Black (Refurbished Grade A),Apple,Laptop,Refurbished Grade A
P01107,Apple MacBook Air 15 M3 16GB 512GB SSD Black (Refurbished Grade B),Apple,Laptop,Refurbished Grade B
P01108,Apple MacBook Air 15 M3 16GB 512GB SSD Black (Open Box),Apple,Laptop,Open Box
P01109,Apple MacBook Air 15 M3 16GB 512GB SSD Silver,Apple,Laptop,New
P01110,Apple MacBook Air 15 M3 16GB 512GB SSD Silver (Refurbished Grade A),Apple,Laptop,Refurbished Grade A
P01111,Apple MacBook Air 15 M3 16GB 512GB SSD Silver (Refurbished Grade B),Apple,Laptop,Refurbished Grade B
P01112,Apple MacBook Air 15 M3 16GB 512GB SSD Silver (Open Box),Apple,Laptop,Open Box
P01113,Apple MacBook Air 15 M3 16GB 512GB SSD Grey,Apple,Laptop,New
P01114,Apple MacBook Air 15 M3 16GB 512GB SSD Grey (Refurbished Grade A),Apple,Laptop,Refurbished Grade A
P01115,Apple MacBook Air 15 M3 16GB 512GB SSD Grey (Refurbished Grade B),Apple,Laptop,Refurbished Grade B
P01116,Apple MacBook Air 15 M3 16GB 512GB SSD Grey (Open Box),Apple,Laptop,Open Box
P01117,Apple MacBook Air 15 M3 16GB 1TB SSD Black,Apple,Laptop,New
P01118,Apple MacBook Air 15 M3 16GB 1TB SSD Black (Refurbished Grade A),Apple,Laptop,Refurbished Grade A
P01119,Apple MacBook Air 15 M3 16GB 1TB SSD Black (Refurbished Grade B),Apple,Laptop,Refurbished Grade B
P01120,Apple MacBook Air 15 M3 16GB 1TB SSD Black (Open Box),Apple,Laptop,Open Box
P01121,Apple MacBook Air 15 M3 16GB 1TB SSD Silver,Apple,Laptop,New
P01122,Apple MacBook Air 15 M3 16GB 1TB SSD Silver (Refurbished Grade A),Apple,Laptop,Refurbished Grade A
P01123,Apple MacBook Air 15 M3 16GB 1TB SSD Silver (Refurbished Grade B),Apple,Laptop,Refurbished Grade B
P01124,Apple MacBook Air 15 M3 16GB 1TB SSD Silver (Open Box),Apple,Laptop,Open Box
P01125,Apple MacBook Air 15 M3 16GB 1TB SSD Grey,Apple,Laptop,New
P01126,Apple MacBook Air 15 M3 16GB 1TB SSD Grey (Refurbished Grade A),Apple,Laptop,Refurbished Grade A
P01127,Apple MacBook Air 15 M3 16GB 1TB SSD Grey (Refurbished Grade B),Apple,Laptop,Refurbished Grade B
P01128,Apple MacBook Air 15 M3 16GB 1TB SSD Grey (Open Box),Apple,Laptop,Open Box
P01129,Apple MacBook Air 15 M3 32GB 512GB SSD Black,Apple,Laptop,New
P01130,Apple MacBook Air 15 M3 32GB 512GB SSD Black (Refurbished Grade A),Apple,Laptop,Refurbished Grade A
P01131,Apple MacBook Air 15 M3 32GB 512GB SSD Black (Refurbished Grade B),Apple,Laptop,Refurbished Grade B
P01132,Apple MacBook Air 15 M3 32GB 512GB SSD Black (Open Box),Apple,Laptop,Open Box
P01133,Apple MacBook Air 15 M3 32GB 512GB SSD Silver,Apple,Laptop,New
P01134,Apple MacBook Air 15 M3 32GB 512GB SSD Silver (Refurbished Grade A),Apple,Laptop,Refurbished Grade A
P01135,Apple MacBook Air 15 M3 32GB 512GB SSD Silver (Refurbished Grade B),Apple,Laptop,Refurbished Grade B
P01136,Apple MacBook Air 15 M3 32GB 512GB SSD Silver (Open Box),Apple,Laptop,Open Box
P01137,Apple MacBook Air 15 M3 32GB 512GB SSD Grey,Apple,Laptop,New
P01138,Apple MacBook Air 15 M3 32GB 512GB SSD Grey (Refurbished Grade A),Apple,Laptop,Refurbished Grade A
P01139,Apple MacBook Air 15 M3 32GB 512GB SSD Grey (Refurbished Grade B),Apple,Laptop,Refurbished Grade B
P01140,Apple MacBook Air 15 M3 32GB 512GB SSD Grey (Open Box),Apple,Laptop,Open Box
P01141,Apple MacBook Air 15 M3 32GB 1TB SSD Black,Apple,Laptop,New
P01142,Apple MacBook Air 15 M3 32GB 1TB SSD Black (Refurbished Grade A),Apple,Laptop,Refurbished Grade A
P01143,Apple MacBook Air 15 M3 32GB 1TB SSD Black (Refurbished Grade B),Apple,Laptop,Refurbished Grade B
P01144,Apple MacBook Air 15 M3 32GB 1TB SSD Black (Open Box),Apple,Laptop,Open Box
P01145,Apple MacBook Air 15 M3 32GB 1TB SSD Silver,Apple,Laptop,New
P01146,Apple MacBook Air 15 M3 32GB 1TB SSD Silver (Refurbished Grade A),Apple,Laptop,Refurbished Grade A
P01147,Apple MacBook Air 15 M3 32GB 1TB SSD Silver (Refurbished Grade B),Apple,Laptop,Refurbished Grade B
P01148,Apple MacBook Air 15 M3 32GB 1TB SSD Silver (Open Box),Apple,Laptop,Open Box
P01149,Apple MacBook Air 15 M3 32GB 1TB SSD Grey,Apple,Laptop,New
P01150,Apple MacBook Air 15 M3 32GB 1TB SSD Grey (Refurbished Grade A),Apple,Laptop,Refurbished Grade A
P01151,Apple MacBook Air 15 M3 32GB 1TB SSD Grey (Refurbished Grade B),Apple,Laptop,Refurbished Grade B
P01152,Apple MacBook Air 15 M3 32GB 1TB SSD Grey (Open Box),Apple,Laptop,Open Box
P01153,Apple MacBook Pro 14 M4 16GB 512GB SSD Black,Apple,Laptop,New
P01154,Apple MacBook Pro 14 M4 16GB 512GB SSD Black (Refurbished Grade A),Apple,Laptop,Refurbished Grade A
P01155,Apple MacBook Pro 14 M4 16GB 512GB SSD Black (Refurbished Grade B),Apple,Laptop,Refurbished Grade B
P01156,Apple MacBook Pro 14 M4 16GB 512GB SSD Black (Open Box),Apple,Laptop,Open Box
P01157,Apple MacBook Pro 14 M4 16GB 512GB SSD Silver,Apple,Laptop,New
P01158,Apple MacBook Pro 14 M4 16GB 512GB SSD Silver (Refurbished Grade A),Apple,Laptop,Refurbished Grade A
P01159,Apple MacBook Pro 14 M4 16GB 512GB SSD Silver (Refurbished Grade B),Apple,Laptop,Refurbished Grade B
P01160,Apple MacBook Pro 14 M4 16GB 512GB SSD Silver (Open Box),Apple,Laptop,Open Box
P01161,Apple MacBook Pro 14 M4 16GB 512GB SSD Grey,Apple,Laptop,New
P01162,Apple MacBook Pro 14 M4 16GB 512GB SSD Grey (Refurbished Grade A),Apple,Laptop,Refurbished Grade A
P01163,Apple MacBook Pro 14 M4 16GB 512GB SSD Grey (Refurbished Grade B),Apple,Laptop,Refurbished Grade B
P01164,Apple MacBook Pro 14 M4 16GB 512GB SSD Grey (Open Box),Apple,Laptop,Open Box
P01165,Apple MacBook Pro 14 M4 16GB 1TB SSD Black,Apple,Laptop,New
P01166,Apple MacBook Pro 14 M4 16GB 1TB SSD Black (Refurbished Grade A),Apple,Laptop,Refurbished Grade A
P01167,Apple MacBook Pro 14 M4 16GB 1TB SSD Black (Refurbished Grade B),Apple,Laptop,Refurbished Grade B
P01168,Apple MacBook Pro 14 M4 16GB 1TB SSD Black (Open Box),Apple,Laptop,Open Box
P01169,Apple MacBook Pro 14 M4 16GB 1TB SSD Silver,Apple,Laptop,New
P01170,Apple MacBook Pro 14 M4 16GB 1TB SSD Silver (Refurbished Grade A),Apple,Laptop,Refurbished Grade A
P01171,Apple MacBook Pro 14 M4 16GB 1TB SSD Silver (Refurbished Grade B),Apple,Laptop,Refurbished Grade B
P01172,Apple MacBook Pro 14 M4 16GB 1TB SSD Silver (Open Box),Apple,Laptop,Open Box
P01173,Apple MacBook Pro 14 M4 16GB 1TB SSD Grey,Apple,Laptop,New
P01174,Apple MacBook Pro 14 M4 16GB 1TB SSD Grey (Refurbished Grade A),Apple,Laptop,Refurbished Grade A
P01175,Apple MacBook Pro 14 M4 16GB 1TB SSD Grey (Refurbished Grade B),Apple,Laptop,Refurbished Grade B
P01176,Apple MacBook Pro 14 M4 16GB 1TB SSD Grey (Open Box),Apple,Laptop,Open Box
P01177,Apple MacBook Pro 14 M4 32GB 512GB SSD Black,Apple,Laptop,New
P01178,Apple MacBook Pro 14 M4 32GB 512GB SSD Black (Refurbished Grade A),Apple,Laptop,Refurbished Grade A
P01179,Apple MacBook Pro 14 M4 32GB 512GB SSD Black (Refurbished Grade B),Apple,Laptop,Refurbished Grade B
P01180,Apple MacBook Pro 14 M4 32GB 512GB SSD Black (Open Box),Apple,Laptop,Open Box
P01181,Apple MacBook Pro 14 M4 32GB 512GB SSD Silver,Apple,Laptop,New
P01182,Apple MacBook Pro 14 M4 32GB 512GB SSD Silver (Refurbished Grade A),Apple,Laptop,Refurbished Grade A
P01183,Apple MacBook Pro 14 M4 32GB 512GB SSD Silver (Refurbished Grade B),Apple,Laptop,Refurbished Grade B
P01184,Apple MacBook Pro 14 M4 32GB 512GB SSD Silver (Open Box),Apple,Laptop,Open Box
P01185,Apple MacBook Pro 14 M4 32GB 512GB SSD Grey,Apple,Laptop,New
P01186,Apple MacBook Pro 14 M4 32GB 512GB SSD Grey (Refurbished Grade A),Apple,Laptop,Refurbished Grade A
P01187,Apple MacBook Pro 14 M4 32GB 512GB SSD Grey (Refurbished Grade B),Apple,Laptop,Refurbished Grade B
P01188,Apple MacBook Pro 14 M4 32GB 512GB SSD Grey (Open Box),Apple,Laptop,Open Box
P01189,Apple MacBook Pro 14 M4 32GB 1TB SSD Black,Apple,Laptop,New
P01190,Apple MacBook Pro 14 M4 32GB 1TB SSD Black (Refurbished Grade A),Apple,Laptop,Refurbished Grade A
P01191,Apple MacBook Pro 14 M4 32GB 1TB SSD Black (Refurbished Grade B),Apple,Laptop,Refurbished Grade B
P01192,Apple MacBook Pro 14 M4 32GB 1TB SSD Black (Open Box),Apple,Laptop,Open Box
P01193,Apple MacBook Pro 14 M4 32GB 1TB SSD Silver,Apple,Laptop,New
P01194,Apple MacBook Pro 14 M4 32GB 1TB SSD Silver (Refurbished Grade A),Apple,Laptop,Refurbished Grade A
P01195,Apple MacBook Pro 14 M4 32GB 1TB SSD Silver (Refurbished Grade B),Apple,Laptop,Refurbished Grade B
P01196,Apple MacBook Pro 14 M4 32GB 1TB SSD Silver (Open Box),Apple,Laptop,Open Box
P01197,Apple MacBook Pro 14 M4 32GB 1TB SSD Grey,Apple,Laptop,New
P01198,Apple MacBook Pro 14 M4 32GB 1TB SSD Grey (Refurbished Grade A),Apple,Laptop,Refurbished Grade A
P01199,Apple MacBook Pro 14 M4 32GB 1TB SSD Grey (Refurbished Grade B),Apple,Laptop,Refurbished Grade B
P01200,Apple MacBook Pro 14 M4 32GB 1TB SSD Grey (Open Box),Apple,Laptop,Open Box
P01201,Apple MacBook Pro 16 M4 16GB 512GB SSD Black,Apple,Laptop,New
P01202,Apple MacBook Pro 16 M4 16GB 512GB SSD Black (Refurbished Grade A),Apple,Laptop,Refurbished Grade A
P01203,Apple MacBook Pro 16 M4 16GB 512GB SSD Black (Refurbished Grade B),Apple,Laptop,Refurbished Grade B
P01204,Apple MacBook Pro 16 M4 16GB 512GB SSD Black (Open Box),Apple,Laptop,Open Box
P01205,Apple MacBook Pro 16 M4 16GB 512GB SSD Silver,Apple,Laptop,New
P01206,Apple MacBook Pro 16 M4 16GB 512GB SSD Silver (Refurbished Grade A),Apple,Laptop,Refurbished Grade A
P01207,Apple MacBook Pro 16 M4 16GB 512GB SSD Silver (Refurbished Grade B),Apple,Laptop,Refurbished Grade B
P01208,Apple MacBook Pro 16 M4 16GB 512GB SSD Silver (Open Box),Apple,Laptop,Open Box
P01209,Apple MacBook Pro 16 M4 16GB 512GB SSD Grey,Apple,Laptop,New
P01210,Apple MacBook Pro 16 M4 16GB 512GB SSD Grey (Refurbished Grade A),Apple,Laptop,Refurbished Grade A
P01211,Apple MacBook Pro 16 M4 16GB 512GB SSD Grey (Refurbished Grade B),Apple,Laptop,Refurbished Grade B
P01212,Apple MacBook Pro 16 M4 16GB 512GB SSD Grey (Open Box),Apple,Laptop,Open Box
P01213,Apple MacBook Pro 16 M4 16GB 1TB SSD Black,Apple,Laptop,New
P01214,Apple MacBook Pro 16 M4 16GB 1TB SSD Black (Refurbished Grade A),Apple,Laptop,Refurbished Grade A
P01215,Apple MacBook Pro 16 M4 16GB 1TB SSD Black (Refurbished Grade B),Apple,Laptop,Refurbished Grade B
P01216,Apple MacBook Pro 16 M4 16GB 1TB SSD Black (Open Box),Apple,Laptop,Open Box
P01217,Apple MacBook Pro 16 M4 16GB 1TB SSD Silver,Apple,Laptop,New
P01218,Apple MacBook Pro 16 M4 16GB 1TB SSD Silver (Refurbished Grade A),Apple,Laptop,Refurbished Grade A
P01219,Apple MacBook Pro 16 M4 16GB 1TB SSD Silver (Refurbished Grade B),Apple,Laptop,Refurbished Grade B
P01220,Apple MacBook Pro 16 M4 16GB 1TB SSD Silver (Open Box),Apple,Laptop,Open Box
P01221,Apple MacBook Pro 16 M4 16GB 1TB SSD Grey,Apple,Laptop,New
P01222,Apple MacBook Pro 16 M4 16GB 1TB SSD Grey (Refurbished Grade A),Apple,Laptop,Refurbished Grade A
P01223,Apple MacBook Pro 16 M4 16GB 1TB SSD Grey (Refurbished Grade B),Apple,Laptop,Refurbished Grade B
P01224,Apple MacBook Pro 16 M4 16GB 1TB SSD Grey (Open Box),Apple,Laptop,Open Box
P01225,Apple MacBook Pro 16 M4 32GB 512GB SSD Black,Apple,Laptop,New
P01226,Apple MacBook Pro 16 M4 32GB 512GB SSD Black (Refurbished Grade A),Apple,Laptop,Refurbished Grade A
P01227,Apple MacBook Pro 16 M4 32GB 512GB SSD Black (Refurbished Grade B),Apple,Laptop,Refurbished Grade B
P01228,Apple MacBook Pro 16 M4 32GB 512GB SSD Black (Open Box),Apple,Laptop,Open Box
P01229,Apple MacBook Pro 16 M4 32GB 512GB SSD Silver,Apple,Laptop,New
P01230,Apple MacBook Pro 16 M4 32GB 512GB SSD Silver (Refurbished Grade A),Apple,Laptop,Refurbished Grade A
P01231,Apple MacBook Pro 16 M4 32GB 512GB SSD Silver (Refurbished Grade B),Apple,Laptop,Refurbished Grade B
P01232,Apple MacBook Pro 16 M4 32GB 512GB SSD Silver (Open Box),Apple,Laptop,Open Box
P01233,Apple MacBook Pro 16 M4 32GB 512GB SSD Grey,Apple,Laptop,New
P01234,Apple MacBook Pro 16 M4 32GB 512GB SSD Grey (Refurbished Grade A),Apple,Laptop,Refurbished Grade A
P01235,Apple MacBook Pro 16 M4 32GB 512GB SSD Grey (Refurbished Grade B),Apple,Laptop,Refurbished Grade B
P01236,Apple MacBook Pro 16 M4 32GB 512GB SSD Grey (Open Box),Apple,Laptop,Open Box
P01237,Apple MacBook Pro 16 M4 32GB 1TB SSD Black,Apple,Laptop,New
P01238,Apple MacBook Pro 16 M4 32GB 1TB SSD Black (Refurbished Grade A),Apple,Laptop,Refurbished Grade A
P01239,Apple MacBook Pro 16 M4 32GB 1TB SSD Black (Refurbished Grade B),Apple,Laptop,Refurbished Grade B
P01240,Apple MacBook Pro 16 M4 32GB 1TB SSD Black (Open Box),Apple,Laptop,Open Box
P01241,Apple MacBook Pro 16 M4 32GB 1TB SSD Silver,Apple,Laptop,New
P01242,Apple MacBook Pro 16 M4 32GB 1TB SSD Silver (Refurbished Grade A),Apple,Laptop,Refurbished Grade A
P01243,Apple MacBook Pro 16 M4 32GB 1TB SSD Silver (Refurbished Grade B),Apple,Laptop,Refurbished Grade B
P01244,Apple MacBook Pro 16 M4 32GB 1TB SSD Silver (Open Box),Apple,Laptop,Open Box
P01245,Apple MacBook Pro 16 M4 32GB 1TB SSD Grey,Apple,Laptop,New
P01246,Apple MacBook Pro 16 M4 32GB 1TB SSD Grey (Refurbished Grade A),Apple,Laptop,Refurbished Grade A
P01247,Apple MacBook Pro 16 M4 32GB 1TB SSD Grey (Refurbished Grade B),Apple,Laptop,Refurbished Grade B
P01248,Apple MacBook Pro 16 M4 32GB 1TB SSD Grey (Open Box),Apple,Laptop,Open Box
P01249,ASUS ZenBook 14 OLED 16GB 512GB SSD Black,ASUS,Laptop,New
P01250,ASUS ZenBook 14 OLED 16GB 512GB SSD Black (Refurbished Grade A),ASUS,Laptop,Refurbished Grade A
P01251,ASUS ZenBook 14 OLED 16GB 512GB SSD Black (Refurbished Grade B),ASUS,Laptop,Refurbished Grade B
P01252,ASUS ZenBook 14 OLED 16GB 512GB SSD Black (Open Box),ASUS,Laptop,Open Box
P01253,ASUS ZenBook 14 OLED 16GB 512GB SSD Silver,ASUS,Laptop,New
P01254,ASUS ZenBook 14 OLED 16GB 512GB SSD Silver (Refurbished Grade A),ASUS,Laptop,Refurbished Grade A
P01255,ASUS ZenBook 14 OLED 16GB 512GB SSD Silver (Refurbished Grade B),ASUS,Laptop,Refurbished Grade B
P01256,ASUS ZenBook 14 OLED 16GB 512GB SSD Silver (Open Box),ASUS,Laptop,Open Box
P01257,ASUS ZenBook 14 OLED 16GB 512GB SSD Grey,ASUS,Laptop,New
P01258,ASUS ZenBook 14 OLED 16GB 512GB SSD Grey (Refurbished Grade A),ASUS,Laptop,Refurbished Grade A
P01259,ASUS ZenBook 14 OLED 16GB 512GB SSD Grey (Refurbished Grade B),ASUS,Laptop,Refurbished Grade B
P01260,ASUS ZenBook 14 OLED 16GB 512GB SSD Grey (Open Box),ASUS,Laptop,Open Box
P01261,ASUS ZenBook 14 OLED 16GB 1TB SSD Black,ASUS,Laptop,New
P01262,ASUS ZenBook 14 OLED 16GB 1TB SSD Black (Refurbished Grade A),ASUS,Laptop,Refurbished Grade A
P01263,ASUS ZenBook 14 OLED 16GB 1TB SSD Black (Refurbished Grade B),ASUS,Laptop,Refurbished Grade B
P01264,ASUS ZenBook 14 OLED 16GB 1TB SSD Black (Open Box),ASUS,Laptop,Open Box
P01265,ASUS ZenBook 14 OLED 16GB 1TB SSD Silver,ASUS,Laptop,New
P01266,ASUS ZenBook 14 OLED 16GB 1TB SSD Silver (Refurbished Grade A),ASUS,Laptop,Refurbished Grade A
P01267,ASUS ZenBook 14 OLED 16GB 1TB SSD Silver (Refurbished Grade B),ASUS,Laptop,Refurbished Grade B
P01268,ASUS ZenBook 14 OLED 16GB 1TB SSD Silver (Open Box),ASUS,Laptop,Open Box
P01269,ASUS ZenBook 14 OLED 16GB 1TB SSD Grey,ASUS,Laptop,New
P01270,ASUS ZenBook 14 OLED 16GB 1TB SSD Grey (Refurbished Grade A),ASUS,Laptop,Refurbished Grade A
P01271,ASUS ZenBook 14 OLED 16GB 1TB SSD Grey (Refurbished Grade B),ASUS,Laptop,Refurbished Grade B
P01272,ASUS ZenBook 14 OLED 16GB 1TB SSD Grey (Open Box),ASUS,Laptop,Open Box
P01273,ASUS ZenBook 14 OLED 32GB 512GB SSD Black,ASUS,Laptop,New
P01274,ASUS ZenBook 14 OLED 32GB 512GB SSD Black (Refurbished Grade A),ASUS,Laptop,Refurbished Grade A
P01275,ASUS ZenBook 14 OLED 32GB 512GB SSD Black (Refurbished Grade B),ASUS,Laptop,Refurbished Grade B
P01276,ASUS ZenBook 14 OLED 32GB 512GB SSD Black (Open Box),ASUS,Laptop,Open Box
P01277,ASUS ZenBook 14 OLED 32GB 512GB SSD Silver,ASUS,Laptop,New
P01278,ASUS ZenBook 14 OLED 32GB 512GB SSD Silver (Refurbished Grade A),ASUS,Laptop,Refurbished Grade A
P01279,ASUS ZenBook 14 OLED 32GB 512GB SSD Silver (Refurbished Grade B),ASUS,Laptop,Refurbished Grade B
P01280,ASUS ZenBook 14 OLED 32GB 512GB SSD Silver (Open Box),ASUS,Laptop,Open Box
P01281,ASUS ZenBook 14 OLED 32GB 512GB SSD Grey,ASUS,Laptop,New
P01282,ASUS ZenBook 14 OLED 32GB 512GB SSD Grey (Refurbished Grade A),ASUS,Laptop,Refurbished Grade A
P01283,ASUS ZenBook 14 OLED 32GB 512GB SSD Grey (Refurbished Grade B),ASUS,Laptop,Refurbished Grade B
P01284,ASUS ZenBook 14 OLED 32GB 512GB SSD Grey (Open Box),ASUS,Laptop,Open Box
P01285,ASUS ZenBook 14 OLED 32GB 1TB SSD Black,ASUS,Laptop,New
P01286,ASUS ZenBook 14 OLED 32GB 1TB SSD Black (Refurbished Grade A),ASUS,Laptop,Refurbished Grade A
P01287,ASUS ZenBook 14 OLED 32GB 1TB SSD Black (Refurbished Grade B),ASUS,Laptop,Refurbished Grade B
P01288,ASUS ZenBook 14 OLED 32GB 1TB SSD Black (Open Box),ASUS,Laptop,Open Box
P01289,ASUS ZenBook 14 OLED 32GB 1TB SSD Silver,ASUS,Laptop,New
P01290,ASUS ZenBook 14 OLED 32GB 1TB SSD Silver (Refurbished Grade A),ASUS,Laptop,Refurbished Grade A
P01291,ASUS ZenBook 14 OLED 32GB 1TB SSD Silver (Refurbished Grade B),ASUS,Laptop,Refurbished Grade B
P01292,ASUS ZenBook 14 OLED 32GB 1TB SSD Silver (Open Box),ASUS,Laptop,Open Box
P01293,ASUS ZenBook 14 OLED 32GB 1TB SSD Grey,ASUS,Laptop,New
P01294,ASUS ZenBook 14 OLED 32GB 1TB SSD Grey (Refurbished Grade A),ASUS,Laptop,Refurbished Grade A
P01295,ASUS ZenBook 14 OLED 32GB 1TB SSD Grey (Refurbished Grade B),ASUS,Laptop,Refurbished Grade B
P01296,ASUS ZenBook 14 OLED 32GB 1TB SSD Grey (Open Box),ASUS,Laptop,Open Box
P01297,ASUS ZenBook S 13 OLED 16GB 512GB SSD Black,ASUS,Laptop,New
P01298,ASUS ZenBook S 13 OLED 16GB 512GB SSD Black (Refurbished Grade A),ASUS,Laptop,Refurbished Grade A
P01299,ASUS ZenBook S 13 OLED 16GB 512GB SSD Black (Refurbished Grade B),ASUS,Laptop,Refurbished Grade B
P01300,ASUS ZenBook S 13 OLED 16GB 512GB SSD Black (Open Box),ASUS,Laptop,Open Box
P01301,ASUS ZenBook S 13 OLED 16GB 512GB SSD Silver,ASUS,Laptop,New
P01302,ASUS ZenBook S 13 OLED 16GB 512GB SSD Silver (Refurbished Grade A),ASUS,Laptop,Refurbished Grade A
P01303,ASUS ZenBook S 13 OLED 16GB 512GB SSD Silver (Refurbished Grade B),ASUS,Laptop,Refurbished Grade B
P01304,ASUS ZenBook S 13 OLED 16GB 512GB SSD Silver (Open Box),ASUS,Laptop,Open Box
P01305,ASUS ZenBook S 13 OLED 16GB 512GB SSD Grey,ASUS,Laptop,New
P01306,ASUS ZenBook S 13 OLED 16GB 512GB SSD Grey (Refurbished Grade A),ASUS,Laptop,Refurbished Grade A
P01307,ASUS ZenBook S 13 OLED 16GB 512GB SSD Grey (Refurbished Grade B),ASUS,Laptop,Refurbished Grade B
P01308,ASUS ZenBook S 13 OLED 16GB 512GB SSD Grey (Open Box),ASUS,Laptop,Open Box
P01309,ASUS ZenBook S 13 OLED 16GB 1TB SSD Black,ASUS,Laptop,New
P01310,ASUS ZenBook S 13 OLED 16GB 1TB SSD Black (Refurbished Grade A),ASUS,Laptop,Refurbished Grade A
P01311,ASUS ZenBook S 13 OLED 16GB 1TB SSD Black (Refurbished Grade B),ASUS,Laptop,Refurbished Grade B
P01312,ASUS ZenBook S 13 OLED 16GB 1TB SSD Black (Open Box),ASUS,Laptop,Open Box
P01313,ASUS ZenBook S 13 OLED 16GB 1TB SSD Silver,ASUS,Laptop,New
P01314,ASUS ZenBook S 13 OLED 16GB 1TB SSD Silver (Refurbished Grade A),ASUS,Laptop,Refurbished Grade A
P01315,ASUS ZenBook S 13 OLED 16GB 1TB SSD Silver (Refurbished Grade B),ASUS,Laptop,Refurbished Grade B
P01316,ASUS ZenBook S 13 OLED 16GB 1TB SSD Silver (Open Box),ASUS,Laptop,Open Box
P01317,ASUS ZenBook S 13 OLED 16GB 1TB SSD Grey,ASUS,Laptop,New
P01318,ASUS ZenBook S 13 OLED 16GB 1TB SSD Grey (Refurbished Grade A),ASUS,Laptop,Refurbished Grade A
P01319,ASUS ZenBook S 13 OLED 16GB 1TB SSD Grey (Refurbished Grade B),ASUS,Laptop,Refurbished Grade B
P01320,ASUS ZenBook S 13 OLED 16GB 1TB SSD Grey (Open Box),ASUS,Laptop,Open Box
P01321,ASUS ZenBook S 13 OLED 32GB 512GB SSD Black,ASUS,Laptop,New
P01322,ASUS ZenBook S 13 OLED 32GB 512GB SSD Black (Refurbished Grade A),ASUS,Laptop,Refurbished Grade A
P01323,ASUS ZenBook S 13 OLED 32GB 512GB SSD Black (Refurbished Grade B),ASUS,Laptop,Refurbished Grade B
P01324,ASUS ZenBook S 13 OLED 32GB 512GB SSD Black (Open Box),ASUS,Laptop,Open Box
P01325,ASUS ZenBook S 13 OLED 32GB 512GB SSD Silver,ASUS,Laptop,New
P01326,ASUS ZenBook S 13 OLED 32GB 512GB SSD Silver (Refurbished Grade A),ASUS,Laptop,Refurbished Grade A
P01327,ASUS ZenBook S 13 OLED 32GB 512GB SSD Silver (Refurbished Grade B),ASUS,Laptop,Refurbished Grade B
P01328,ASUS ZenBook S 13 OLED 32GB 512GB SSD Silver (Open Box),ASUS,Laptop,Open Box
P01329,ASUS ZenBook S 13 OLED 32GB 512GB SSD Grey,ASUS,Laptop,New
P01330,ASUS ZenBook S 13 OLED 32GB 512GB SSD Grey (Refurbished Grade A),ASUS,Laptop,Refurbished Grade A
P01331,ASUS ZenBook S 13 OLED 32GB 512GB SSD Grey (Refurbished Grade B),ASUS,Laptop,Refurbished Grade B
P01332,ASUS ZenBook S 13 OLED 32GB 512GB SSD Grey (Open Box),ASUS,Laptop,Open Box
P01333,ASUS ZenBook S 13 OLED 32GB 1TB SSD Black,ASUS,Laptop,New
P01334,ASUS ZenBook S 13 OLED 32GB 1TB SSD Black (Refurbished Grade A),ASUS,Laptop,Refurbished Grade A
P01335,ASUS ZenBook S 13 OLED 32GB 1TB SSD Black (Refurbished Grade B),ASUS,Laptop,Refurbished Grade B
P01336,ASUS ZenBook S 13 OLED 32GB 1TB SSD Black (Open Box),ASUS,Laptop,Open Box
P01337,ASUS ZenBook S 13 OLED 32GB 1TB SSD Silver,ASUS,Laptop,New
P01338,ASUS ZenBook S 13 OLED 32GB 1TB SSD Silver (Refurbished Grade A),ASUS,Laptop,Refurbished Grade A
P01339,ASUS ZenBook S 13 OLED 32GB 1TB SSD Silver (Refurbished Grade B),ASUS,Laptop,Refurbished Grade B
P01340,ASUS ZenBook S 13 OLED 32GB 1TB SSD Silver (Open Box),ASUS,Laptop,Open Box
P01341,ASUS ZenBook S 13 OLED 32GB 1TB SSD Grey,ASUS,Laptop,New
P01342,ASUS ZenBook S 13 OLED 32GB 1TB SSD Grey (Refurbished Grade A),ASUS,Laptop,Refurbished Grade A
P01343,ASUS ZenBook S 13 OLED 32GB 1TB SSD Grey (Refurbished Grade B),ASUS,Laptop,Refurbished Grade B
P01344,ASUS ZenBook S 13 OLED 32GB 1TB SSD Grey (Open Box),ASUS,Laptop,Open Box
P01345,ASUS ROG Zephyrus G14 16GB 512GB SSD Black,ASUS,Laptop,New
P01346,ASUS ROG Zephyrus G14 16GB 512GB SSD Black (Refurbished Grade A),ASUS,Laptop,Refurbished Grade A
P01347,ASUS ROG Zephyrus G14 16GB 512GB SSD Black (Refurbished Grade B),ASUS,Laptop,Refurbished Grade B
P01348,ASUS ROG Zephyrus G14 16GB 512GB SSD Black (Open Box),ASUS,Laptop,Open Box
P01349,ASUS ROG Zephyrus G14 16GB 512GB SSD Silver,ASUS,Laptop,New
P01350,ASUS ROG Zephyrus G14 16GB 512GB SSD Silver (Refurbished Grade A),ASUS,Laptop,Refurbished Grade A
P01351,ASUS ROG Zephyrus G14 16GB 512GB SSD Silver (Refurbished Grade B),ASUS,Laptop,Refurbished Grade B
P01352,ASUS ROG Zephyrus G14 16GB 512GB SSD Silver (Open Box),ASUS,Laptop,Open Box
P01353,ASUS ROG Zephyrus G14 16GB 512GB SSD Grey,ASUS,Laptop,New
P01354,ASUS ROG Zephyrus G14 16GB 512GB SSD Grey (Refurbished Grade A),ASUS,Laptop,Refurbished Grade A
P01355,ASUS ROG Zephyrus G14 16GB 512GB SSD Grey (Refurbished Grade B),ASUS,Laptop,Refurbished Grade B
P01356,ASUS ROG Zephyrus G14 16GB 512GB SSD Grey (Open Box),ASUS,Laptop,Open Box
P01357,ASUS ROG Zephyrus G14 16GB 1TB SSD Black,ASUS,Laptop,New
P01358,ASUS ROG Zephyrus G14 16GB 1TB SSD Black (Refurbished Grade A),ASUS,Laptop,Refurbished Grade A
P01359,ASUS ROG Zephyrus G14 16GB 1TB SSD Black (Refurbished Grade B),ASUS,Laptop,Refurbished Grade B
P01360,ASUS ROG Zephyrus G14 16GB 1TB SSD Black (Open Box),ASUS,Laptop,Open Box
P01361,ASUS ROG Zephyrus G14 16GB 1TB SSD Silver,ASUS,Laptop,New
P01362,ASUS ROG Zephyrus G14 16GB 1TB SSD Silver (Refurbished Grade A),ASUS,Laptop,Refurbished Grade A
P01363,ASUS ROG Zephyrus G14 16GB 1TB SSD Silver (Refurbished Grade B),ASUS,Laptop,Refurbished Grade B
P01364,ASUS ROG Zephyrus G14 16GB 1TB SSD Silver (Open Box),ASUS,Laptop,Open Box
P01365,ASUS ROG Zephyrus G14 16GB 1TB SSD Grey,ASUS,Laptop,New
P01366,ASUS ROG Zephyrus G14 16GB 1TB SSD Grey (Refurbished Grade A),ASUS,Laptop,Refurbished Grade A
P01367,ASUS ROG Zephyrus G14 16GB 1TB SSD Grey (Refurbished Grade B),ASUS,Laptop,Refurbished Grade B
P01368,ASUS ROG Zephyrus G14 16GB 1TB SSD Grey (Open Box),ASUS,Laptop,Open Box
P01369,ASUS ROG Zephyrus G14 32GB 512GB SSD Black,ASUS,Laptop,New
P01370,ASUS ROG Zephyrus G14 32GB 512GB SSD Black (Refurbished Grade A),ASUS,Laptop,Refurbished Grade A
P01371,ASUS ROG Zephyrus G14 32GB 512GB SSD Black (Refurbished Grade B),ASUS,Laptop,Refurbished Grade B
P01372,ASUS ROG Zephyrus G14 32GB 512GB SSD Black (Open Box),ASUS,Laptop,Open Box
P01373,ASUS ROG Zephyrus G14 32GB 512GB SSD Silver,ASUS,Laptop,New
P01374,ASUS ROG Zephyrus G14 32GB 512GB SSD Silver (Refurbished Grade A),ASUS,Laptop,Refurbished Grade A
P01375,ASUS ROG Zephyrus G14 32GB 512GB SSD Silver (Refurbished Grade B),ASUS,Laptop,Refurbished Grade B
P01376,ASUS ROG Zephyrus G14 32GB 512GB SSD Silver (Open Box),ASUS,Laptop,Open Box
P01377,ASUS ROG Zephyrus G14 32GB 512GB SSD Grey,ASUS,Laptop,New
P01378,ASUS ROG Zephyrus G14 32GB 512GB SSD Grey (Refurbished Grade A),ASUS,Laptop,Refurbished Grade A
P01379,ASUS ROG Zephyrus G14 32GB 512GB SSD Grey (Refurbished Grade B),ASUS,Laptop,Refurbished Grade B
P01380,ASUS ROG Zephyrus G14 32GB 512GB SSD Grey (Open Box),ASUS,Laptop,Open Box
P01381,ASUS ROG Zephyrus G14 32GB 1TB SSD Black,ASUS,Laptop,New
P01382,ASUS ROG Zephyrus G14 32GB 1TB SSD Black (Refurbished Grade A),ASUS,Laptop,Refurbished Grade A
P01383,ASUS ROG Zephyrus G14 32GB 1TB SSD Black (Refurbished Grade B),ASUS,Laptop,Refurbished Grade B
P01384,ASUS ROG Zephyrus G14 32GB 1TB SSD Black (Open Box),ASUS,Laptop,Open Box
P01385,ASUS ROG Zephyrus G14 32GB 1TB SSD Silver,ASUS,Laptop,New
P01386,ASUS ROG Zephyrus G14 32GB 1TB SSD Silver (Refurbished Grade A),ASUS,Laptop,Refurbished Grade A
P01387,ASUS ROG Zephyrus G14 32GB 1TB SSD Silver (Refurbished Grade B),ASUS,Laptop,Refurbished Grade B
P01388,ASUS ROG Zephyrus G14 32GB 1TB SSD Silver (Open Box),ASUS,Laptop,Open Box
P01389,ASUS ROG Zephyrus G14 32GB 1TB SSD Grey,ASUS,Laptop,New
P01390,ASUS ROG Zephyrus G14 32GB 1TB SSD Grey (Refurbished Grade A),ASUS,Laptop,Refurbished Grade A
P01391,ASUS ROG Zephyrus G14 32GB 1TB SSD Grey (Refurbished Grade B),ASUS,Laptop,Refurbished Grade B
P01392,ASUS ROG Zephyrus G14 32GB 1TB SSD Grey (Open Box),ASUS,Laptop,Open Box
P01393,ASUS Vivobook 15 16GB 512GB SSD Black,ASUS,Laptop,New
P01394,ASUS Vivobook 15 16GB 512GB SSD Black (Refurbished Grade A),ASUS,Laptop,Refurbished Grade A
P01395,ASUS Vivobook 15 16GB 512GB SSD Black (Refurbished Grade B),ASUS,Laptop,Refurbished Grade B
P01396,ASUS Vivobook 15 16GB 512GB SSD Black (Open Box),ASUS,Laptop,Open Box
P01397,ASUS Vivobook 15 16GB 512GB SSD Silver,ASUS,Laptop,New
P01398,ASUS Vivobook 15 16GB 512GB SSD Silver (Refurbished Grade A),ASUS,Laptop,Refurbished Grade A
P01399,ASUS Vivobook 15 16GB 512GB SSD Silver (Refurbished Grade B),ASUS,Laptop,Refurbished Grade B
P01400,ASUS Vivobook 15 16GB 512GB SSD Silver (Open Box),ASUS,Laptop,Open Box
P01401,ASUS Vivobook 15 16GB 512GB SSD Grey,ASUS,Laptop,New
P01402,ASUS Vivobook 15 16GB 512GB SSD Grey (Refurbished Grade A),ASUS,Laptop,Refurbished Grade A
P01403,ASUS Vivobook 15 16GB 512GB SSD Grey (Refurbished Grade B),ASUS,Laptop,Refurbished Grade B
P01404,ASUS Vivobook 15 16GB 512GB SSD Grey (Open Box),ASUS,Laptop,Open Box
P01405,ASUS Vivobook 15 16GB 1TB SSD Black,ASUS,Laptop,New
P01406,ASUS Vivobook 15 16GB 1TB SSD Black (Refurbished Grade A),ASUS,Laptop,Refurbished Grade A
P01407,ASUS Vivobook 15 16GB 1TB SSD Black (Refurbished Grade B),ASUS,Laptop,Refurbished Grade B
P01408,ASUS Vivobook 15 16GB 1TB SSD Black (Open Box),ASUS,Laptop,Open Box
P01409,ASUS Vivobook 15 16GB 1TB SSD Silver,ASUS,Laptop,New
P01410,ASUS Vivobook 15 16GB 1TB SSD Silver (Refurbished Grade A),ASUS,Laptop,Refurbished Grade A
P01411,ASUS Vivobook 15 16GB 1TB SSD Silver (Refurbished Grade B),ASUS,Laptop,Refurbished Grade B
P01412,ASUS Vivobook 15 16GB 1TB SSD Silver (Open Box),ASUS,Laptop,Open Box
P01413,ASUS Vivobook 15 16GB 1TB SSD Grey,ASUS,Laptop,New
P01414,ASUS Vivobook 15 16GB 1TB SSD Grey (Refurbished Grade A),ASUS,Laptop,Refurbished Grade A
P01415,ASUS Vivobook 15 16GB 1TB SSD Grey (Refurbished Grade B),ASUS,Laptop,Refurbished Grade B
P01416,ASUS Vivobook 15 16GB 1TB SSD Grey (Open Box),ASUS,Laptop,Open Box
P01417,ASUS Vivobook 15 32GB 512GB SSD Black,ASUS,Laptop,New
P01418,ASUS Vivobook 15 32GB 512GB SSD Black (Refurbished Grade A),ASUS,Laptop,Refurbished Grade A
P01419,ASUS Vivobook 15 32GB 512GB SSD Black (Refurbished Grade B),ASUS,Laptop,Refurbished Grade B
P01420,ASUS Vivobook 15 32GB 512GB SSD Black (Open Box),ASUS,Laptop,Open Box
P01421,ASUS Vivobook 15 32GB 512GB SSD Silver,ASUS,Laptop,New
P01422,ASUS Vivobook 15 32GB 512GB SSD Silver (Refurbished Grade A),ASUS,Laptop,Refurbished Grade A
P01423,ASUS Vivobook 15 32GB 512GB SSD Silver (Refurbished Grade B),ASUS,Laptop,Refurbished Grade B
P01424,ASUS Vivobook 15 32GB 512GB SSD Silver (Open Box),ASUS,Laptop,Open Box
P01425,ASUS Vivobook 15 32GB 512GB SSD Grey,ASUS,Laptop,New
P01426,ASUS Vivobook 15 32GB 512GB SSD Grey (Refurbished Grade A),ASUS,Laptop,Refurbished Grade A
P01427,ASUS Vivobook 15 32GB 512GB SSD Grey (Refurbished Grade B),ASUS,Laptop,Refurbished Grade B
P01428,ASUS Vivobook 15 32GB 512GB SSD Grey (Open Box),ASUS,Laptop,Open Box
P01429,ASUS Vivobook 15 32GB 1TB SSD Black,ASUS,Laptop,New
P01430,ASUS Vivobook 15 32GB 1TB SSD Black (Refurbished Grade A),ASUS,Laptop,Refurbished Grade A
P01431,ASUS Vivobook 15 32GB 1TB SSD Black (Refurbished Grade B),ASUS,Laptop,Refurbished Grade B
P01432,ASUS Vivobook 15 32GB 1TB SSD Black (Open Box),ASUS,Laptop,Open Box
P01433,ASUS Vivobook 15 32GB 1TB SSD Silver,ASUS,Laptop,New
P01434,ASUS Vivobook 15 32GB 1TB SSD Silver (Refurbished Grade A),ASUS,Laptop,Refurbished Grade A
P01435,ASUS Vivobook 15 32GB 1TB SSD Silver (Refurbished Grade B),ASUS,Laptop,Refurbished Grade B
P01436,ASUS Vivobook 15 32GB 1TB SSD Silver (Open Box),ASUS,Laptop,Open Box
P01437,ASUS Vivobook 15 32GB 1TB SSD Grey,ASUS,Laptop,New
P01438,ASUS Vivobook 15 32GB 1TB SSD Grey (Refurbished Grade A),ASUS,Laptop,Refurbished Grade A
P01439,ASUS Vivobook 15 32GB 1TB SSD Grey (Refurbished Grade B),ASUS,Laptop,Refurbished Grade B
P01440,ASUS Vivobook 15 32GB 1TB SSD Grey (Open Box),ASUS,Laptop,Open Box
P01441,ASUS TUF Gaming A15 16GB 512GB SSD Black,ASUS,Laptop,New
P01442,ASUS TUF Gaming A15 16GB 512GB SSD Black (Refurbished Grade A),ASUS,Laptop,Refurbished Grade A
P01443,ASUS TUF Gaming A15 16GB 512GB SSD Black (Refurbished Grade B),ASUS,Laptop,Refurbished Grade B
P01444,ASUS TUF Gaming A15 16GB 512GB SSD Black (Open Box),ASUS,Laptop,Open Box
P01445,ASUS TUF Gaming A15 16GB 512GB SSD Silver,ASUS,Laptop,New
P01446,ASUS TUF Gaming A15 16GB 512GB SSD Silver (Refurbished Grade A),ASUS,Laptop,Refurbished Grade A
P01447,ASUS TUF Gaming A15 16GB 512GB SSD Silver (Refurbished Grade B),ASUS,Laptop,Refurbished Grade B
P01448,ASUS TUF Gaming A15 16GB 512GB SSD Silver (Open Box),ASUS,Laptop,Open Box
P01449,ASUS TUF Gaming A15 16GB 512GB SSD Grey,ASUS,Laptop,New
P01450,ASUS TUF Gaming A15 16GB 512GB SSD Grey (Refurbished Grade A),ASUS,Laptop,Refurbished Grade A
P01451,ASUS TUF Gaming A15 16GB 512GB SSD Grey (Refurbished Grade B),ASUS,Laptop,Refurbished Grade B
P01452,ASUS TUF Gaming A15 16GB 512GB SSD Grey (Open Box),ASUS,Laptop,Open Box
P01453,ASUS TUF Gaming A15 16GB 1TB SSD Black,ASUS,Laptop,New
P01454,ASUS TUF Gaming A15 16GB 1TB SSD Black (Refurbished Grade A),ASUS,Laptop,Refurbished Grade A
P01455,ASUS TUF Gaming A15 16GB 1TB SSD Black (Refurbished Grade B),ASUS,Laptop,Refurbished Grade B
P01456,ASUS TUF Gaming A15 16GB 1TB SSD Black (Open Box),ASUS,Laptop,Open Box
P01457,ASUS TUF Gaming A15 16GB 1TB SSD Silver,ASUS,Laptop,New
P01458,ASUS TUF Gaming A15 16GB 1TB SSD Silver (Refurbished Grade A),ASUS,Laptop,Refurbished Grade A
P01459,ASUS TUF Gaming A15 16GB 1TB SSD Silver (Refurbished Grade B),ASUS,Laptop,Refurbished Grade B
P01460,ASUS TUF Gaming A15 16GB 1TB SSD Silver (Open Box),ASUS,Laptop,Open Box
P01461,ASUS TUF Gaming A15 16GB 1TB SSD Grey,ASUS,Laptop,New
P01462,ASUS TUF Gaming A15 16GB 1TB SSD Grey (Refurbished Grade A),ASUS,Laptop,Refurbished Grade A
P01463,ASUS TUF Gaming A15 16GB 1TB SSD Grey (Refurbished Grade B),ASUS,Laptop,Refurbished Grade B
P01464,ASUS TUF Gaming A15 16GB 1TB SSD Grey (Open Box),ASUS,Laptop,Open Box
P01465,ASUS TUF Gaming A15 32GB 512GB SSD Black,ASUS,Laptop,New
P01466,ASUS TUF Gaming A15 32GB 512GB SSD Black (Refurbished Grade A),ASUS,Laptop,Refurbished Grade A
P01467,ASUS TUF Gaming A15 32GB 512GB SSD Black (Refurbished Grade B),ASUS,Laptop,Refurbished Grade B
P01468,ASUS TUF Gaming A15 32GB 512GB SSD Black (Open Box),ASUS,Laptop,Open Box
P01469,ASUS TUF Gaming A15 32GB 512GB SSD Silver,ASUS,Laptop,New
P01470,ASUS TUF Gaming A15 32GB 512GB SSD Silver (Refurbished Grade A),ASUS,Laptop,Refurbished Grade A
P01471,ASUS TUF Gaming A15 32GB 512GB SSD Silver (Refurbished Grade B),ASUS,Laptop,Refurbished Grade B
P01472,ASUS TUF Gaming A15 32GB 512GB SSD Silver (Open Box),ASUS,Laptop,Open Box
P01473,ASUS TUF Gaming A15 32GB 512GB SSD Grey,ASUS,Laptop,New
P01474,ASUS TUF Gaming A15 32GB 512GB SSD Grey (Refurbished Grade A),ASUS,Laptop,Refurbished Grade A
P01475,ASUS TUF Gaming A15 32GB 512GB SSD Grey (Refurbished Grade B),ASUS,Laptop,Refurbished Grade B
P01476,ASUS TUF Gaming A15 32GB 512GB SSD Grey (Open Box),ASUS,Laptop,Open Box
P01477,ASUS TUF Gaming A15 32GB 1TB SSD Black,ASUS,Laptop,New
P01478,ASUS TUF Gaming A15 32GB 1TB SSD Black (Refurbished Grade A),ASUS,Laptop,Refurbished Grade A
P01479,ASUS TUF Gaming A15 32GB 1TB SSD Black (Refurbished Grade B),ASUS,Laptop,Refurbished Grade B
P01480,ASUS TUF Gaming A15 32GB 1TB SSD Black (Open Box),ASUS,Laptop,Open Box
P01481,ASUS TUF Gaming A15 32GB 1TB SSD Silver,ASUS,Laptop,New
P01482,ASUS TUF Gaming A15 32GB 1TB SSD Silver (Refurbished Grade A),ASUS,Laptop,Refurbished Grade A
P01483,ASUS TUF Gaming A15 32GB 1TB SSD Silver (Refurbished Grade B),ASUS,Laptop,Refurbished Grade B
P01484,ASUS TUF Gaming A15 32GB 1TB SSD Silver (Open Box),ASUS,Laptop,Open Box
P01485,ASUS TUF Gaming A15 32GB 1TB SSD Grey,ASUS,Laptop,New
P01486,ASUS TUF Gaming A15 32GB 1TB SSD Grey (Refurbished Grade A),ASUS,Laptop,Refurbished Grade A
P01487,ASUS TUF Gaming A15 32GB 1TB SSD Grey (Refurbished Grade B),ASUS,Laptop,Refurbished Grade B
P01488,ASUS TUF Gaming A15 32GB 1TB SSD Grey (Open Box),ASUS,Laptop,Open Box
P01489,Acer Swift Go 14 16GB 512GB SSD Black,Acer,Laptop,New
P01490,Acer Swift Go 14 16GB 512GB SSD Black (Refurbished Grade A),Acer,Laptop,Refurbished Grade A
P01491,Acer Swift Go 14 16GB 512GB SSD Black (Refurbished Grade B),Acer,Laptop,Refurbished Grade B
P01492,Acer Swift Go 14 16GB 512GB SSD Black (Open Box),Acer,Laptop,Open Box
P01493,Acer Swift Go 14 16GB 512GB SSD Silver,Acer,Laptop,New
P01494,Acer Swift Go 14 16GB 512GB SSD Silver (Refurbished Grade A),Acer,Laptop,Refurbished Grade A
P01495,Acer Swift Go 14 16GB 512GB SSD Silver (Refurbished Grade B),Acer,Laptop,Refurbished Grade B
P01496,Acer Swift Go 14 16GB 512GB SSD Silver (Open Box),Acer,Laptop,Open Box
P01497,Acer Swift Go 14 16GB 512GB SSD Grey,Acer,Laptop,New
P01498,Acer Swift Go 14 16GB 512GB SSD Grey (Refurbished Grade A),Acer,Laptop,Refurbished Grade A
P01499,Acer Swift Go 14 16GB 512GB SSD Grey (Refurbished Grade B),Acer,Laptop,Refurbished Grade B
P01500,Acer Swift Go 14 16GB 512GB SSD Grey (Open Box),Acer,Laptop,Open Box
P01501,Acer Swift Go 14 16GB 1TB SSD Black,Acer,Laptop,New
P01502,Acer Swift Go 14 16GB 1TB SSD Black (Refurbished Grade A),Acer,Laptop,Refurbished Grade A
P01503,Acer Swift Go 14 16GB 1TB SSD Black (Refurbished Grade B),Acer,Laptop,Refurbished Grade B
P01504,Acer Swift Go 14 16GB 1TB SSD Black (Open Box),Acer,Laptop,Open Box
P01505,Acer Swift Go 14 16GB 1TB SSD Silver,Acer,Laptop,New
P01506,Acer Swift Go 14 16GB 1TB SSD Silver (Refurbished Grade A),Acer,Laptop,Refurbished Grade A
P01507,Acer Swift Go 14 16GB 1TB SSD Silver (Refurbished Grade B),Acer,Laptop,Refurbished Grade B
P01508,Acer Swift Go 14 16GB 1TB SSD Silver (Open Box),Acer,Laptop,Open Box
P01509,Acer Swift Go 14 16GB 1TB SSD Grey,Acer,Laptop,New
P01510,Acer Swift Go 14 16GB 1TB SSD Grey (Refurbished Grade A),Acer,Laptop,Refurbished Grade A
P01511,Acer Swift Go 14 16GB 1TB SSD Grey (Refurbished Grade B),Acer,Laptop,Refurbished Grade B
P01512,Acer Swift Go 14 16GB 1TB SSD Grey (Open Box),Acer,Laptop,Open Box
P01513,Acer Swift Go 14 32GB 512GB SSD Black,Acer,Laptop,New
P01514,Acer Swift Go 14 32GB 512GB SSD Black (Refurbished Grade A),Acer,Laptop,Refurbished Grade A
P01515,Acer Swift Go 14 32GB 512GB SSD Black (Refurbished Grade B),Acer,Laptop,Refurbished Grade B
P01516,Acer Swift Go 14 32GB 512GB SSD Black (Open Box),Acer,Laptop,Open Box
P01517,Acer Swift Go 14 32GB 512GB SSD Silver,Acer,Laptop,New
P01518,Acer Swift Go 14 32GB 512GB SSD Silver (Refurbished Grade A),Acer,Laptop,Refurbished Grade A
P01519,Acer Swift Go 14 32GB 512GB SSD Silver (Refurbished Grade B),Acer,Laptop,Refurbished Grade B
P01520,Acer Swift Go 14 32GB 512GB SSD Silver (Open Box),Acer,Laptop,Open Box
P01521,Acer Swift Go 14 32GB 512GB SSD Grey,Acer,Laptop,New
P01522,Acer Swift Go 14 32GB 512GB SSD Grey (Refurbished Grade A),Acer,Laptop,Refurbished Grade A
P01523,Acer Swift Go 14 32GB 512GB SSD Grey (Refurbished Grade B),Acer,Laptop,Refurbished Grade B
P01524,Acer Swift Go 14 32GB 512GB SSD Grey (Open Box),Acer,Laptop,Open Box
P01525,Acer Swift Go 14 32GB 1TB SSD Black,Acer,Laptop,New
P01526,Acer Swift Go 14 32GB 1TB SSD Black (Refurbished Grade A),Acer,Laptop,Refurbished Grade A
P01527,Acer Swift Go 14 32GB 1TB SSD Black (Refurbished Grade B),Acer,Laptop,Refurbished Grade B
P01528,Acer Swift Go 14 32GB 1TB SSD Black (Open Box),Acer,Laptop,Open Box
P01529,Acer Swift Go 14 32GB 1TB SSD Silver,Acer,Laptop,New
P01530,Acer Swift Go 14 32GB 1TB SSD Silver (Refurbished Grade A),Acer,Laptop,Refurbished Grade A
P01531,Acer Swift Go 14 32GB 1TB SSD Silver (Refurbished Grade B),Acer,Laptop,Refurbished Grade B
P01532,Acer Swift Go 14 32GB 1TB SSD Silver (Open Box),Acer,Laptop,Open Box
P01533,Acer Swift Go 14 32GB 1TB SSD Grey,Acer,Laptop,New
P01534,Acer Swift Go 14 32GB 1TB SSD Grey (Refurbished Grade A),Acer,Laptop,Refurbished Grade A
P01535,Acer Swift Go 14 32GB 1TB SSD Grey (Refurbished Grade B),Acer,Laptop,Refurbished Grade B
P01536,Acer Swift Go 14 32GB 1TB SSD Grey (Open Box),Acer,Laptop,Open Box
P01537,Acer Aspire 5 16GB 512GB SSD Black,Acer,Laptop,New
P01538,Acer Aspire 5 16GB 512GB SSD Black (Refurbished Grade A),Acer,Laptop,Refurbished Grade A
P01539,Acer Aspire 5 16GB 512GB SSD Black (Refurbished Grade B),Acer,Laptop,Refurbished Grade B
P01540,Acer Aspire 5 16GB 512GB SSD Black (Open Box),Acer,Laptop,Open Box
P01541,Acer Aspire 5 16GB 512GB SSD Silver,Acer,Laptop,New
P01542,Acer Aspire 5 16GB 512GB SSD Silver (Refurbished Grade A),Acer,Laptop,Refurbished Grade A
P01543,Acer Aspire 5 16GB 512GB SSD Silver (Refurbished Grade B),Acer,Laptop,Refurbished Grade B
P01544,Acer Aspire 5 16GB 512GB SSD Silver (Open Box),Acer,Laptop,Open Box
P01545,Acer Aspire 5 16GB 512GB SSD Grey,Acer,Laptop,New
P01546,Acer Aspire 5 16GB 512GB SSD Grey (Refurbished Grade A),Acer,Laptop,Refurbished Grade A
P01547,Acer Aspire 5 16GB 512GB SSD Grey (Refurbished Grade B),Acer,Laptop,Refurbished Grade B
P01548,Acer Aspire 5 16GB 512GB SSD Grey (Open Box),Acer,Laptop,Open Box
P01549,Acer Aspire 5 16GB 1TB SSD Black,Acer,Laptop,New
P01550,Acer Aspire 5 16GB 1TB SSD Black (Refurbished Grade A),Acer,Laptop,Refurbished Grade A
P01551,Acer Aspire 5 16GB 1TB SSD Black (Refurbished Grade B),Acer,Laptop,Refurbished Grade B
P01552,Acer Aspire 5 16GB 1TB SSD Black (Open Box),Acer,Laptop,Open Box
P01553,Acer Aspire 5 16GB 1TB SSD Silver,Acer,Laptop,New
P01554,Acer Aspire 5 16GB 1TB SSD Silver (Refurbished Grade A),Acer,Laptop,Refurbished Grade A
P01555,Acer Aspire 5 16GB 1TB SSD Silver (Refurbished Grade B),Acer,Laptop,Refurbished Grade B
P01556,Acer Aspire 5 16GB 1TB SSD Silver (Open Box),Acer,Laptop,Open Box
P01557,Acer Aspire 5 16GB 1TB SSD Grey,Acer,Laptop,New
P01558,Acer Aspire 5 16GB 1TB SSD Grey (Refurbished Grade A),Acer,Laptop,Refurbished Grade A
P01559,Acer Aspire 5 16GB 1TB SSD Grey (Refurbished Grade B),Acer,Laptop,Refurbished Grade B
P01560,Acer Aspire 5 16GB 1TB SSD Grey (Open Box),Acer,Laptop,Open Box
P01561,Acer Aspire 5 32GB 512GB SSD Black,Acer,Laptop,New
P01562,Acer Aspire 5 32GB 512GB SSD Black (Refurbished Grade A),Acer,Laptop,Refurbished Grade A
P01563,Acer Aspire 5 32GB 512GB SSD Black (Refurbished Grade B),Acer,Laptop,Refurbished Grade B
P01564,Acer Aspire 5 32GB 512GB SSD Black (Open Box),Acer,Laptop,Open Box
P01565,Acer Aspire 5 32GB 512GB SSD Silver,Acer,Laptop,New
P01566,Acer Aspire 5 32GB 512GB SSD Silver (Refurbished Grade A),Acer,Laptop,Refurbished Grade A
P01567,Acer Aspire 5 32GB 512GB SSD Silver (Refurbished Grade B),Acer,Laptop,Refurbished Grade B
P01568,Acer Aspire 5 32GB 512GB SSD Silver (Open Box),Acer,Laptop,Open Box
P01569,Acer Aspire 5 32GB 512GB SSD Grey,Acer,Laptop,New
P01570,Acer Aspire 5 32GB 512GB SSD Grey (Refurbished Grade A),Acer,Laptop,Refurbished Grade A
P01571,Acer Aspire 5 32GB 512GB SSD Grey (Refurbished Grade B),Acer,Laptop,Refurbished Grade B
P01572,Acer Aspire 5 32GB 512GB SSD Grey (Open Box),Acer,Laptop,Open Box
P01573,Acer Aspire 5 32GB 1TB SSD Black,Acer,Laptop,New
P01574,Acer Aspire 5 32GB 1TB SSD Black (Refurbished Grade A),Acer,Laptop,Refurbished Grade A
P01575,Acer Aspire 5 32GB 1TB SSD Black (Refurbished Grade B),Acer,Laptop,Refurbished Grade B
P01576,Acer Aspire 5 32GB 1TB SSD Black (Open Box),Acer,Laptop,Open Box
P01577,Acer Aspire 5 32GB 1TB SSD Silver,Acer,Laptop,New
P01578,Acer Aspire 5 32GB 1TB SSD Silver (Refurbished Grade A),Acer,Laptop,Refurbished Grade A
P01579,Acer Aspire 5 32GB 1TB SSD Silver (Refurbished Grade B),Acer,Laptop,Refurbished Grade B
P01580,Acer Aspire 5 32GB 1TB SSD Silver (Open Box),Acer,Laptop,Open Box
P01581,Acer Aspire 5 32GB 1TB SSD Grey,Acer,Laptop,New
P01582,Acer Aspire 5 32GB 1TB SSD Grey (Refurbished Grade A),Acer,Laptop,Refurbished Grade A
P01583,Acer Aspire 5 32GB 1TB SSD Grey (Refurbished Grade B),Acer,Laptop,Refurbished Grade B
P01584,Acer Aspire 5 32GB 1TB SSD Grey (Open Box),Acer,Laptop,Open Box
P01585,Acer Nitro V 15 16GB 512GB SSD Black,Acer,Laptop,New
P01586,Acer Nitro V 15 16GB 512GB SSD Black (Refurbished Grade A),Acer,Laptop,Refurbished Grade A
P01587,Acer Nitro V 15 16GB 512GB SSD Black (Refurbished Grade B),Acer,Laptop,Refurbished Grade B
P01588,Acer Nitro V 15 16GB 512GB SSD Black (Open Box),Acer,Laptop,Open Box
P01589,Acer Nitro V 15 16GB 512GB SSD Silver,Acer,Laptop,New
P01590,Acer Nitro V 15 16GB 512GB SSD Silver (Refurbished Grade A),Acer,Laptop,Refurbished Grade A
P01591,Acer Nitro V 15 16GB 512GB SSD Silver (Refurbished Grade B),Acer,Laptop,Refurbished Grade B
P01592,Acer Nitro V 15 16GB 512GB SSD Silver (Open Box),Acer,Laptop,Open Box
P01593,Acer Nitro V 15 16GB 512GB SSD Grey,Acer,Laptop,New
P01594,Acer Nitro V 15 16GB 512GB SSD Grey (Refurbished Grade A),Acer,Laptop,Refurbished Grade A
P01595,Acer Nitro V 15 16GB 512GB SSD Grey (Refurbished Grade B),Acer,Laptop,Refurbished Grade B
P01596,Acer Nitro V 15 16GB 512GB SSD Grey (Open Box),Acer,Laptop,Open Box
P01597,Acer Nitro V 15 16GB 1TB SSD Black,Acer,Laptop,New
P01598,Acer Nitro V 15 16GB 1TB SSD Black (Refurbished Grade A),Acer,Laptop,Refurbished Grade A
P01599,Acer Nitro V 15 16GB 1TB SSD Black (Refurbished Grade B),Acer,Laptop,Refurbished Grade B
P01600,Acer Nitro V 15 16GB 1TB SSD Black (Open Box),Acer,Laptop,Open Box
P01601,Acer Nitro V 15 16GB 1TB SSD Silver,Acer,Laptop,New
P01602,Acer Nitro V 15 16GB 1TB SSD Silver (Refurbished Grade A),Acer,Laptop,Refurbished Grade A
P01603,Acer Nitro V 15 16GB 1TB SSD Silver (Refurbished Grade B),Acer,Laptop,Refurbished Grade B
P01604,Acer Nitro V 15 16GB 1TB SSD Silver (Open Box),Acer,Laptop,Open Box
P01605,Acer Nitro V 15 16GB 1TB SSD Grey,Acer,Laptop,New
P01606,Acer Nitro V 15 16GB 1TB SSD Grey (Refurbished Grade A),Acer,Laptop,Refurbished Grade A
P01607,Acer Nitro V 15 16GB 1TB SSD Grey (Refurbished Grade B),Acer,Laptop,Refurbished Grade B
P01608,Acer Nitro V 15 16GB 1TB SSD Grey (Open Box),Acer,Laptop,Open Box
P01609,Acer Nitro V 15 32GB 512GB SSD Black,Acer,Laptop,New
P01610,Acer Nitro V 15 32GB 512GB SSD Black (Refurbished Grade A),Acer,Laptop,Refurbished Grade A
P01611,Acer Nitro V 15 32GB 512GB SSD Black (Refurbished Grade B),Acer,Laptop,Refurbished Grade B
P01612,Acer Nitro V 15 32GB 512GB SSD Black (Open Box),Acer,Laptop,Open Box
P01613,Acer Nitro V 15 32GB 512GB SSD Silver,Acer,Laptop,New
P01614,Acer Nitro V 15 32GB 512GB SSD Silver (Refurbished Grade A),Acer,Laptop,Refurbished Grade A
P01615,Acer Nitro V 15 32GB 512GB SSD Silver (Refurbished Grade B),Acer,Laptop,Refurbished Grade B
P01616,Acer Nitro V 15 32GB 512GB SSD Silver (Open Box),Acer,Laptop,Open Box
P01617,Acer Nitro V 15 32GB 512GB SSD Grey,Acer,Laptop,New
P01618,Acer Nitro V 15 32GB 512GB SSD Grey (Refurbished Grade A),Acer,Laptop,Refurbished Grade A
P01619,Acer Nitro V 15 32GB 512GB SSD Grey (Refurbished Grade B),Acer,Laptop,Refurbished Grade B
P01620,Acer Nitro V 15 32GB 512GB SSD Grey (Open Box),Acer,Laptop,Open Box
P01621,Acer Nitro V 15 32GB 1TB SSD Black,Acer,Laptop,New
P01622,Acer Nitro V 15 32GB 1TB SSD Black (Refurbished Grade A),Acer,Laptop,Refurbished Grade A
P01623,Acer Nitro V 15 32GB 1TB SSD Black (Refurbished Grade B),Acer,Laptop,Refurbished Grade B
P01624,Acer Nitro V 15 32GB 1TB SSD Black (Open Box),Acer,Laptop,Open Box
P01625,Acer Nitro V 15 32GB 1TB SSD Silver,Acer,Laptop,New
P01626,Acer Nitro V 15 32GB 1TB SSD Silver (Refurbished Grade A),Acer,Laptop,Refurbished Grade A
P01627,Acer Nitro V 15 32GB 1TB SSD Silver (Refurbished Grade B),Acer,Laptop,Refurbished Grade B
P01628,Acer Nitro V 15 32GB 1TB SSD Silver (Open Box),Acer,Laptop,Open Box
P01629,Acer Nitro V 15 32GB 1TB SSD Grey,Acer,Laptop,New
P01630,Acer Nitro V 15 32GB 1TB SSD Grey (Refurbished Grade A),Acer,Laptop,Refurbished Grade A
P01631,Acer Nitro V 15 32GB 1TB SSD Grey (Refurbished Grade B),Acer,Laptop,Refurbished Grade B
P01632,Acer Nitro V 15 32GB 1TB SSD Grey (Open Box),Acer,Laptop,Open Box
P01633,Acer Predator Helios Neo 16 16GB 512GB SSD Black,Acer,Laptop,New
P01634,Acer Predator Helios Neo 16 16GB 512GB SSD Black (Refurbished Grade A),Acer,Laptop,Refurbished Grade A
P01635,Acer Predator Helios Neo 16 16GB 512GB SSD Black (Refurbished Grade B),Acer,Laptop,Refurbished Grade B
P01636,Acer Predator Helios Neo 16 16GB 512GB SSD Black (Open Box),Acer,Laptop,Open Box
P01637,Acer Predator Helios Neo 16 16GB 512GB SSD Silver,Acer,Laptop,New
P01638,Acer Predator Helios Neo 16 16GB 512GB SSD Silver (Refurbished Grade A),Acer,Laptop,Refurbished Grade A
P01639,Acer Predator Helios Neo 16 16GB 512GB SSD Silver (Refurbished Grade B),Acer,Laptop,Refurbished Grade B
P01640,Acer Predator Helios Neo 16 16GB 512GB SSD Silver (Open Box),Acer,Laptop,Open Box
P01641,Acer Predator Helios Neo 16 16GB 512GB SSD Grey,Acer,Laptop,New
P01642,Acer Predator Helios Neo 16 16GB 512GB SSD Grey (Refurbished Grade A),Acer,Laptop,Refurbished Grade A
P01643,Acer Predator Helios Neo 16 16GB 512GB SSD Grey (Refurbished Grade B),Acer,Laptop,Refurbished Grade B
P01644,Acer Predator Helios Neo 16 16GB 512GB SSD Grey (Open Box),Acer,Laptop,Open Box
P01645,Acer Predator Helios Neo 16 16GB 1TB SSD Black,Acer,Laptop,New
P01646,Acer Predator Helios Neo 16 16GB 1TB SSD Black (Refurbished Grade A),Acer,Laptop,Refurbished Grade A
P01647,Acer Predator Helios Neo 16 16GB 1TB SSD Black (Refurbished Grade B),Acer,Laptop,Refurbished Grade B
P01648,Acer Predator Helios Neo 16 16GB 1TB SSD Black (Open Box),Acer,Laptop,Open Box
P01649,Acer Predator Helios Neo 16 16GB 1TB SSD Silver,Acer,Laptop,New
P01650,Acer Predator Helios Neo 16 16GB 1TB SSD Silver (Refurbished Grade A),Acer,Laptop,Refurbished Grade A
P01651,Acer Predator Helios Neo 16 16GB 1TB SSD Silver (Refurbished Grade B),Acer,Laptop,Refurbished Grade B
P01652,Acer Predator Helios Neo 16 16GB 1TB SSD Silver (Open Box),Acer,Laptop,Open Box
P01653,Acer Predator Helios Neo 16 16GB 1TB SSD Grey,Acer,Laptop,New
P01654,Acer Predator Helios Neo 16 16GB 1TB SSD Grey (Refurbished Grade A),Acer,Laptop,Refurbished Grade A
P01655,Acer Predator Helios Neo 16 16GB 1TB SSD Grey (Refurbished Grade B),Acer,Laptop,Refurbished Grade B
P01656,Acer Predator Helios Neo 16 16GB 1TB SSD Grey (Open Box),Acer,Laptop,Open Box
P01657,Acer Predator Helios Neo 16 32GB 512GB SSD Black,Acer,Laptop,New
P01658,Acer Predator Helios Neo 16 32GB 512GB SSD Black (Refurbished Grade A),Acer,Laptop,Refurbished Grade A
P01659,Acer Predator Helios Neo 16 32GB 512GB SSD Black (Refurbished Grade B),Acer,Laptop,Refurbished Grade B
P01660,Acer Predator Helios Neo 16 32GB 512GB SSD Black (Open Box),Acer,Laptop,Open Box
P01661,Acer Predator Helios Neo 16 32GB 512GB SSD Silver,Acer,Laptop,New
P01662,Acer Predator Helios Neo 16 32GB 512GB SSD Silver (Refurbished Grade A),Acer,Laptop,Refurbished Grade A
P01663,Acer Predator Helios Neo 16 32GB 512GB SSD Silver (Refurbished Grade B),Acer,Laptop,Refurbished Grade B
P01664,Acer Predator Helios Neo 16 32GB 512GB SSD Silver (Open Box),Acer,Laptop,Open Box
P01665,Acer Predator Helios Neo 16 32GB 512GB SSD Grey,Acer,Laptop,New
P01666,Acer Predator Helios Neo 16 32GB 512GB SSD Grey (Refurbished Grade A),Acer,Laptop,Refurbished Grade A
P01667,Acer Predator Helios Neo 16 32GB 512GB SSD Grey (Refurbished Grade B),Acer,Laptop,Refurbished Grade B
P01668,Acer Predator Helios Neo 16 32GB 512GB SSD Grey (Open Box),Acer,Laptop,Open Box
P01669,Acer Predator Helios Neo 16 32GB 1TB SSD Black,Acer,Laptop,New
P01670,Acer Predator Helios Neo 16 32GB 1TB SSD Black (Refurbished Grade A),Acer,Laptop,Refurbished Grade A
P01671,Acer Predator Helios Neo 16 32GB 1TB SSD Black (Refurbished Grade B),Acer,Laptop,Refurbished Grade B
P01672,Acer Predator Helios Neo 16 32GB 1TB SSD Black (Open Box),Acer,Laptop,Open Box
P01673,Acer Predator Helios Neo 16 32GB 1TB SSD Silver,Acer,Laptop,New
P01674,Acer Predator Helios Neo 16 32GB 1TB SSD Silver (Refurbished Grade A),Acer,Laptop,Refurbished Grade A
P01675,Acer Predator Helios Neo 16 32GB 1TB SSD Silver (Refurbished Grade B),Acer,Laptop,Refurbished Grade B
P01676,Acer Predator Helios Neo 16 32GB 1TB SSD Silver (Open Box),Acer,Laptop,Open Box
P01677,Acer Predator Helios Neo 16 32GB 1TB SSD Grey,Acer,Laptop,New
P01678,Acer Predator Helios Neo 16 32GB 1TB SSD Grey (Refurbished Grade A),Acer,Laptop,Refurbished Grade A
P01679,Acer Predator Helios Neo 16 32GB 1TB SSD Grey (Refurbished Grade B),Acer,Laptop,Refurbished Grade B
P01680,Acer Predator Helios Neo 16 32GB 1TB SSD Grey (Open Box),Acer,Laptop,Open Box
P01681,Microsoft Surface Laptop 7 16GB 512GB SSD Black,Microsoft,Laptop,New
P01682,Microsoft Surface Laptop 7 16GB 512GB SSD Black (Refurbished Grade A),Microsoft,Laptop,Refurbished Grade A
P01683,Microsoft Surface Laptop 7 16GB 512GB SSD Black (Refurbished Grade B),Microsoft,Laptop,Refurbished Grade B
P01684,Microsoft Surface Laptop 7 16GB 512GB SSD Black (Open Box),Microsoft,Laptop,Open Box
P01685,Microsoft Surface Laptop 7 16GB 512GB SSD Silver,Microsoft,Laptop,New
P01686,Microsoft Surface Laptop 7 16GB 512GB SSD Silver (Refurbished Grade A),Microsoft,Laptop,Refurbished Grade A
P01687,Microsoft Surface Laptop 7 16GB 512GB SSD Silver (Refurbished Grade B),Microsoft,Laptop,Refurbished Grade B
P01688,Microsoft Surface Laptop 7 16GB 512GB SSD Silver (Open Box),Microsoft,Laptop,Open Box
P01689,Microsoft Surface Laptop 7 16GB 512GB SSD Grey,Microsoft,Laptop,New
P01690,Microsoft Surface Laptop 7 16GB 512GB SSD Grey (Refurbished Grade A),Microsoft,Laptop,Refurbished Grade A
P01691,Microsoft Surface Laptop 7 16GB 512GB SSD Grey (Refurbished Grade B),Microsoft,Laptop,Refurbished Grade B
P01692,Microsoft Surface Laptop 7 16GB 512GB SSD Grey (Open Box),Microsoft,Laptop,Open Box
P01693,Microsoft Surface Laptop 7 16GB 1TB SSD Black,Microsoft,Laptop,New
P01694,Microsoft Surface Laptop 7 16GB 1TB SSD Black (Refurbished Grade A),Microsoft,Laptop,Refurbished Grade A
P01695,Microsoft Surface Laptop 7 16GB 1TB SSD Black (Refurbished Grade B),Microsoft,Laptop,Refurbished Grade B
P01696,Microsoft Surface Laptop 7 16GB 1TB SSD Black (Open Box),Microsoft,Laptop,Open Box
P01697,Microsoft Surface Laptop 7 16GB 1TB SSD Silver,Microsoft,Laptop,New
P01698,Microsoft Surface Laptop 7 16GB 1TB SSD Silver (Refurbished Grade A),Microsoft,Laptop,Refurbished Grade A
P01699,Microsoft Surface Laptop 7 16GB 1TB SSD Silver (Refurbished Grade B),Microsoft,Laptop,Refurbished Grade B
P01700,Microsoft Surface Laptop 7 16GB 1TB SSD Silver (Open Box),Microsoft,Laptop,Open Box
P01701,Microsoft Surface Laptop 7 16GB 1TB SSD Grey,Microsoft,Laptop,New
P01702,Microsoft Surface Laptop 7 16GB 1TB SSD Grey (Refurbished Grade A),Microsoft,Laptop,Refurbished Grade A
P01703,Microsoft Surface Laptop 7 16GB 1TB SSD Grey (Refurbished Grade B),Microsoft,Laptop,Refurbished Grade B
P01704,Microsoft Surface Laptop 7 16GB 1TB SSD Grey (Open Box),Microsoft,Laptop,Open Box
P01705,Microsoft Surface Laptop 7 32GB 512GB SSD Black,Microsoft,Laptop,New
P01706,Microsoft Surface Laptop 7 32GB 512GB SSD Black (Refurbished Grade A),Microsoft,Laptop,Refurbished Grade A
P01707,Microsoft Surface Laptop 7 32GB 512GB SSD Black (Refurbished Grade B),Microsoft,Laptop,Refurbished Grade B
P01708,Microsoft Surface Laptop 7 32GB 512GB SSD Black (Open Box),Microsoft,Laptop,Open Box
P01709,Microsoft Surface Laptop 7 32GB 512GB SSD Silver,Microsoft,Laptop,New
P01710,Microsoft Surface Laptop 7 32GB 512GB SSD Silver (Refurbished Grade A),Microsoft,Laptop,Refurbished Grade A
P01711,Microsoft Surface Laptop 7 32GB 512GB SSD Silver (Refurbished Grade B),Microsoft,Laptop,Refurbished Grade B
P01712,Microsoft Surface Laptop 7 32GB 512GB SSD Silver (Open Box),Microsoft,Laptop,Open Box
P01713,Microsoft Surface Laptop 7 32GB 512GB SSD Grey,Microsoft,Laptop,New
P01714,Microsoft Surface Laptop 7 32GB 512GB SSD Grey (Refurbished Grade A),Microsoft,Laptop,Refurbished Grade A
P01715,Microsoft Surface Laptop 7 32GB 512GB SSD Grey (Refurbished Grade B),Microsoft,Laptop,Refurbished Grade B
P01716,Microsoft Surface Laptop 7 32GB 512GB SSD Grey (Open Box),Microsoft,Laptop,Open Box
P01717,Microsoft Surface Laptop 7 32GB 1TB SSD Black,Microsoft,Laptop,New
P01718,Microsoft Surface Laptop 7 32GB 1TB SSD Black (Refurbished Grade A),Microsoft,Laptop,Refurbished Grade A
P01719,Microsoft Surface Laptop 7 32GB 1TB SSD Black (Refurbished Grade B),Microsoft,Laptop,Refurbished Grade B
P01720,Microsoft Surface Laptop 7 32GB 1TB SSD Black (Open Box),Microsoft,Laptop,Open Box
P01721,Microsoft Surface Laptop 7 32GB 1TB SSD Silver,Microsoft,Laptop,New
P01722,Microsoft Surface Laptop 7 32GB 1TB SSD Silver (Refurbished Grade A),Microsoft,Laptop,Refurbished Grade A
P01723,Microsoft Surface Laptop 7 32GB 1TB SSD Silver (Refurbished Grade B),Microsoft,Laptop,Refurbished Grade B
P01724,Microsoft Surface Laptop 7 32GB 1TB SSD Silver (Open Box),Microsoft,Laptop,Open Box
P01725,Microsoft Surface Laptop 7 32GB 1TB SSD Grey,Microsoft,Laptop,New
P01726,Microsoft Surface Laptop 7 32GB 1TB SSD Grey (Refurbished Grade A),Microsoft,Laptop,Refurbished Grade A
P01727,Microsoft Surface Laptop 7 32GB 1TB SSD Grey (Refurbished Grade B),Microsoft,Laptop,Refurbished Grade B
P01728,Microsoft Surface Laptop 7 32GB 1TB SSD Grey (Open Box),Microsoft,Laptop,Open Box
P01729,Microsoft Surface Pro 11 16GB 512GB SSD Black,Microsoft,Laptop,New
P01730,Microsoft Surface Pro 11 16GB 512GB SSD Black (Refurbished Grade A),Microsoft,Laptop,Refurbished Grade A
P01731,Microsoft Surface Pro 11 16GB 512GB SSD Black (Refurbished Grade B),Microsoft,Laptop,Refurbished Grade B
P01732,Microsoft Surface Pro 11 16GB 512GB SSD Black (Open Box),Microsoft,Laptop,Open Box
P01733,Microsoft Surface Pro 11 16GB 512GB SSD Silver,Microsoft,Laptop,New
P01734,Microsoft Surface Pro 11 16GB 512GB SSD Silver (Refurbished Grade A),Microsoft,Laptop,Refurbished Grade A
P01735,Microsoft Surface Pro 11 16GB 512GB SSD Silver (Refurbished Grade B),Microsoft,Laptop,Refurbished Grade B
P01736,Microsoft Surface Pro 11 16GB 512GB SSD Silver (Open Box),Microsoft,Laptop,Open Box
P01737,Microsoft Surface Pro 11 16GB 512GB SSD Grey,Microsoft,Laptop,New
P01738,Microsoft Surface Pro 11 16GB 512GB SSD Grey (Refurbished Grade A),Microsoft,Laptop,Refurbished Grade A
P01739,Microsoft Surface Pro 11 16GB 512GB SSD Grey (Refurbished Grade B),Microsoft,Laptop,Refurbished Grade B
P01740,Microsoft Surface Pro 11 16GB 512GB SSD Grey (Open Box),Microsoft,Laptop,Open Box
P01741,Microsoft Surface Pro 11 16GB 1TB SSD Black,Microsoft,Laptop,New
P01742,Microsoft Surface Pro 11 16GB 1TB SSD Black (Refurbished Grade A),Microsoft,Laptop,Refurbished Grade A
P01743,Microsoft Surface Pro 11 16GB 1TB SSD Black (Refurbished Grade B),Microsoft,Laptop,Refurbished Grade B
P01744,Microsoft Surface Pro 11 16GB 1TB SSD Black (Open Box),Microsoft,Laptop,Open Box
P01745,Microsoft Surface Pro 11 16GB 1TB SSD Silver,Microsoft,Laptop,New
P01746,Microsoft Surface Pro 11 16GB 1TB SSD Silver (Refurbished Grade A),Microsoft,Laptop,Refurbished Grade A
P01747,Microsoft Surface Pro 11 16GB 1TB SSD Silver (Refurbished Grade B),Microsoft,Laptop,Refurbished Grade B
P01748,Microsoft Surface Pro 11 16GB 1TB SSD Silver (Open Box),Microsoft,Laptop,Open Box
P01749,Microsoft Surface Pro 11 16GB 1TB SSD Grey,Microsoft,Laptop,New
P01750,Microsoft Surface Pro 11 16GB 1TB SSD Grey (Refurbished Grade A),Microsoft,Laptop,Refurbished Grade A
P01751,Microsoft Surface Pro 11 16GB 1TB SSD Grey (Refurbished Grade B),Microsoft,Laptop,Refurbished Grade B
P01752,Microsoft Surface Pro 11 16GB 1TB SSD Grey (Open Box),Microsoft,Laptop,Open Box
P01753,Microsoft Surface Pro 11 32GB 512GB SSD Black,Microsoft,Laptop,New
P01754,Microsoft Surface Pro 11 32GB 512GB SSD Black (Refurbished Grade A),Microsoft,Laptop,Refurbished Grade A
P01755,Microsoft Surface Pro 11 32GB 512GB SSD Black (Refurbished Grade B),Microsoft,Laptop,Refurbished Grade B
P01756,Microsoft Surface Pro 11 32GB 512GB SSD Black (Open Box),Microsoft,Laptop,Open Box
P01757,Microsoft Surface Pro 11 32GB 512GB SSD Silver,Microsoft,Laptop,New
P01758,Microsoft Surface Pro 11 32GB 512GB SSD Silver (Refurbished Grade A),Microsoft,Laptop,Refurbished Grade A
P01759,Microsoft Surface Pro 11 32GB 512GB SSD Silver (Refurbished Grade B),Microsoft,Laptop,Refurbished Grade B
P01760,Microsoft Surface Pro 11 32GB 512GB SSD Silver (Open Box),Microsoft,Laptop,Open Box
P01761,Microsoft Surface Pro 11 32GB 512GB SSD Grey,Microsoft,Laptop,New
P01762,Microsoft Surface Pro 11 32GB 512GB SSD Grey (Refurbished Grade A),Microsoft,Laptop,Refurbished Grade A
P01763,Microsoft Surface Pro 11 32GB 512GB SSD Grey (Refurbished Grade B),Microsoft,Laptop,Refurbished Grade B
P01764,Microsoft Surface Pro 11 32GB 512GB SSD Grey (Open Box),Microsoft,Laptop,Open Box
P01765,Microsoft Surface Pro 11 32GB 1TB SSD Black,Microsoft,Laptop,New
P01766,Microsoft Surface Pro 11 32GB 1TB SSD Black (Refurbished Grade A),Microsoft,Laptop,Refurbished Grade A
P01767,Microsoft Surface Pro 11 32GB 1TB SSD Black (Refurbished Grade B),Microsoft,Laptop,Refurbished Grade B
P01768,Microsoft Surface Pro 11 32GB 1TB SSD Black (Open Box),Microsoft,Laptop,Open Box
P01769,Microsoft Surface Pro 11 32GB 1TB SSD Silver,Microsoft,Laptop,New
P01770,Microsoft Surface Pro 11 32GB 1TB SSD Silver (Refurbished Grade A),Microsoft,Laptop,Refurbished Grade A
P01771,Microsoft Surface Pro 11 32GB 1TB SSD Silver (Refurbished Grade B),Microsoft,Laptop,Refurbished Grade B
P01772,Microsoft Surface Pro 11 32GB 1TB SSD Silver (Open Box),Microsoft,Laptop,Open Box
P01773,Microsoft Surface Pro 11 32GB 1TB SSD Grey,Microsoft,Laptop,New
P01774,Microsoft Surface Pro 11 32GB 1TB SSD Grey (Refurbished Grade A),Microsoft,Laptop,Refurbished Grade A
P01775,Microsoft Surface Pro 11 32GB 1TB SSD Grey (Refurbished Grade B),Microsoft,Laptop,Refurbished Grade B
P01776,Microsoft Surface Pro 11 32GB 1TB SSD Grey (Open Box),Microsoft,Laptop,Open Box
P01777,Apple iPhone 15 128GB Black,Apple,Phone,New
P01778,Apple iPhone 15 128GB Black (Refurbished Grade A),Apple,Phone,Refurbished Grade A
P01779,Apple iPhone 15 128GB Black (Refurbished Grade B),Apple,Phone,Refurbished Grade B
P01780,Apple iPhone 15 128GB Black (Open Box),Apple,Phone,Open Box
P01781,Apple iPhone 15 128GB White,Apple,Phone,New
P01782,Apple iPhone 15 128GB White (Refurbished Grade A),Apple,Phone,Refurbished Grade A
P01783,Apple iPhone 15 128GB White (Refurbished Grade B),Apple,Phone,Refurbished Grade B
P01784,Apple iPhone 15 128GB White (Open Box),Apple,Phone,Open Box
P01785,Apple iPhone 15 128GB Blue,Apple,Phone,New
P01786,Apple iPhone 15 128GB Blue (Refurbished Grade A),Apple,Phone,Refurbished Grade A
P01787,Apple iPhone 15 128GB Blue (Refurbished Grade B),Apple,Phone,Refurbished Grade B
P01788,Apple iPhone 15 128GB Blue (Open Box),Apple,Phone,Open Box
P01789,Apple iPhone 15 128GB Green,Apple,Phone,New
P01790,Apple iPhone 15 128GB Green (Refurbished Grade A),Apple,Phone,Refurbished Grade A
P01791,Apple iPhone 15 128GB Green (Refurbished Grade B),Apple,Phone,Refurbished Grade B
P01792,Apple iPhone 15 128GB Green (Open Box),Apple,Phone,Open Box
P01793,Apple iPhone 15 128GB Titanium,Apple,Phone,New
P01794,Apple iPhone 15 128GB Titanium (Refurbished Grade A),Apple,Phone,Refurbished Grade A
P01795,Apple iPhone 15 128GB Titanium (Refurbished Grade B),Apple,Phone,Refurbished Grade B
P01796,Apple iPhone 15 128GB Titanium (Open Box),Apple,Phone,Open Box
P01797,Apple iPhone 15 256GB Black,Apple,Phone,New
P01798,Apple iPhone 15 256GB Black (Refurbished Grade A),Apple,Phone,Refurbished Grade A
P01799,Apple iPhone 15 256GB Black (Refurbished Grade B),Apple,Phone,Refurbished Grade B
P01800,Apple iPhone 15 256GB Black (Open Box),Apple,Phone,Open Box
P01801,Apple iPhone 15 256GB White,Apple,Phone,New
P01802,Apple iPhone 15 256GB White (Refurbished Grade A),Apple,Phone,Refurbished Grade A
P01803,Apple iPhone 15 256GB White (Refurbished Grade B),Apple,Phone,Refurbished Grade B
P01804,Apple iPhone 15 256GB White (Open Box),Apple,Phone,Open Box
P01805,Apple iPhone 15 256GB Blue,Apple,Phone,New
P01806,Apple iPhone 15 256GB Blue (Refurbished Grade A),Apple,Phone,Refurbished Grade A
P01807,Apple iPhone 15 256GB Blue (Refurbished Grade B),Apple,Phone,Refurbished Grade B
P01808,Apple iPhone 15 256GB Blue (Open Box),Apple,Phone,Open Box
P01809,Apple iPhone 15 256GB Green,Apple,Phone,New
P01810,Apple iPhone 15 256GB Green (Refurbished Grade A),Apple,Phone,Refurbished Grade A
P01811,Apple iPhone 15 256GB Green (Refurbished Grade B),Apple,Phone,Refurbished Grade B
P01812,Apple iPhone 15 256GB Green (Open Box),Apple,Phone,Open Box
P01813,Apple iPhone 15 256GB Titanium,Apple,Phone,New
P01814,Apple iPhone 15 256GB Titanium (Refurbished Grade A),Apple,Phone,Refurbished Grade A
P01815,Apple iPhone 15 256GB Titanium (Refurbished Grade B),Apple,Phone,Refurbished Grade B
P01816,Apple iPhone 15 256GB Titanium (Open Box),Apple,Phone,Open Box
P01817,Apple iPhone 15 512GB Black,Apple,Phone,New
P01818,Apple iPhone 15 512GB Black (Refurbished Grade A),Apple,Phone,Refurbished Grade A
P01819,Apple iPhone 15 512GB Black (Refurbished Grade B),Apple,Phone,Refurbished Grade B
P01820,Apple iPhone 15 512GB Black (Open Box),Apple,Phone,Open Box
P01821,Apple iPhone 15 512GB White,Apple,Phone,New
P01822,Apple iPhone 15 512GB White (Refurbished Grade A),Apple,Phone,Refurbished Grade A
P01823,Apple iPhone 15 512GB White (Refurbished Grade B),Apple,Phone,Refurbished Grade B
P01824,Apple iPhone 15 512GB White (Open Box),Apple,Phone,Open Box
P01825,Apple iPhone 15 512GB Blue,Apple,Phone,New
P01826,Apple iPhone 15 512GB Blue (Refurbished Grade A),Apple,Phone,Refurbished Grade A
P01827,Apple iPhone 15 512GB Blue (Refurbished Grade B),Apple,Phone,Refurbished Grade B
P01828,Apple iPhone 15 512GB Blue (Open Box),Apple,Phone,Open Box
P01829,Apple iPhone 15 512GB Green,Apple,Phone,New
P01830,Apple iPhone 15 512GB Green (Refurbished Grade A),Apple,Phone,Refurbished Grade A
P01831,Apple iPhone 15 512GB Green (Refurbished Grade B),Apple,Phone,Refurbished Grade B
P01832,Apple iPhone 15 512GB Green (Open Box),Apple,Phone,Open Box
P01833,Apple iPhone 15 512GB Titanium,Apple,Phone,New
P01834,Apple iPhone 15 512GB Titanium (Refurbished Grade A),Apple,Phone,Refurbished Grade A
P01835,Apple iPhone 15 512GB Titanium (Refurbished Grade B),Apple,Phone,Refurbished Grade B
P01836,Apple iPhone 15 512GB Titanium (Open Box),Apple,Phone,Open Box
P01837,Apple iPhone 15 1TB Black,Apple,Phone,New
P01838,Apple iPhone 15 1TB Black (Refurbished Grade A),Apple,Phone,Refurbished Grade A
P01839,Apple iPhone 15 1TB Black (Refurbished Grade B),Apple,Phone,Refurbished Grade B
P01840,Apple iPhone 15 1TB Black (Open Box),Apple,Phone,Open Box
P01841,Apple iPhone 15 1TB White,Apple,Phone,New
P01842,Apple iPhone 15 1TB White (Refurbished Grade A),Apple,Phone,Refurbished Grade A
P01843,Apple iPhone 15 1TB White (Refurbished Grade B),Apple,Phone,Refurbished Grade B
P01844,Apple iPhone 15 1TB White (Open Box),Apple,Phone,Open Box
P01845,Apple iPhone 15 1TB Blue,Apple,Phone,New
P01846,Apple iPhone 15 1TB Blue (Refurbished Grade A),Apple,Phone,Refurbished Grade A
P01847,Apple iPhone 15 1TB Blue (Refurbished Grade B),Apple,Phone,Refurbished Grade B
P01848,Apple iPhone 15 1TB Blue (Open Box),Apple,Phone,Open Box
P01849,Apple iPhone 15 1TB Green,Apple,Phone,New
P01850,Apple iPhone 15 1TB Green (Refurbished Grade A),Apple,Phone,Refurbished Grade A
P01851,Apple iPhone 15 1TB Green (Refurbished Grade B),Apple,Phone,Refurbished Grade B
P01852,Apple iPhone 15 1TB Green (Open Box),Apple,Phone,Open Box
P01853,Apple iPhone 15 1TB Titanium,Apple,Phone,New
P01854,Apple iPhone 15 1TB Titanium (Refurbished Grade A),Apple,Phone,Refurbished Grade A
P01855,Apple iPhone 15 1TB Titanium (Refurbished Grade B),Apple,Phone,Refurbished Grade B
P01856,Apple iPhone 15 1TB Titanium (Open Box),Apple,Phone,Open Box
P01857,Apple iPhone 15 Plus 128GB Black,Apple,Phone,New
P01858,Apple iPhone 15 Plus 128GB Black (Refurbished Grade A),Apple,Phone,Refurbished Grade A
P01859,Apple iPhone 15 Plus 128GB Black (Refurbished Grade B),Apple,Phone,Refurbished Grade B
P01860,Apple iPhone 15 Plus 128GB Black (Open Box),Apple,Phone,Open Box
P01861,Apple iPhone 15 Plus 128GB White,Apple,Phone,New
P01862,Apple iPhone 15 Plus 128GB White (Refurbished Grade A),Apple,Phone,Refurbished Grade A
P01863,Apple iPhone 15 Plus 128GB White (Refurbished Grade B),Apple,Phone,Refurbished Grade B
P01864,Apple iPhone 15 Plus 128GB White (Open Box),Apple,Phone,Open Box
P01865,Apple iPhone 15 Plus 128GB Blue,Apple,Phone,New
P01866,Apple iPhone 15 Plus 128GB Blue (Refurbished Grade A),Apple,Phone,Refurbished Grade A
P01867,Apple iPhone 15 Plus 128GB Blue (Refurbished Grade B),Apple,Phone,Refurbished Grade B
P01868,Apple iPhone 15 Plus 128GB Blue (Open Box),Apple,Phone,Open Box
P01869,Apple iPhone 15 Plus 128GB Green,Apple,Phone,New
P01870,Apple iPhone 15 Plus 128GB Green (Refurbished Grade A),Apple,Phone,Refurbished Grade A
P01871,Apple iPhone 15 Plus 128GB Green (Refurbished Grade B),Apple,Phone,Refurbished Grade B
P01872,Apple iPhone 15 Plus 128GB Green (Open Box),Apple,Phone,Open Box
P01873,Apple iPhone 15 Plus 128GB Titanium,Apple,Phone,New
P01874,Apple iPhone 15 Plus 128GB Titanium (Refurbished Grade A),Apple,Phone,Refurbished Grade A
P01875,Apple iPhone 15 Plus 128GB Titanium (Refurbished Grade B),Apple,Phone,Refurbished Grade B
P01876,Apple iPhone 15 Plus 128GB Titanium (Open Box),Apple,Phone,Open Box
P01877,Apple iPhone 15 Plus 256GB Black,Apple,Phone,New
P01878,Apple iPhone 15 Plus 256GB Black (Refurbished Grade A),Apple,Phone,Refurbished Grade A
P01879,Apple iPhone 15 Plus 256GB Black (Refurbished Grade B),Apple,Phone,Refurbished Grade B
P01880,Apple iPhone 15 Plus 256GB Black (Open Box),Apple,Phone,Open Box
P01881,Apple iPhone 15 Plus 256GB White,Apple,Phone,New
P01882,Apple iPhone 15 Plus 256GB White (Refurbished Grade A),Apple,Phone,Refurbished Grade A
P01883,Apple iPhone 15 Plus 256GB White (Refurbished Grade B),Apple,Phone,Refurbished Grade B
P01884,Apple iPhone 15 Plus 256GB White (Open Box),Apple,Phone,Open Box
P01885,Apple iPhone 15 Plus 256GB Blue,Apple,Phone,New
P01886,Apple iPhone 15 Plus 256GB Blue (Refurbished Grade A),Apple,Phone,Refurbished Grade A
P01887,Apple iPhone 15 Plus 256GB Blue (Refurbished Grade B),Apple,Phone,Refurbished Grade B
P01888,Apple iPhone 15 Plus 256GB Blue (Open Box),Apple,Phone,Open Box
P01889,Apple iPhone 15 Plus 256GB Green,Apple,Phone,New
P01890,Apple iPhone 15 Plus 256GB Green (Refurbished Grade A),Apple,Phone,Refurbished Grade A
P01891,Apple iPhone 15 Plus 256GB Green (Refurbished Grade B),Apple,Phone,Refurbished Grade B
P01892,Apple iPhone 15 Plus 256GB Green (Open Box),Apple,Phone,Open Box
P01893,Apple iPhone 15 Plus 256GB Titanium,Apple,Phone,New
P01894,Apple iPhone 15 Plus 256GB Titanium (Refurbished Grade A),Apple,Phone,Refurbished Grade A
P01895,Apple iPhone 15 Plus 256GB Titanium (Refurbished Grade B),Apple,Phone,Refurbished Grade B
P01896,Apple iPhone 15 Plus 256GB Titanium (Open Box),Apple,Phone,Open Box
P01897,Apple iPhone 15 Plus 512GB Black,Apple,Phone,New
P01898,Apple iPhone 15 Plus 512GB Black (Refurbished Grade A),Apple,Phone,Refurbished Grade A
P01899,Apple iPhone 15 Plus 512GB Black (Refurbished Grade B),Apple,Phone,Refurbished Grade B
P01900,Apple iPhone 15 Plus 512GB Black (Open Box),Apple,Phone,Open Box
P01901,Apple iPhone 15 Plus 512GB White,Apple,Phone,New
P01902,Apple iPhone 15 Plus 512GB White (Refurbished Grade A),Apple,Phone,Refurbished Grade A
P01903,Apple iPhone 15 Plus 512GB White (Refurbished Grade B),Apple,Phone,Refurbished Grade B
P01904,Apple iPhone 15 Plus 512GB White (Open Box),Apple,Phone,Open Box
P01905,Apple iPhone 15 Plus 512GB Blue,Apple,Phone,New
P01906,Apple iPhone 15 Plus 512GB Blue (Refurbished Grade A),Apple,Phone,Refurbished Grade A
P01907,Apple iPhone 15 Plus 512GB Blue (Refurbished Grade B),Apple,Phone,Refurbished Grade B
P01908,Apple iPhone 15 Plus 512GB Blue (Open Box),Apple,Phone,Open Box
P01909,Apple iPhone 15 Plus 512GB Green,Apple,Phone,New
P01910,Apple iPhone 15 Plus 512GB Green (Refurbished Grade A),Apple,Phone,Refurbished Grade A
P01911,Apple iPhone 15 Plus 512GB Green (Refurbished Grade B),Apple,Phone,Refurbished Grade B
P01912,Apple iPhone 15 Plus 512GB Green (Open Box),Apple,Phone,Open Box
P01913,Apple iPhone 15 Plus 512GB Titanium,Apple,Phone,New
P01914,Apple iPhone 15 Plus 512GB Titanium (Refurbished Grade A),Apple,Phone,Refurbished Grade A
P01915,Apple iPhone 15 Plus 512GB Titanium (Refurbished Grade B),Apple,Phone,Refurbished Grade B
P01916,Apple iPhone 15 Plus 512GB Titanium (Open Box),Apple,Phone,Open Box
P01917,Apple iPhone 15 Plus 1TB Black,Apple,Phone,New
P01918,Apple iPhone 15 Plus 1TB Black (Refurbished Grade A),Apple,Phone,Refurbished Grade A
P01919,Apple iPhone 15 Plus 1TB Black (Refurbished Grade B),Apple,Phone,Refurbished Grade B
P01920,Apple iPhone 15 Plus 1TB Black (Open Box),Apple,Phone,Open Box
P01921,Apple iPhone 15 Plus 1TB White,Apple,Phone,New
P01922,Apple iPhone 15 Plus 1TB White (Refurbished Grade A),Apple,Phone,Refurbished Grade A
P01923,Apple iPhone 15 Plus 1TB White (Refurbished Grade B),Apple,Phone,Refurbished Grade B
P01924,Apple iPhone 15 Plus 1TB White (Open Box),Apple,Phone,Open Box
P01925,Apple iPhone 15 Plus 1TB Blue,Apple,Phone,New
P01926,Apple iPhone 15 Plus 1TB Blue (Refurbished Grade A),Apple,Phone,Refurbished Grade A
P01927,Apple iPhone 15 Plus 1TB Blue (Refurbished Grade B),Apple,Phone,Refurbished Grade B
P01928,Apple iPhone 15 Plus 1TB Blue (Open Box),Apple,Phone,Open Box
P01929,Apple iPhone 15 Plus 1TB Green,Apple,Phone,New
P01930,Apple iPhone 15 Plus 1TB Green (Refurbished Grade A),Apple,Phone,Refurbished Grade A
P01931,Apple iPhone 15 Plus 1TB Green (Refurbished Grade B),Apple,Phone,Refurbished Grade B
P01932,Apple iPhone 15 Plus 1TB Green (Open Box),Apple,Phone,Open Box
P01933,Apple iPhone 15 Plus 1TB Titanium,Apple,Phone,New
P01934,Apple iPhone 15 Plus 1TB Titanium (Refurbished Grade A),Apple,Phone,Refurbished Grade A
P01935,Apple iPhone 15 Plus 1TB Titanium (Refurbished Grade B),Apple,Phone,Refurbished Grade B
P01936,Apple iPhone 15 Plus 1TB Titanium (Open Box),Apple,Phone,Open Box
P01937,Apple iPhone 15 Pro 128GB Black,Apple,Phone,New
P01938,Apple iPhone 15 Pro 128GB Black (Refurbished Grade A),Apple,Phone,Refurbished Grade A
P01939,Apple iPhone 15 Pro 128GB Black (Refurbished Grade B),Apple,Phone,Refurbished Grade B
P01940,Apple iPhone 15 Pro 128GB Black (Open Box),Apple,Phone,Open Box
P01941,Apple iPhone 15 Pro 128GB White,Apple,Phone,New
P01942,Apple iPhone 15 Pro 128GB White (Refurbished Grade A),Apple,Phone,Refurbished Grade A
P01943,Apple iPhone 15 Pro 128GB White (Refurbished Grade B),Apple,Phone,Refurbished Grade B
P01944,Apple iPhone 15 Pro 128GB White (Open Box),Apple,Phone,Open Box
P01945,Apple iPhone 15 Pro 128GB Blue,Apple,Phone,New
P01946,Apple iPhone 15 Pro 128GB Blue (Refurbished Grade A),Apple,Phone,Refurbished Grade A
P01947,Apple iPhone 15 Pro 128GB Blue (Refurbished Grade B),Apple,Phone,Refurbished Grade B
P01948,Apple iPhone 15 Pro 128GB Blue (Open Box),Apple,Phone,Open Box
P01949,Apple iPhone 15 Pro 128GB Green,Apple,Phone,New
P01950,Apple iPhone 15 Pro 128GB Green (Refurbished Grade A),Apple,Phone,Refurbished Grade A
P01951,Apple iPhone 15 Pro 128GB Green (Refurbished Grade B),Apple,Phone,Refurbished Grade B
P01952,Apple iPhone 15 Pro 128GB Green (Open Box),Apple,Phone,Open Box
P01953,Apple iPhone 15 Pro 128GB Titanium,Apple,Phone,New
P01954,Apple iPhone 15 Pro 128GB Titanium (Refurbished Grade A),Apple,Phone,Refurbished Grade A
P01955,Apple iPhone 15 Pro 128GB Titanium (Refurbished Grade B),Apple,Phone,Refurbished Grade B
P01956,Apple iPhone 15 Pro 128GB Titanium (Open Box),Apple,Phone,Open Box
P01957,Apple iPhone 15 Pro 256GB Black,Apple,Phone,New
P01958,Apple iPhone 15 Pro 256GB Black (Refurbished Grade A),Apple,Phone,Refurbished Grade A
P01959,Apple iPhone 15 Pro 256GB Black (Refurbished Grade B),Apple,Phone,Refurbished Grade B
P01960,Apple iPhone 15 Pro 256GB Black (Open Box),Apple,Phone,Open Box
P01961,Apple iPhone 15 Pro 256GB White,Apple,Phone,New
P01962,Apple iPhone 15 Pro 256GB White (Refurbished Grade A),Apple,Phone,Refurbished Grade A
P01963,Apple iPhone 15 Pro 256GB White (Refurbished Grade B),Apple,Phone,Refurbished Grade B
P01964,Apple iPhone 15 Pro 256GB White (Open Box),Apple,Phone,Open Box
P01965,Apple iPhone 15 Pro 256GB Blue,Apple,Phone,New
P01966,Apple iPhone 15 Pro 256GB Blue (Refurbished Grade A),Apple,Phone,Refurbished Grade A
P01967,Apple iPhone 15 Pro 256GB Blue (Refurbished Grade B),Apple,Phone,Refurbished Grade B
P01968,Apple iPhone 15 Pro 256GB Blue (Open Box),Apple,Phone,Open Box
P01969,Apple iPhone 15 Pro 256GB Green,Apple,Phone,New
P01970,Apple iPhone 15 Pro 256GB Green (Refurbished Grade A),Apple,Phone,Refurbished Grade A
P01971,Apple iPhone 15 Pro 256GB Green (Refurbished Grade B),Apple,Phone,Refurbished Grade B
P01972,Apple iPhone 15 Pro 256GB Green (Open Box),Apple,Phone,Open Box
P01973,Apple iPhone 15 Pro 256GB Titanium,Apple,Phone,New
P01974,Apple iPhone 15 Pro 256GB Titanium (Refurbished Grade A),Apple,Phone,Refurbished Grade A
P01975,Apple iPhone 15 Pro 256GB Titanium (Refurbished Grade B),Apple,Phone,Refurbished Grade B
P01976,Apple iPhone 15 Pro 256GB Titanium (Open Box),Apple,Phone,Open Box
P01977,Apple iPhone 15 Pro 512GB Black,Apple,Phone,New
P01978,Apple iPhone 15 Pro 512GB Black (Refurbished Grade A),Apple,Phone,Refurbished Grade A
P01979,Apple iPhone 15 Pro 512GB Black (Refurbished Grade B),Apple,Phone,Refurbished Grade B
P01980,Apple iPhone 15 Pro 512GB Black (Open Box),Apple,Phone,Open Box
P01981,Apple iPhone 15 Pro 512GB White,Apple,Phone,New
P01982,Apple iPhone 15 Pro 512GB White (Refurbished Grade A),Apple,Phone,Refurbished Grade A
P01983,Apple iPhone 15 Pro 512GB White (Refurbished Grade B),Apple,Phone,Refurbished Grade B
P01984,Apple iPhone 15 Pro 512GB White (Open Box),Apple,Phone,Open Box
P01985,Apple iPhone 15 Pro 512GB Blue,Apple,Phone,New
P01986,Apple iPhone 15 Pro 512GB Blue (Refurbished Grade A),Apple,Phone,Refurbished Grade A
P01987,Apple iPhone 15 Pro 512GB Blue (Refurbished Grade B),Apple,Phone,Refurbished Grade B
P01988,Apple iPhone 15 Pro 512GB Blue (Open Box),Apple,Phone,Open Box
P01989,Apple iPhone 15 Pro 512GB Green,Apple,Phone,New
P01990,Apple iPhone 15 Pro 512GB Green (Refurbished Grade A),Apple,Phone,Refurbished Grade A
P01991,Apple iPhone 15 Pro 512GB Green (Refurbished Grade B),Apple,Phone,Refurbished Grade B
P01992,Apple iPhone 15 Pro 512GB Green (Open Box),Apple,Phone,Open Box
P01993,Apple iPhone 15 Pro 512GB Titanium,Apple,Phone,New
P01994,Apple iPhone 15 Pro 512GB Titanium (Refurbished Grade A),Apple,Phone,Refurbished Grade A
P01995,Apple iPhone 15 Pro 512GB Titanium (Refurbished Grade B),Apple,Phone,Refurbished Grade B
P01996,Apple iPhone 15 Pro 512GB Titanium (Open Box),Apple,Phone,Open Box
P01997,Apple iPhone 15 Pro 1TB Black,Apple,Phone,New
P01998,Apple iPhone 15 Pro 1TB Black (Refurbished Grade A),Apple,Phone,Refurbished Grade A
P01999,Apple iPhone 15 Pro 1TB Black (Refurbished Grade B),Apple,Phone,Refurbished Grade B
P02000,Apple iPhone 15 Pro 1TB Black (Open Box),Apple,Phone,Open Box
P02001,Apple iPhone 15 Pro 1TB White,Apple,Phone,New
P02002,Apple iPhone 15 Pro 1TB White (Refurbished Grade A),Apple,Phone,Refurbished Grade A
P02003,Apple iPhone 15 Pro 1TB White (Refurbished Grade B),Apple,Phone,Refurbished Grade B
P02004,Apple iPhone 15 Pro 1TB White (Open Box),Apple,Phone,Open Box
P02005,Apple iPhone 15 Pro 1TB Blue,Apple,Phone,New
P02006,Apple iPhone 15 Pro 1TB Blue (Refurbished Grade A),Apple,Phone,Refurbished Grade A
P02007,Apple iPhone 15 Pro 1TB Blue (Refurbished Grade B),Apple,Phone,Refurbished Grade B
P02008,Apple iPhone 15 Pro 1TB Blue (Open Box),Apple,Phone,Open Box
P02009,Apple iPhone 15 Pro 1TB Green,Apple,Phone,New
P02010,Apple iPhone 15 Pro 1TB Green (Refurbished Grade A),Apple,Phone,Refurbished Grade A
P02011,Apple iPhone 15 Pro 1TB Green (Refurbished Grade B),Apple,Phone,Refurbished Grade B
P02012,Apple iPhone 15 Pro 1TB Green (Open Box),Apple,Phone,Open Box
P02013,Apple iPhone 15 Pro 1TB Titanium,Apple,Phone,New
P02014,Apple iPhone 15 Pro 1TB Titanium (Refurbished Grade A),Apple,Phone,Refurbished Grade A
P02015,Apple iPhone 15 Pro 1TB Titanium (Refurbished Grade B),Apple,Phone,Refurbished Grade B
P02016,Apple iPhone 15 Pro 1TB Titanium (Open Box),Apple,Phone,Open Box
P02017,Apple iPhone 15 Pro Max 128GB Black,Apple,Phone,New
P02018,Apple iPhone 15 Pro Max 128GB Black (Refurbished Grade A),Apple,Phone,Refurbished Grade A
P02019,Apple iPhone 15 Pro Max 128GB Black (Refurbished Grade B),Apple,Phone,Refurbished Grade B
P02020,Apple iPhone 15 Pro Max 128GB Black (Open Box),Apple,Phone,Open Box
P02021,Apple iPhone 15 Pro Max 128GB White,Apple,Phone,New
P02022,Apple iPhone 15 Pro Max 128GB White (Refurbished Grade A),Apple,Phone,Refurbished Grade A
P02023,Apple iPhone 15 Pro Max 128GB White (Refurbished Grade B),Apple,Phone,Refurbished Grade B
P02024,Apple iPhone 15 Pro Max 128GB White (Open Box),Apple,Phone,Open Box
P02025,Apple iPhone 15 Pro Max 128GB Blue,Apple,Phone,New
P02026,Apple iPhone 15 Pro Max 128GB Blue (Refurbished Grade A),Apple,Phone,Refurbished Grade A
P02027,Apple iPhone 15 Pro Max 128GB Blue (Refurbished Grade B),Apple,Phone,Refurbished Grade B
P02028,Apple iPhone 15 Pro Max 128GB Blue (Open Box),Apple,Phone,Open Box
P02029,Apple iPhone 15 Pro Max 128GB Green,Apple,Phone,New
P02030,Apple iPhone 15 Pro Max 128GB Green (Refurbished Grade A),Apple,Phone,Refurbished Grade A
P02031,Apple iPhone 15 Pro Max 128GB Green (Refurbished Grade B),Apple,Phone,Refurbished Grade B
P02032,Apple iPhone 15 Pro Max 128GB Green (Open Box),Apple,Phone,Open Box
P02033,Apple iPhone 15 Pro Max 128GB Titanium,Apple,Phone,New
P02034,Apple iPhone 15 Pro Max 128GB Titanium (Refurbished Grade A),Apple,Phone,Refurbished Grade A
P02035,Apple iPhone 15 Pro Max 128GB Titanium (Refurbished Grade B),Apple,Phone,Refurbished Grade B
P02036,Apple iPhone 15 Pro Max 128GB Titanium (Open Box),Apple,Phone,Open Box
P02037,Apple iPhone 15 Pro Max 256GB Black,Apple,Phone,New
P02038,Apple iPhone 15 Pro Max 256GB Black (Refurbished Grade A),Apple,Phone,Refurbished Grade A
P02039,Apple iPhone 15 Pro Max 256GB Black (Refurbished Grade B),Apple,Phone,Refurbished Grade B
P02040,Apple iPhone 15 Pro Max 256GB Black (Open Box),Apple,Phone,Open Box
P02041,Apple iPhone 15 Pro Max 256GB White,Apple,Phone,New
P02042,Apple iPhone 15 Pro Max 256GB White (Refurbished Grade A),Apple,Phone,Refurbished Grade A
P02043,Apple iPhone 15 Pro Max 256GB White (Refurbished Grade B),Apple,Phone,Refurbished Grade B
P02044,Apple iPhone 15 Pro Max 256GB White (Open Box),Apple,Phone,Open Box
P02045,Apple iPhone 15 Pro Max 256GB Blue,Apple,Phone,New
P02046,Apple iPhone 15 Pro Max 256GB Blue (Refurbished Grade A),Apple,Phone,Refurbished Grade A
P02047,Apple iPhone 15 Pro Max 256GB Blue (Refurbished Grade B),Apple,Phone,Refurbished Grade B
P02048,Apple iPhone 15 Pro Max 256GB Blue (Open Box),Apple,Phone,Open Box
P02049,Apple iPhone 15 Pro Max 256GB Green,Apple,Phone,New
P02050,Apple iPhone 15 Pro Max 256GB Green (Refurbished Grade A),Apple,Phone,Refurbished Grade A
P02051,Apple iPhone 15 Pro Max 256GB Green (Refurbished Grade B),Apple,Phone,Refurbished Grade B
P02052,Apple iPhone 15 Pro Max 256GB Green (Open Box),Apple,Phone,Open Box
P02053,Apple iPhone 15 Pro Max 256GB Titanium,Apple,Phone,New
P02054,Apple iPhone 15 Pro Max 256GB Titanium (Refurbished Grade A),Apple,Phone,Refurbished Grade A
P02055,Apple iPhone 15 Pro Max 256GB Titanium (Refurbished Grade B),Apple,Phone,Refurbished Grade B
P02056,Apple iPhone 15 Pro Max 256GB Titanium (Open Box),Apple,Phone,Open Box
P02057,Apple iPhone 15 Pro Max 512GB Black,Apple,Phone,New
P02058,Apple iPhone 15 Pro Max 512GB Black (Refurbished Grade A),Apple,Phone,Refurbished Grade A
P02059,Apple iPhone 15 Pro Max 512GB Black (Refurbished Grade B),Apple,Phone,Refurbished Grade B
P02060,Apple iPhone 15 Pro Max 512GB Black (Open Box),Apple,Phone,Open Box
P02061,Apple iPhone 15 Pro Max 512GB White,Apple,Phone,New
P02062,Apple iPhone 15 Pro Max 512GB White (Refurbished Grade A),Apple,Phone,Refurbished Grade A
P02063,Apple iPhone 15 Pro Max 512GB White (Refurbished Grade B),Apple,Phone,Refurbished Grade B
P02064,Apple iPhone 15 Pro Max 512GB White (Open Box),Apple,Phone,Open Box
P02065,Apple iPhone 15 Pro Max 512GB Blue,Apple,Phone,New
P02066,Apple iPhone 15 Pro Max 512GB Blue (Refurbished Grade A),Apple,Phone,Refurbished Grade A
P02067,Apple iPhone 15 Pro Max 512GB Blue (Refurbished Grade B),Apple,Phone,Refurbished Grade B
P02068,Apple iPhone 15 Pro Max 512GB Blue (Open Box),Apple,Phone,Open Box
P02069,Apple iPhone 15 Pro Max 512GB Green,Apple,Phone,New
P02070,Apple iPhone 15 Pro Max 512GB Green (Refurbished Grade A),Apple,Phone,Refurbished Grade A
P02071,Apple iPhone 15 Pro Max 512GB Green (Refurbished Grade B),Apple,Phone,Refurbished Grade B
P02072,Apple iPhone 15 Pro Max 512GB Green (Open Box),Apple,Phone,Open Box
P02073,Apple iPhone 15 Pro Max 512GB Titanium,Apple,Phone,New
P02074,Apple iPhone 15 Pro Max 512GB Titanium (Refurbished Grade A),Apple,Phone,Refurbished Grade A
P02075,Apple iPhone 15 Pro Max 512GB Titanium (Refurbished Grade B),Apple,Phone,Refurbished Grade B
P02076,Apple iPhone 15 Pro Max 512GB Titanium (Open Box),Apple,Phone,Open Box
P02077,Apple iPhone 15 Pro Max 1TB Black,Apple,Phone,New
P02078,Apple iPhone 15 Pro Max 1TB Black (Refurbished Grade A),Apple,Phone,Refurbished Grade A
P02079,Apple iPhone 15 Pro Max 1TB Black (Refurbished Grade B),Apple,Phone,Refurbished Grade B
P02080,Apple iPhone 15 Pro Max 1TB Black (Open Box),Apple,Phone,Open Box
P02081,Apple iPhone 15 Pro Max 1TB White,Apple,Phone,New
P02082,Apple iPhone 15 Pro Max 1TB White (Refurbished Grade A),Apple,Phone,Refurbished Grade A
P02083,Apple iPhone 15 Pro Max 1TB White (Refurbished Grade B),Apple,Phone,Refurbished Grade B
P02084,Apple iPhone 15 Pro Max 1TB White (Open Box),Apple,Phone,Open Box
P02085,Apple iPhone 15 Pro Max 1TB Blue,Apple,Phone,New
P02086,Apple iPhone 15 Pro Max 1TB Blue (Refurbished Grade A),Apple,Phone,Refurbished Grade A
P02087,Apple iPhone 15 Pro Max 1TB Blue (Refurbished Grade B),Apple,Phone,Refurbished Grade B
P02088,Apple iPhone 15 Pro Max 1TB Blue (Open Box),Apple,Phone,Open Box
P02089,Apple iPhone 15 Pro Max 1TB Green,Apple,Phone,New
P02090,Apple iPhone 15 Pro Max 1TB Green (Refurbished Grade A),Apple,Phone,Refurbished Grade A
P02091,Apple iPhone 15 Pro Max 1TB Green (Refurbished Grade B),Apple,Phone,Refurbished Grade B
P02092,Apple iPhone 15 Pro Max 1TB Green (Open Box),Apple,Phone,Open Box
P02093,Apple iPhone 15 Pro Max 1TB Titanium,Apple,Phone,New
P02094,Apple iPhone 15 Pro Max 1TB Titanium (Refurbished Grade A),Apple,Phone,Refurbished Grade A
P02095,Apple iPhone 15 Pro Max 1TB Titanium (Refurbished Grade B),Apple,Phone,Refurbished Grade B
P02096,Apple iPhone 15 Pro Max 1TB Titanium (Open Box),Apple,Phone,Open Box
P02097,Apple iPhone 16 128GB Black,Apple,Phone,New
P02098,Apple iPhone 16 128GB Black (Refurbished Grade A),Apple,Phone,Refurbished Grade A
P02099,Apple iPhone 16 128GB Black (Refurbished Grade B),Apple,Phone,Refurbished Grade B
P02100,Apple iPhone 16 128GB Black (Open Box),Apple,Phone,Open Box
P02101,Apple iPhone 16 128GB White,Apple,Phone,New
P02102,Apple iPhone 16 128GB White (Refurbished Grade A),Apple,Phone,Refurbished Grade A
P02103,Apple iPhone 16 128GB White (Refurbished Grade B),Apple,Phone,Refurbished Grade B
P02104,Apple iPhone 16 128GB White (Open Box),Apple,Phone,Open Box
P02105,Apple iPhone 16 128GB Blue,Apple,Phone,New
P02106,Apple iPhone 16 128GB Blue (Refurbished Grade A),Apple,Phone,Refurbished Grade A
P02107,Apple iPhone 16 128GB Blue (Refurbished Grade B),Apple,Phone,Refurbished Grade B
P02108,Apple iPhone 16 128GB Blue (Open Box),Apple,Phone,Open Box
P02109,Apple iPhone 16 128GB Green,Apple,Phone,New
P02110,Apple iPhone 16 128GB Green (Refurbished Grade A),Apple,Phone,Refurbished Grade A
P02111,Apple iPhone 16 128GB Green (Refurbished Grade B),Apple,Phone,Refurbished Grade B
P02112,Apple iPhone 16 128GB Green (Open Box),Apple,Phone,Open Box
P02113,Apple iPhone 16 128GB Titanium,Apple,Phone,New
P02114,Apple iPhone 16 128GB Titanium (Refurbished Grade A),Apple,Phone,Refurbished Grade A
P02115,Apple iPhone 16 128GB Titanium (Refurbished Grade B),Apple,Phone,Refurbished Grade B
P02116,Apple iPhone 16 128GB Titanium (Open Box),Apple,Phone,Open Box
P02117,Apple iPhone 16 256GB Black,Apple,Phone,New
P02118,Apple iPhone 16 256GB Black (Refurbished Grade A),Apple,Phone,Refurbished Grade A
P02119,Apple iPhone 16 256GB Black (Refurbished Grade B),Apple,Phone,Refurbished Grade B
P02120,Apple iPhone 16 256GB Black (Open Box),Apple,Phone,Open Box
P02121,Apple iPhone 16 256GB White,Apple,Phone,New
P02122,Apple iPhone 16 256GB White (Refurbished Grade A),Apple,Phone,Refurbished Grade A
P02123,Apple iPhone 16 256GB White (Refurbished Grade B),Apple,Phone,Refurbished Grade B
P02124,Apple iPhone 16 256GB White (Open Box),Apple,Phone,Open Box
P02125,Apple iPhone 16 256GB Blue,Apple,Phone,New
P02126,Apple iPhone 16 256GB Blue (Refurbished Grade A),Apple,Phone,Refurbished Grade A
P02127,Apple iPhone 16 256GB Blue (Refurbished Grade B),Apple,Phone,Refurbished Grade B
P02128,Apple iPhone 16 256GB Blue (Open Box),Apple,Phone,Open Box
P02129,Apple iPhone 16 256GB Green,Apple,Phone,New
P02130,Apple iPhone 16 256GB Green (Refurbished Grade A),Apple,Phone,Refurbished Grade A
P02131,Apple iPhone 16 256GB Green (Refurbished Grade B),Apple,Phone,Refurbished Grade B
P02132,Apple iPhone 16 256GB Green (Open Box),Apple,Phone,Open Box
P02133,Apple iPhone 16 256GB Titanium,Apple,Phone,New
P02134,Apple iPhone 16 256GB Titanium (Refurbished Grade A),Apple,Phone,Refurbished Grade A
P02135,Apple iPhone 16 256GB Titanium (Refurbished Grade B),Apple,Phone,Refurbished Grade B
P02136,Apple iPhone 16 256GB Titanium (Open Box),Apple,Phone,Open Box
P02137,Apple iPhone 16 512GB Black,Apple,Phone,New
P02138,Apple iPhone 16 512GB Black (Refurbished Grade A),Apple,Phone,Refurbished Grade A
P02139,Apple iPhone 16 512GB Black (Refurbished Grade B),Apple,Phone,Refurbished Grade B
P02140,Apple iPhone 16 512GB Black (Open Box),Apple,Phone,Open Box
P02141,Apple iPhone 16 512GB White,Apple,Phone,New
P02142,Apple iPhone 16 512GB White (Refurbished Grade A),Apple,Phone,Refurbished Grade A
P02143,Apple iPhone 16 512GB White (Refurbished Grade B),Apple,Phone,Refurbished Grade B
P02144,Apple iPhone 16 512GB White (Open Box),Apple,Phone,Open Box
P02145,Apple iPhone 16 512GB Blue,Apple,Phone,New
P02146,Apple iPhone 16 512GB Blue (Refurbished Grade A),Apple,Phone,Refurbished Grade A
P02147,Apple iPhone 16 512GB Blue (Refurbished Grade B),Apple,Phone,Refurbished Grade B
P02148,Apple iPhone 16 512GB Blue (Open Box),Apple,Phone,Open Box
P02149,Apple iPhone 16 512GB Green,Apple,Phone,New
P02150,Apple iPhone 16 512GB Green (Refurbished Grade A),Apple,Phone,Refurbished Grade A
P02151,Apple iPhone 16 512GB Green (Refurbished Grade B),Apple,Phone,Refurbished Grade B
P02152,Apple iPhone 16 512GB Green (Open Box),Apple,Phone,Open Box
P02153,Apple iPhone 16 512GB Titanium,Apple,Phone,New
P02154,Apple iPhone 16 512GB Titanium (Refurbished Grade A),Apple,Phone,Refurbished Grade A
P02155,Apple iPhone 16 512GB Titanium (Refurbished Grade B),Apple,Phone,Refurbished Grade B
P02156,Apple iPhone 16 512GB Titanium (Open Box),Apple,Phone,Open Box
P02157,Apple iPhone 16 1TB Black,Apple,Phone,New
P02158,Apple iPhone 16 1TB Black (Refurbished Grade A),Apple,Phone,Refurbished Grade A
P02159,Apple iPhone 16 1TB Black (Refurbished Grade B),Apple,Phone,Refurbished Grade B
P02160,Apple iPhone 16 1TB Black (Open Box),Apple,Phone,Open Box
P02161,Apple iPhone 16 1TB White,Apple,Phone,New
P02162,Apple iPhone 16 1TB White (Refurbished Grade A),Apple,Phone,Refurbished Grade A
P02163,Apple iPhone 16 1TB White (Refurbished Grade B),Apple,Phone,Refurbished Grade B
P02164,Apple iPhone 16 1TB White (Open Box),Apple,Phone,Open Box
P02165,Apple iPhone 16 1TB Blue,Apple,Phone,New
P02166,Apple iPhone 16 1TB Blue (Refurbished Grade A),Apple,Phone,Refurbished Grade A
P02167,Apple iPhone 16 1TB Blue (Refurbished Grade B),Apple,Phone,Refurbished Grade B
P02168,Apple iPhone 16 1TB Blue (Open Box),Apple,Phone,Open Box
P02169,Apple iPhone 16 1TB Green,Apple,Phone,New
P02170,Apple iPhone 16 1TB Green (Refurbished Grade A),Apple,Phone,Refurbished Grade A
P02171,Apple iPhone 16 1TB Green (Refurbished Grade B),Apple,Phone,Refurbished Grade B
P02172,Apple iPhone 16 1TB Green (Open Box),Apple,Phone,Open Box
P02173,Apple iPhone 16 1TB Titanium,Apple,Phone,New
P02174,Apple iPhone 16 1TB Titanium (Refurbished Grade A),Apple,Phone,Refurbished Grade A
P02175,Apple iPhone 16 1TB Titanium (Refurbished Grade B),Apple,Phone,Refurbished Grade B
P02176,Apple iPhone 16 1TB Titanium (Open Box),Apple,Phone,Open Box
P02177,Apple iPhone 16 Pro 128GB Black,Apple,Phone,New
P02178,Apple iPhone 16 Pro 128GB Black (Refurbished Grade A),Apple,Phone,Refurbished Grade A
P02179,Apple iPhone 16 Pro 128GB Black (Refurbished Grade B),Apple,Phone,Refurbished Grade B
P02180,Apple iPhone 16 Pro 128GB Black (Open Box),Apple,Phone,Open Box
P02181,Apple iPhone 16 Pro 128GB White,Apple,Phone,New
P02182,Apple iPhone 16 Pro 128GB White (Refurbished Grade A),Apple,Phone,Refurbished Grade A
P02183,Apple iPhone 16 Pro 128GB White (Refurbished Grade B),Apple,Phone,Refurbished Grade B
P02184,Apple iPhone 16 Pro 128GB White (Open Box),Apple,Phone,Open Box
P02185,Apple iPhone 16 Pro 128GB Blue,Apple,Phone,New
P02186,Apple iPhone 16 Pro 128GB Blue (Refurbished Grade A),Apple,Phone,Refurbished Grade A
P02187,Apple iPhone 16 Pro 128GB Blue (Refurbished Grade B),Apple,Phone,Refurbished Grade B
P02188,Apple iPhone 16 Pro 128GB Blue (Open Box),Apple,Phone,Open Box
P02189,Apple iPhone 16 Pro 128GB Green,Apple,Phone,New
P02190,Apple iPhone 16 Pro 128GB Green (Refurbished Grade A),Apple,Phone,Refurbished Grade A
P02191,Apple iPhone 16 Pro 128GB Green (Refurbished Grade B),Apple,Phone,Refurbished Grade B
P02192,Apple iPhone 16 Pro 128GB Green (Open Box),Apple,Phone,Open Box
P02193,Apple iPhone 16 Pro 128GB Titanium,Apple,Phone,New
P02194,Apple iPhone 16 Pro 128GB Titanium (Refurbished Grade A),Apple,Phone,Refurbished Grade A
P02195,Apple iPhone 16 Pro 128GB Titanium (Refurbished Grade B),Apple,Phone,Refurbished Grade B
P02196,Apple iPhone 16 Pro 128GB Titanium (Open Box),Apple,Phone,Open Box
P02197,Apple iPhone 16 Pro 256GB Black,Apple,Phone,New
P02198,Apple iPhone 16 Pro 256GB Black (Refurbished Grade A),Apple,Phone,Refurbished Grade A
P02199,Apple iPhone 16 Pro 256GB Black (Refurbished Grade B),Apple,Phone,Refurbished Grade B
P02200,Apple iPhone 16 Pro 256GB Black (Open Box),Apple,Phone,Open Box
P02201,Apple iPhone 16 Pro 256GB White,Apple,Phone,New
P02202,Apple iPhone 16 Pro 256GB White (Refurbished Grade A),Apple,Phone,Refurbished Grade A
P02203,Apple iPhone 16 Pro 256GB White (Refurbished Grade B),Apple,Phone,Refurbished Grade B
P02204,Apple iPhone 16 Pro 256GB White (Open Box),Apple,Phone,Open Box
P02205,Apple iPhone 16 Pro 256GB Blue,Apple,Phone,New
P02206,Apple iPhone 16 Pro 256GB Blue (Refurbished Grade A),Apple,Phone,Refurbished Grade A
P02207,Apple iPhone 16 Pro 256GB Blue (Refurbished Grade B),Apple,Phone,Refurbished Grade B
P02208,Apple iPhone 16 Pro 256GB Blue (Open Box),Apple,Phone,Open Box
P02209,Apple iPhone 16 Pro 256GB Green,Apple,Phone,New
P02210,Apple iPhone 16 Pro 256GB Green (Refurbished Grade A),Apple,Phone,Refurbished Grade A
P02211,Apple iPhone 16 Pro 256GB Green (Refurbished Grade B),Apple,Phone,Refurbished Grade B
P02212,Apple iPhone 16 Pro 256GB Green (Open Box),Apple,Phone,Open Box
P02213,Apple iPhone 16 Pro 256GB Titanium,Apple,Phone,New
P02214,Apple iPhone 16 Pro 256GB Titanium (Refurbished Grade A),Apple,Phone,Refurbished Grade A
P02215,Apple iPhone 16 Pro 256GB Titanium (Refurbished Grade B),Apple,Phone,Refurbished Grade B
P02216,Apple iPhone 16 Pro 256GB Titanium (Open Box),Apple,Phone,Open Box
P02217,Apple iPhone 16 Pro 512GB Black,Apple,Phone,New
P02218,Apple iPhone 16 Pro 512GB Black (Refurbished Grade A),Apple,Phone,Refurbished Grade A
P02219,Apple iPhone 16 Pro 512GB Black (Refurbished Grade B),Apple,Phone,Refurbished Grade B
P02220,Apple iPhone 16 Pro 512GB Black (Open Box),Apple,Phone,Open Box
P02221,Apple iPhone 16 Pro 512GB White,Apple,Phone,New
P02222,Apple iPhone 16 Pro 512GB White (Refurbished Grade A),Apple,Phone,Refurbished Grade A
P02223,Apple iPhone 16 Pro 512GB White (Refurbished Grade B),Apple,Phone,Refurbished Grade B
P02224,Apple iPhone 16 Pro 512GB White (Open Box),Apple,Phone,Open Box
P02225,Apple iPhone 16 Pro 512GB Blue,Apple,Phone,New
P02226,Apple iPhone 16 Pro 512GB Blue (Refurbished Grade A),Apple,Phone,Refurbished Grade A
P02227,Apple iPhone 16 Pro 512GB Blue (Refurbished Grade B),Apple,Phone,Refurbished Grade B
P02228,Apple iPhone 16 Pro 512GB Blue (Open Box),Apple,Phone,Open Box
P02229,Apple iPhone 16 Pro 512GB Green,Apple,Phone,New
P02230,Apple iPhone 16 Pro 512GB Green (Refurbished Grade A),Apple,Phone,Refurbished Grade A
P02231,Apple iPhone 16 Pro 512GB Green (Refurbished Grade B),Apple,Phone,Refurbished Grade B
P02232,Apple iPhone 16 Pro 512GB Green (Open Box),Apple,Phone,Open Box
P02233,Apple iPhone 16 Pro 512GB Titanium,Apple,Phone,New
P02234,Apple iPhone 16 Pro 512GB Titanium (Refurbished Grade A),Apple,Phone,Refurbished Grade A
P02235,Apple iPhone 16 Pro 512GB Titanium (Refurbished Grade B),Apple,Phone,Refurbished Grade B
P02236,Apple iPhone 16 Pro 512GB Titanium (Open Box),Apple,Phone,Open Box
P02237,Apple iPhone 16 Pro 1TB Black,Apple,Phone,New
P02238,Apple iPhone 16 Pro 1TB Black (Refurbished Grade A),Apple,Phone,Refurbished Grade A
P02239,Apple iPhone 16 Pro 1TB Black (Refurbished Grade B),Apple,Phone,Refurbished Grade B
P02240,Apple iPhone 16 Pro 1TB Black (Open Box),Apple,Phone,Open Box
P02241,Apple iPhone 16 Pro 1TB White,Apple,Phone,New
P02242,Apple iPhone 16 Pro 1TB White (Refurbished Grade A),Apple,Phone,Refurbished Grade A
P02243,Apple iPhone 16 Pro 1TB White (Refurbished Grade B),Apple,Phone,Refurbished Grade B
P02244,Apple iPhone 16 Pro 1TB White (Open Box),Apple,Phone,Open Box
P02245,Apple iPhone 16 Pro 1TB Blue,Apple,Phone,New
P02246,Apple iPhone 16 Pro 1TB Blue (Refurbished Grade A),Apple,Phone,Refurbished Grade A
P02247,Apple iPhone 16 Pro 1TB Blue (Refurbished Grade B),Apple,Phone,Refurbished Grade B
P02248,Apple iPhone 16 Pro 1TB Blue (Open Box),Apple,Phone,Open Box
P02249,Apple iPhone 16 Pro 1TB Green,Apple,Phone,New
P02250,Apple iPhone 16 Pro 1TB Green (Refurbished Grade A),Apple,Phone,Refurbished Grade A
P02251,Apple iPhone 16 Pro 1TB Green (Refurbished Grade B),Apple,Phone,Refurbished Grade B
P02252,Apple iPhone 16 Pro 1TB Green (Open Box),Apple,Phone,Open Box
P02253,Apple iPhone 16 Pro 1TB Titanium,Apple,Phone,New
P02254,Apple iPhone 16 Pro 1TB Titanium (Refurbished Grade A),Apple,Phone,Refurbished Grade A
P02255,Apple iPhone 16 Pro 1TB Titanium (Refurbished Grade B),Apple,Phone,Refurbished Grade B
P02256,Apple iPhone 16 Pro 1TB Titanium (Open Box),Apple,Phone,Open Box
P02257,Apple iPhone 16 Pro Max 128GB Black,Apple,Phone,New
P02258,Apple iPhone 16 Pro Max 128GB Black (Refurbished Grade A),Apple,Phone,Refurbished Grade A
P02259,Apple iPhone 16 Pro Max 128GB Black (Refurbished Grade B),Apple,Phone,Refurbished Grade B
P02260,Apple iPhone 16 Pro Max 128GB Black (Open Box),Apple,Phone,Open Box
P02261,Apple iPhone 16 Pro Max 128GB White,Apple,Phone,New
P02262,Apple iPhone 16 Pro Max 128GB White (Refurbished Grade A),Apple,Phone,Refurbished Grade A
P02263,Apple iPhone 16 Pro Max 128GB White (Refurbished Grade B),Apple,Phone,Refurbished Grade B
P02264,Apple iPhone 16 Pro Max 128GB White (Open Box),Apple,Phone,Open Box
P02265,Apple iPhone 16 Pro Max 128GB Blue,Apple,Phone,New
P02266,Apple iPhone 16 Pro Max 128GB Blue (Refurbished Grade A),Apple,Phone,Refurbished Grade A
P02267,Apple iPhone 16 Pro Max 128GB Blue (Refurbished Grade B),Apple,Phone,Refurbished Grade B
P02268,Apple iPhone 16 Pro Max 128GB Blue (Open Box),Apple,Phone,Open Box
P02269,Apple iPhone 16 Pro Max 128GB Green,Apple,Phone,New
P02270,Apple iPhone 16 Pro Max 128GB Green (Refurbished Grade A),Apple,Phone,Refurbished Grade A
P02271,Apple iPhone 16 Pro Max 128GB Green (Refurbished Grade B),Apple,Phone,Refurbished Grade B
P02272,Apple iPhone 16 Pro Max 128GB Green (Open Box),Apple,Phone,Open Box
P02273,Apple iPhone 16 Pro Max 128GB Titanium,Apple,Phone,New
P02274,Apple iPhone 16 Pro Max 128GB Titanium (Refurbished Grade A),Apple,Phone,Refurbished Grade A
P02275,Apple iPhone 16 Pro Max 128GB Titanium (Refurbished Grade B),Apple,Phone,Refurbished Grade B
P02276,Apple iPhone 16 Pro Max 128GB Titanium (Open Box),Apple,Phone,Open Box
P02277,Apple iPhone 16 Pro Max 256GB Black,Apple,Phone,New
P02278,Apple iPhone 16 Pro Max 256GB Black (Refurbished Grade A),Apple,Phone,Refurbished Grade A
P02279,Apple iPhone 16 Pro Max 256GB Black (Refurbished Grade B),Apple,Phone,Refurbished Grade B
P02280,Apple iPhone 16 Pro Max 256GB Black (Open Box),Apple,Phone,Open Box
P02281,Apple iPhone 16 Pro Max 256GB White,Apple,Phone,New
P02282,Apple iPhone 16 Pro Max 256GB White (Refurbished Grade A),Apple,Phone,Refurbished Grade A
P02283,Apple iPhone 16 Pro Max 256GB White (Refurbished Grade B),Apple,Phone,Refurbished Grade B
P02284,Apple iPhone 16 Pro Max 256GB White (Open Box),Apple,Phone,Open Box
P02285,Apple iPhone 16 Pro Max 256GB Blue,Apple,Phone,New
P02286,Apple iPhone 16 Pro Max 256GB Blue (Refurbished Grade A),Apple,Phone,Refurbished Grade A
P02287,Apple iPhone 16 Pro Max 256GB Blue (Refurbished Grade B),Apple,Phone,Refurbished Grade B
P02288,Apple iPhone 16 Pro Max 256GB Blue (Open Box),Apple,Phone,Open Box
P02289,Apple iPhone 16 Pro Max 256GB Green,Apple,Phone,New
P02290,Apple iPhone 16 Pro Max 256GB Green (Refurbished Grade A),Apple,Phone,Refurbished Grade A
P02291,Apple iPhone 16 Pro Max 256GB Green (Refurbished Grade B),Apple,Phone,Refurbished Grade B
P02292,Apple iPhone 16 Pro Max 256GB Green (Open Box),Apple,Phone,Open Box
P02293,Apple iPhone 16 Pro Max 256GB Titanium,Apple,Phone,New
P02294,Apple iPhone 16 Pro Max 256GB Titanium (Refurbished Grade A),Apple,Phone,Refurbished Grade A
P02295,Apple iPhone 16 Pro Max 256GB Titanium (Refurbished Grade B),Apple,Phone,Refurbished Grade B
P02296,Apple iPhone 16 Pro Max 256GB Titanium (Open Box),Apple,Phone,Open Box
P02297,Apple iPhone 16 Pro Max 512GB Black,Apple,Phone,New
P02298,Apple iPhone 16 Pro Max 512GB Black (Refurbished Grade A),Apple,Phone,Refurbished Grade A
P02299,Apple iPhone 16 Pro Max 512GB Black (Refurbished Grade B),Apple,Phone,Refurbished Grade B
P02300,Apple iPhone 16 Pro Max 512GB Black (Open Box),Apple,Phone,Open Box
P02301,Apple iPhone 16 Pro Max 512GB White,Apple,Phone,New
P02302,Apple iPhone 16 Pro Max 512GB White (Refurbished Grade A),Apple,Phone,Refurbished Grade A
P02303,Apple iPhone 16 Pro Max 512GB White (Refurbished Grade B),Apple,Phone,Refurbished Grade B
P02304,Apple iPhone 16 Pro Max 512GB White (Open Box),Apple,Phone,Open Box
P02305,Apple iPhone 16 Pro Max 512GB Blue,Apple,Phone,New
P02306,Apple iPhone 16 Pro Max 512GB Blue (Refurbished Grade A),Apple,Phone,Refurbished Grade A
P02307,Apple iPhone 16 Pro Max 512GB Blue (Refurbished Grade B),Apple,Phone,Refurbished Grade B
P02308,Apple iPhone 16 Pro Max 512GB Blue (Open Box),Apple,Phone,Open Box
P02309,Apple iPhone 16 Pro Max 512GB Green,Apple,Phone,New
P02310,Apple iPhone 16 Pro Max 512GB Green (Refurbished Grade A),Apple,Phone,Refurbished Grade A
P02311,Apple iPhone 16 Pro Max 512GB Green (Refurbished Grade B),Apple,Phone,Refurbished Grade B
P02312,Apple iPhone 16 Pro Max 512GB Green (Open Box),Apple,Phone,Open Box
P02313,Apple iPhone 16 Pro Max 512GB Titanium,Apple,Phone,New
P02314,Apple iPhone 16 Pro Max 512GB Titanium (Refurbished Grade A),Apple,Phone,Refurbished Grade A
P02315,Apple iPhone 16 Pro Max 512GB Titanium (Refurbished Grade B),Apple,Phone,Refurbished Grade B
P02316,Apple iPhone 16 Pro Max 512GB Titanium (Open Box),Apple,Phone,Open Box
P02317,Apple iPhone 16 Pro Max 1TB Black,Apple,Phone,New
P02318,Apple iPhone 16 Pro Max 1TB Black (Refurbished Grade A),Apple,Phone,Refurbished Grade A
P02319,Apple iPhone 16 Pro Max 1TB Black (Refurbished Grade B),Apple,Phone,Refurbished Grade B
P02320,Apple iPhone 16 Pro Max 1TB Black (Open Box),Apple,Phone,Open Box
P02321,Apple iPhone 16 Pro Max 1TB White,Apple,Phone,New
P02322,Apple iPhone 16 Pro Max 1TB White (Refurbished Grade A),Apple,Phone,Refurbished Grade A
P02323,Apple iPhone 16 Pro Max 1TB White (Refurbished Grade B),Apple,Phone,Refurbished Grade B
P02324,Apple iPhone 16 Pro Max 1TB White (Open Box),Apple,Phone,Open Box
P02325,Apple iPhone 16 Pro Max 1TB Blue,Apple,Phone,New
P02326,Apple iPhone 16 Pro Max 1TB Blue (Refurbished Grade A),Apple,Phone,Refurbished Grade A
P02327,Apple iPhone 16 Pro Max 1TB Blue (Refurbished Grade B),Apple,Phone,Refurbished Grade B
P02328,Apple iPhone 16 Pro Max 1TB Blue (Open Box),Apple,Phone,Open Box
P02329,Apple iPhone 16 Pro Max 1TB Green,Apple,Phone,New
P02330,Apple iPhone 16 Pro Max 1TB Green (Refurbished Grade A),Apple,Phone,Refurbished Grade A
P02331,Apple iPhone 16 Pro Max 1TB Green (Refurbished Grade B),Apple,Phone,Refurbished Grade B
P02332,Apple iPhone 16 Pro Max 1TB Green (Open Box),Apple,Phone,Open Box
P02333,Apple iPhone 16 Pro Max 1TB Titanium,Apple,Phone,New
P02334,Apple iPhone 16 Pro Max 1TB Titanium (Refurbished Grade A),Apple,Phone,Refurbished Grade A
P02335,Apple iPhone 16 Pro Max 1TB Titanium (Refurbished Grade B),Apple,Phone,Refurbished Grade B
P02336,Apple iPhone 16 Pro Max 1TB Titanium (Open Box),Apple,Phone,Open Box
P02337,Samsung Galaxy S24 128GB Black,Samsung,Phone,New
P02338,Samsung Galaxy S24 128GB Black (Refurbished Grade A),Samsung,Phone,Refurbished Grade A
P02339,Samsung Galaxy S24 128GB Black (Refurbished Grade B),Samsung,Phone,Refurbished Grade B
P02340,Samsung Galaxy S24 128GB Black (Open Box),Samsung,Phone,Open Box
P02341,Samsung Galaxy S24 128GB White,Samsung,Phone,New
P02342,Samsung Galaxy S24 128GB White (Refurbished Grade A),Samsung,Phone,Refurbished Grade A
P02343,Samsung Galaxy S24 128GB White (Refurbished Grade B),Samsung,Phone,Refurbished Grade B
P02344,Samsung Galaxy S24 128GB White (Open Box),Samsung,Phone,Open Box
P02345,Samsung Galaxy S24 128GB Blue,Samsung,Phone,New
P02346,Samsung Galaxy S24 128GB Blue (Refurbished Grade A),Samsung,Phone,Refurbished Grade A
P02347,Samsung Galaxy S24 128GB Blue (Refurbished Grade B),Samsung,Phone,Refurbished Grade B
P02348,Samsung Galaxy S24 128GB Blue (Open Box),Samsung,Phone,Open Box
P02349,Samsung Galaxy S24 128GB Green,Samsung,Phone,New
P02350,Samsung Galaxy S24 128GB Green (Refurbished Grade A),Samsung,Phone,Refurbished Grade A
P02351,Samsung Galaxy S24 128GB Green (Refurbished Grade B),Samsung,Phone,Refurbished Grade B
P02352,Samsung Galaxy S24 128GB Green (Open Box),Samsung,Phone,Open Box
P02353,Samsung Galaxy S24 128GB Titanium,Samsung,Phone,New
P02354,Samsung Galaxy S24 128GB Titanium (Refurbished Grade A),Samsung,Phone,Refurbished Grade A
P02355,Samsung Galaxy S24 128GB Titanium (Refurbished Grade B),Samsung,Phone,Refurbished Grade B
P02356,Samsung Galaxy S24 128GB Titanium (Open Box),Samsung,Phone,Open Box
P02357,Samsung Galaxy S24 256GB Black,Samsung,Phone,New
P02358,Samsung Galaxy S24 256GB Black (Refurbished Grade A),Samsung,Phone,Refurbished Grade A
P02359,Samsung Galaxy S24 256GB Black (Refurbished Grade B),Samsung,Phone,Refurbished Grade B
P02360,Samsung Galaxy S24 256GB Black (Open Box),Samsung,Phone,Open Box
P02361,Samsung Galaxy S24 256GB White,Samsung,Phone,New
P02362,Samsung Galaxy S24 256GB White (Refurbished Grade A),Samsung,Phone,Refurbished Grade A
P02363,Samsung Galaxy S24 256GB White (Refurbished Grade B),Samsung,Phone,Refurbished Grade B
P02364,Samsung Galaxy S24 256GB White (Open Box),Samsung,Phone,Open Box
P02365,Samsung Galaxy S24 256GB Blue,Samsung,Phone,New
P02366,Samsung Galaxy S24 256GB Blue (Refurbished Grade A),Samsung,Phone,Refurbished Grade A
P02367,Samsung Galaxy S24 256GB Blue (Refurbished Grade B),Samsung,Phone,Refurbished Grade B
P02368,Samsung Galaxy S24 256GB Blue (Open Box),Samsung,Phone,Open Box
P02369,Samsung Galaxy S24 256GB Green,Samsung,Phone,New
P02370,Samsung Galaxy S24 256GB Green (Refurbished Grade A),Samsung,Phone,Refurbished Grade A
P02371,Samsung Galaxy S24 256GB Green (Refurbished Grade B),Samsung,Phone,Refurbished Grade B
P02372,Samsung Galaxy S24 256GB Green (Open Box),Samsung,Phone,Open Box
P02373,Samsung Galaxy S24 256GB Titanium,Samsung,Phone,New
P02374,Samsung Galaxy S24 256GB Titanium (Refurbished Grade A),Samsung,Phone,Refurbished Grade A
P02375,Samsung Galaxy S24 256GB Titanium (Refurbished Grade B),Samsung,Phone,Refurbished Grade B
P02376,Samsung Galaxy S24 256GB Titanium (Open Box),Samsung,Phone,Open Box
P02377,Samsung Galaxy S24 512GB Black,Samsung,Phone,New
P02378,Samsung Galaxy S24 512GB Black (Refurbished Grade A),Samsung,Phone,Refurbished Grade A
P02379,Samsung Galaxy S24 512GB Black (Refurbished Grade B),Samsung,Phone,Refurbished Grade B
P02380,Samsung Galaxy S24 512GB Black (Open Box),Samsung,Phone,Open Box
P02381,Samsung Galaxy S24 512GB White,Samsung,Phone,New
P02382,Samsung Galaxy S24 512GB White (Refurbished Grade A),Samsung,Phone,Refurbished Grade A
P02383,Samsung Galaxy S24 512GB White (Refurbished Grade B),Samsung,Phone,Refurbished Grade B
P02384,Samsung Galaxy S24 512GB White (Open Box),Samsung,Phone,Open Box
P02385,Samsung Galaxy S24 512GB Blue,Samsung,Phone,New
P02386,Samsung Galaxy S24 512GB Blue (Refurbished Grade A),Samsung,Phone,Refurbished Grade A
P02387,Samsung Galaxy S24 512GB Blue (Refurbished Grade B),Samsung,Phone,Refurbished Grade B
P02388,Samsung Galaxy S24 512GB Blue (Open Box),Samsung,Phone,Open Box
P02389,Samsung Galaxy S24 512GB Green,Samsung,Phone,New
P02390,Samsung Galaxy S24 512GB Green (Refurbished Grade A),Samsung,Phone,Refurbished Grade A
P02391,Samsung Galaxy S24 512GB Green (Refurbished Grade B),Samsung,Phone,Refurbished Grade B
P02392,Samsung Galaxy S24 512GB Green (Open Box),Samsung,Phone,Open Box
P02393,Samsung Galaxy S24 512GB Titanium,Samsung,Phone,New
P02394,Samsung Galaxy S24 512GB Titanium (Refurbished Grade A),Samsung,Phone,Refurbished Grade A
P02395,Samsung Galaxy S24 512GB Titanium (Refurbished Grade B),Samsung,Phone,Refurbished Grade B
P02396,Samsung Galaxy S24 512GB Titanium (Open Box),Samsung,Phone,Open Box
P02397,Samsung Galaxy S24 1TB Black,Samsung,Phone,New
P02398,Samsung Galaxy S24 1TB Black (Refurbished Grade A),Samsung,Phone,Refurbished Grade A
P02399,Samsung Galaxy S24 1TB Black (Refurbished Grade B),Samsung,Phone,Refurbished Grade B
P02400,Samsung Galaxy S24 1TB Black (Open Box),Samsung,Phone,Open Box
P02401,Samsung Galaxy S24 1TB White,Samsung,Phone,New
P02402,Samsung Galaxy S24 1TB White (Refurbished Grade A),Samsung,Phone,Refurbished Grade A
P02403,Samsung Galaxy S24 1TB White (Refurbished Grade B),Samsung,Phone,Refurbished Grade B
P02404,Samsung Galaxy S24 1TB White (Open Box),Samsung,Phone,Open Box
P02405,Samsung Galaxy S24 1TB Blue,Samsung,Phone,New
P02406,Samsung Galaxy S24 1TB Blue (Refurbished Grade A),Samsung,Phone,Refurbished Grade A
P02407,Samsung Galaxy S24 1TB Blue (Refurbished Grade B),Samsung,Phone,Refurbished Grade B
P02408,Samsung Galaxy S24 1TB Blue (Open Box),Samsung,Phone,Open Box
P02409,Samsung Galaxy S24 1TB Green,Samsung,Phone,New
P02410,Samsung Galaxy S24 1TB Green (Refurbished Grade A),Samsung,Phone,Refurbished Grade A
P02411,Samsung Galaxy S24 1TB Green (Refurbished Grade B),Samsung,Phone,Refurbished Grade B
P02412,Samsung Galaxy S24 1TB Green (Open Box),Samsung,Phone,Open Box
P02413,Samsung Galaxy S24 1TB Titanium,Samsung,Phone,New
P02414,Samsung Galaxy S24 1TB Titanium (Refurbished Grade A),Samsung,Phone,Refurbished Grade A
P02415,Samsung Galaxy S24 1TB Titanium (Refurbished Grade B),Samsung,Phone,Refurbished Grade B
P02416,Samsung Galaxy S24 1TB Titanium (Open Box),Samsung,Phone,Open Box
P02417,Samsung Galaxy S24+ 128GB Black,Samsung,Phone,New
P02418,Samsung Galaxy S24+ 128GB Black (Refurbished Grade A),Samsung,Phone,Refurbished Grade A
P02419,Samsung Galaxy S24+ 128GB Black (Refurbished Grade B),Samsung,Phone,Refurbished Grade B
P02420,Samsung Galaxy S24+ 128GB Black (Open Box),Samsung,Phone,Open Box
P02421,Samsung Galaxy S24+ 128GB White,Samsung,Phone,New
P02422,Samsung Galaxy S24+ 128GB White (Refurbished Grade A),Samsung,Phone,Refurbished Grade A
P02423,Samsung Galaxy S24+ 128GB White (Refurbished Grade B),Samsung,Phone,Refurbished Grade B
P02424,Samsung Galaxy S24+ 128GB White (Open Box),Samsung,Phone,Open Box
P02425,Samsung Galaxy S24+ 128GB Blue,Samsung,Phone,New
P02426,Samsung Galaxy S24+ 128GB Blue (Refurbished Grade A),Samsung,Phone,Refurbished Grade A
P02427,Samsung Galaxy S24+ 128GB Blue (Refurbished Grade B),Samsung,Phone,Refurbished Grade B
P02428,Samsung Galaxy S24+ 128GB Blue (Open Box),Samsung,Phone,Open Box
P02429,Samsung Galaxy S24+ 128GB Green,Samsung,Phone,New
P02430,Samsung Galaxy S24+ 128GB Green (Refurbished Grade A),Samsung,Phone,Refurbished Grade A
P02431,Samsung Galaxy S24+ 128GB Green (Refurbished Grade B),Samsung,Phone,Refurbished Grade B
P02432,Samsung Galaxy S24+ 128GB Green (Open Box),Samsung,Phone,Open Box
P02433,Samsung Galaxy S24+ 128GB Titanium,Samsung,Phone,New
P02434,Samsung Galaxy S24+ 128GB Titanium (Refurbished Grade A),Samsung,Phone,Refurbished Grade A
P02435,Samsung Galaxy S24+ 128GB Titanium (Refurbished Grade B),Samsung,Phone,Refurbished Grade B
P02436,Samsung Galaxy S24+ 128GB Titanium (Open Box),Samsung,Phone,Open Box
P02437,Samsung Galaxy S24+ 256GB Black,Samsung,Phone,New
P02438,Samsung Galaxy S24+ 256GB Black (Refurbished Grade A),Samsung,Phone,Refurbished Grade A
P02439,Samsung Galaxy S24+ 256GB Black (Refurbished Grade B),Samsung,Phone,Refurbished Grade B
P02440,Samsung Galaxy S24+ 256GB Black (Open Box),Samsung,Phone,Open Box
P02441,Samsung Galaxy S24+ 256GB White,Samsung,Phone,New
P02442,Samsung Galaxy S24+ 256GB White (Refurbished Grade A),Samsung,Phone,Refurbished Grade A
P02443,Samsung Galaxy S24+ 256GB White (Refurbished Grade B),Samsung,Phone,Refurbished Grade B
P02444,Samsung Galaxy S24+ 256GB White (Open Box),Samsung,Phone,Open Box
P02445,Samsung Galaxy S24+ 256GB Blue,Samsung,Phone,New
P02446,Samsung Galaxy S24+ 256GB Blue (Refurbished Grade A),Samsung,Phone,Refurbished Grade A
P02447,Samsung Galaxy S24+ 256GB Blue (Refurbished Grade B),Samsung,Phone,Refurbished Grade B
P02448,Samsung Galaxy S24+ 256GB Blue (Open Box),Samsung,Phone,Open Box
P02449,Samsung Galaxy S24+ 256GB Green,Samsung,Phone,New
P02450,Samsung Galaxy S24+ 256GB Green (Refurbished Grade A),Samsung,Phone,Refurbished Grade A
P02451,Samsung Galaxy S24+ 256GB Green (Refurbished Grade B),Samsung,Phone,Refurbished Grade B
P02452,Samsung Galaxy S24+ 256GB Green (Open Box),Samsung,Phone,Open Box
P02453,Samsung Galaxy S24+ 256GB Titanium,Samsung,Phone,New
P02454,Samsung Galaxy S24+ 256GB Titanium (Refurbished Grade A),Samsung,Phone,Refurbished Grade A
P02455,Samsung Galaxy S24+ 256GB Titanium (Refurbished Grade B),Samsung,Phone,Refurbished Grade B
P02456,Samsung Galaxy S24+ 256GB Titanium (Open Box),Samsung,Phone,Open Box
P02457,Samsung Galaxy S24+ 512GB Black,Samsung,Phone,New
P02458,Samsung Galaxy S24+ 512GB Black (Refurbished Grade A),Samsung,Phone,Refurbished Grade A
P02459,Samsung Galaxy S24+ 512GB Black (Refurbished Grade B),Samsung,Phone,Refurbished Grade B
P02460,Samsung Galaxy S24+ 512GB Black (Open Box),Samsung,Phone,Open Box
P02461,Samsung Galaxy S24+ 512GB White,Samsung,Phone,New
P02462,Samsung Galaxy S24+ 512GB White (Refurbished Grade A),Samsung,Phone,Refurbished Grade A
P02463,Samsung Galaxy S24+ 512GB White (Refurbished Grade B),Samsung,Phone,Refurbished Grade B
P02464,Samsung Galaxy S24+ 512GB White (Open Box),Samsung,Phone,Open Box
P02465,Samsung Galaxy S24+ 512GB Blue,Samsung,Phone,New
P02466,Samsung Galaxy S24+ 512GB Blue (Refurbished Grade A),Samsung,Phone,Refurbished Grade A
P02467,Samsung Galaxy S24+ 512GB Blue (Refurbished Grade B),Samsung,Phone,Refurbished Grade B
P02468,Samsung Galaxy S24+ 512GB Blue (Open Box),Samsung,Phone,Open Box
P02469,Samsung Galaxy S24+ 512GB Green,Samsung,Phone,New
P02470,Samsung Galaxy S24+ 512GB Green (Refurbished Grade A),Samsung,Phone,Refurbished Grade A
P02471,Samsung Galaxy S24+ 512GB Green (Refurbished Grade B),Samsung,Phone,Refurbished Grade B
P02472,Samsung Galaxy S24+ 512GB Green (Open Box),Samsung,Phone,Open Box
P02473,Samsung Galaxy S24+ 512GB Titanium,Samsung,Phone,New
P02474,Samsung Galaxy S24+ 512GB Titanium (Refurbished Grade A),Samsung,Phone,Refurbished Grade A
P02475,Samsung Galaxy S24+ 512GB Titanium (Refurbished Grade B),Samsung,Phone,Refurbished Grade B
P02476,Samsung Galaxy S24+ 512GB Titanium (Open Box),Samsung,Phone,Open Box
P02477,Samsung Galaxy S24+ 1TB Black,Samsung,Phone,New
P02478,Samsung Galaxy S24+ 1TB Black (Refurbished Grade A),Samsung,Phone,Refurbished Grade A
P02479,Samsung Galaxy S24+ 1TB Black (Refurbished Grade B),Samsung,Phone,Refurbished Grade B
P02480,Samsung Galaxy S24+ 1TB Black (Open Box),Samsung,Phone,Open Box
P02481,Samsung Galaxy S24+ 1TB White,Samsung,Phone,New
P02482,Samsung Galaxy S24+ 1TB White (Refurbished Grade A),Samsung,Phone,Refurbished Grade A
P02483,Samsung Galaxy S24+ 1TB White (Refurbished Grade B),Samsung,Phone,Refurbished Grade B
P02484,Samsung Galaxy S24+ 1TB White (Open Box),Samsung,Phone,Open Box
P02485,Samsung Galaxy S24+ 1TB Blue,Samsung,Phone,New
P02486,Samsung Galaxy S24+ 1TB Blue (Refurbished Grade A),Samsung,Phone,Refurbished Grade A
P02487,Samsung Galaxy S24+ 1TB Blue (Refurbished Grade B),Samsung,Phone,Refurbished Grade B
P02488,Samsung Galaxy S24+ 1TB Blue (Open Box),Samsung,Phone,Open Box
P02489,Samsung Galaxy S24+ 1TB Green,Samsung,Phone,New
P02490,Samsung Galaxy S24+ 1TB Green (Refurbished Grade A),Samsung,Phone,Refurbished Grade A
P02491,Samsung Galaxy S24+ 1TB Green (Refurbished Grade B),Samsung,Phone,Refurbished Grade B
P02492,Samsung Galaxy S24+ 1TB Green (Open Box),Samsung,Phone,Open Box
P02493,Samsung Galaxy S24+ 1TB Titanium,Samsung,Phone,New
P02494,Samsung Galaxy S24+ 1TB Titanium (Refurbished Grade A),Samsung,Phone,Refurbished Grade A
P02495,Samsung Galaxy S24+ 1TB Titanium (Refurbished Grade B),Samsung,Phone,Refurbished Grade B
P02496,Samsung Galaxy S24+ 1TB Titanium (Open Box),Samsung,Phone,Open Box
P02497,Samsung Galaxy S24 Ultra 128GB Black,Samsung,Phone,New
P02498,Samsung Galaxy S24 Ultra 128GB Black (Refurbished Grade A),Samsung,Phone,Refurbished Grade A
P02499,Samsung Galaxy S24 Ultra 128GB Black (Refurbished Grade B),Samsung,Phone,Refurbished Grade B
P02500,Samsung Galaxy S24 Ultra 128GB Black (Open Box),Samsung,Phone,Open Box
P02501,Samsung Galaxy S24 Ultra 128GB White,Samsung,Phone,New
P02502,Samsung Galaxy S24 Ultra 128GB White (Refurbished Grade A),Samsung,Phone,Refurbished Grade A
P02503,Samsung Galaxy S24 Ultra 128GB White (Refurbished Grade B),Samsung,Phone,Refurbished Grade B
P02504,Samsung Galaxy S24 Ultra 128GB White (Open Box),Samsung,Phone,Open Box
P02505,Samsung Galaxy S24 Ultra 128GB Blue,Samsung,Phone,New
P02506,Samsung Galaxy S24 Ultra 128GB Blue (Refurbished Grade A),Samsung,Phone,Refurbished Grade A
P02507,Samsung Galaxy S24 Ultra 128GB Blue (Refurbished Grade B),Samsung,Phone,Refurbished Grade B
P02508,Samsung Galaxy S24 Ultra 128GB Blue (Open Box),Samsung,Phone,Open Box
P02509,Samsung Galaxy S24 Ultra 128GB Green,Samsung,Phone,New
P02510,Samsung Galaxy S24 Ultra 128GB Green (Refurbished Grade A),Samsung,Phone,Refurbished Grade A
P02511,Samsung Galaxy S24 Ultra 128GB Green (Refurbished Grade B),Samsung,Phone,Refurbished Grade B
P02512,Samsung Galaxy S24 Ultra 128GB Green (Open Box),Samsung,Phone,Open Box
P02513,Samsung Galaxy S24 Ultra 128GB Titanium,Samsung,Phone,New
P02514,Samsung Galaxy S24 Ultra 128GB Titanium (Refurbished Grade A),Samsung,Phone,Refurbished Grade A
P02515,Samsung Galaxy S24 Ultra 128GB Titanium (Refurbished Grade B),Samsung,Phone,Refurbished Grade B
P02516,Samsung Galaxy S24 Ultra 128GB Titanium (Open Box),Samsung,Phone,Open Box
P02517,Samsung Galaxy S24 Ultra 256GB Black,Samsung,Phone,New
P02518,Samsung Galaxy S24 Ultra 256GB Black (Refurbished Grade A),Samsung,Phone,Refurbished Grade A
P02519,Samsung Galaxy S24 Ultra 256GB Black (Refurbished Grade B),Samsung,Phone,Refurbished Grade B
P02520,Samsung Galaxy S24 Ultra 256GB Black (Open Box),Samsung,Phone,Open Box
P02521,Samsung Galaxy S24 Ultra 256GB White,Samsung,Phone,New
P02522,Samsung Galaxy S24 Ultra 256GB White (Refurbished Grade A),Samsung,Phone,Refurbished Grade A
P02523,Samsung Galaxy S24 Ultra 256GB White (Refurbished Grade B),Samsung,Phone,Refurbished Grade B
P02524,Samsung Galaxy S24 Ultra 256GB White (Open Box),Samsung,Phone,Open Box
P02525,Samsung Galaxy S24 Ultra 256GB Blue,Samsung,Phone,New
P02526,Samsung Galaxy S24 Ultra 256GB Blue (Refurbished Grade A),Samsung,Phone,Refurbished Grade A
P02527,Samsung Galaxy S24 Ultra 256GB Blue (Refurbished Grade B),Samsung,Phone,Refurbished Grade B
P02528,Samsung Galaxy S24 Ultra 256GB Blue (Open Box),Samsung,Phone,Open Box
P02529,Samsung Galaxy S24 Ultra 256GB Green,Samsung,Phone,New
P02530,Samsung Galaxy S24 Ultra 256GB Green (Refurbished Grade A),Samsung,Phone,Refurbished Grade A
P02531,Samsung Galaxy S24 Ultra 256GB Green (Refurbished Grade B),Samsung,Phone,Refurbished Grade B
P02532,Samsung Galaxy S24 Ultra 256GB Green (Open Box),Samsung,Phone,Open Box
P02533,Samsung Galaxy S24 Ultra 256GB Titanium,Samsung,Phone,New
P02534,Samsung Galaxy S24 Ultra 256GB Titanium (Refurbished Grade A),Samsung,Phone,Refurbished Grade A
P02535,Samsung Galaxy S24 Ultra 256GB Titanium (Refurbished Grade B),Samsung,Phone,Refurbished Grade B
P02536,Samsung Galaxy S24 Ultra 256GB Titanium (Open Box),Samsung,Phone,Open Box
P02537,Samsung Galaxy S24 Ultra 512GB Black,Samsung,Phone,New
P02538,Samsung Galaxy S24 Ultra 512GB Black (Refurbished Grade A),Samsung,Phone,Refurbished Grade A
P02539,Samsung Galaxy S24 Ultra 512GB Black (Refurbished Grade B),Samsung,Phone,Refurbished Grade B
P02540,Samsung Galaxy S24 Ultra 512GB Black (Open Box),Samsung,Phone,Open Box
P02541,Samsung Galaxy S24 Ultra 512GB White,Samsung,Phone,New
P02542,Samsung Galaxy S24 Ultra 512GB White (Refurbished Grade A),Samsung,Phone,Refurbished Grade A
P02543,Samsung Galaxy S24 Ultra 512GB White (Refurbished Grade B),Samsung,Phone,Refurbished Grade B
P02544,Samsung Galaxy S24 Ultra 512GB White (Open Box),Samsung,Phone,Open Box
P02545,Samsung Galaxy S24 Ultra 512GB Blue,Samsung,Phone,New
P02546,Samsung Galaxy S24 Ultra 512GB Blue (Refurbished Grade A),Samsung,Phone,Refurbished Grade A
P02547,Samsung Galaxy S24 Ultra 512GB Blue (Refurbished Grade B),Samsung,Phone,Refurbished Grade B
P02548,Samsung Galaxy S24 Ultra 512GB Blue (Open Box),Samsung,Phone,Open Box
P02549,Samsung Galaxy S24 Ultra 512GB Green,Samsung,Phone,New
P02550,Samsung Galaxy S24 Ultra 512GB Green (Refurbished Grade A),Samsung,Phone,Refurbished Grade A
P02551,Samsung Galaxy S24 Ultra 512GB Green (Refurbished Grade B),Samsung,Phone,Refurbished Grade B
P02552,Samsung Galaxy S24 Ultra 512GB Green (Open Box),Samsung,Phone,Open Box
P02553,Samsung Galaxy S24 Ultra 512GB Titanium,Samsung,Phone,New
P02554,Samsung Galaxy S24 Ultra 512GB Titanium (Refurbished Grade A),Samsung,Phone,Refurbished Grade A
P02555,Samsung Galaxy S24 Ultra 512GB Titanium (Refurbished Grade B),Samsung,Phone,Refurbished Grade B
P02556,Samsung Galaxy S24 Ultra 512GB Titanium (Open Box),Samsung,Phone,Open Box
P02557,Samsung Galaxy S24 Ultra 1TB Black,Samsung,Phone,New
P02558,Samsung Galaxy S24 Ultra 1TB Black (Refurbished Grade A),Samsung,Phone,Refurbished Grade A
P02559,Samsung Galaxy S24 Ultra 1TB Black (Refurbished Grade B),Samsung,Phone,Refurbished Grade B
P02560,Samsung Galaxy S24 Ultra 1TB Black (Open Box),Samsung,Phone,Open Box
P02561,Samsung Galaxy S24 Ultra 1TB White,Samsung,Phone,New
P02562,Samsung Galaxy S24 Ultra 1TB White (Refurbished Grade A),Samsung,Phone,Refurbished Grade A
P02563,Samsung Galaxy S24 Ultra 1TB White (Refurbished Grade B),Samsung,Phone,Refurbished Grade B
P02564,Samsung Galaxy S24 Ultra 1TB White (Open Box),Samsung,Phone,Open Box
P02565,Samsung Galaxy S24 Ultra 1TB Blue,Samsung,Phone,New
P02566,Samsung Galaxy S24 Ultra 1TB Blue (Refurbished Grade A),Samsung,Phone,Refurbished Grade A
P02567,Samsung Galaxy S24 Ultra 1TB Blue (Refurbished Grade B),Samsung,Phone,Refurbished Grade B
P02568,Samsung Galaxy S24 Ultra 1TB Blue (Open Box),Samsung,Phone,Open Box
P02569,Samsung Galaxy S24 Ultra 1TB Green,Samsung,Phone,New
P02570,Samsung Galaxy S24 Ultra 1TB Green (Refurbished Grade A),Samsung,Phone,Refurbished Grade A
P02571,Samsung Galaxy S24 Ultra 1TB Green (Refurbished Grade B),Samsung,Phone,Refurbished Grade B
P02572,Samsung Galaxy S24 Ultra 1TB Green (Open Box),Samsung,Phone,Open Box
P02573,Samsung Galaxy S24 Ultra 1TB Titanium,Samsung,Phone,New
P02574,Samsung Galaxy S24 Ultra 1TB Titanium (Refurbished Grade A),Samsung,Phone,Refurbished Grade A
P02575,Samsung Galaxy S24 Ultra 1TB Titanium (Refurbished Grade B),Samsung,Phone,Refurbished Grade B
P02576,Samsung Galaxy S24 Ultra 1TB Titanium (Open Box),Samsung,Phone,Open Box
P02577,Samsung Galaxy S25 128GB Black,Samsung,Phone,New
P02578,Samsung Galaxy S25 128GB Black (Refurbished Grade A),Samsung,Phone,Refurbished Grade A
P02579,Samsung Galaxy S25 128GB Black (Refurbished Grade B),Samsung,Phone,Refurbished Grade B
P02580,Samsung Galaxy S25 128GB Black (Open Box),Samsung,Phone,Open Box
P02581,Samsung Galaxy S25 128GB White,Samsung,Phone,New
P02582,Samsung Galaxy S25 128GB White (Refurbished Grade A),Samsung,Phone,Refurbished Grade A
P02583,Samsung Galaxy S25 128GB White (Refurbished Grade B),Samsung,Phone,Refurbished Grade B
P02584,Samsung Galaxy S25 128GB White (Open Box),Samsung,Phone,Open Box
P02585,Samsung Galaxy S25 128GB Blue,Samsung,Phone,New
P02586,Samsung Galaxy S25 128GB Blue (Refurbished Grade A),Samsung,Phone,Refurbished Grade A
P02587,Samsung Galaxy S25 128GB Blue (Refurbished Grade B),Samsung,Phone,Refurbished Grade B
P02588,Samsung Galaxy S25 128GB Blue (Open Box),Samsung,Phone,Open Box
P02589,Samsung Galaxy S25 128GB Green,Samsung,Phone,New
P02590,Samsung Galaxy S25 128GB Green (Refurbished Grade A),Samsung,Phone,Refurbished Grade A
P02591,Samsung Galaxy S25 128GB Green (Refurbished Grade B),Samsung,Phone,Refurbished Grade B
P02592,Samsung Galaxy S25 128GB Green (Open Box),Samsung,Phone,Open Box
P02593,Samsung Galaxy S25 128GB Titanium,Samsung,Phone,New
P02594,Samsung Galaxy S25 128GB Titanium (Refurbished Grade A),Samsung,Phone,Refurbished Grade A
P02595,Samsung Galaxy S25 128GB Titanium (Refurbished Grade B),Samsung,Phone,Refurbished Grade B
P02596,Samsung Galaxy S25 128GB Titanium (Open Box),Samsung,Phone,Open Box
P02597,Samsung Galaxy S25 256GB Black,Samsung,Phone,New
P02598,Samsung Galaxy S25 256GB Black (Refurbished Grade A),Samsung,Phone,Refurbished Grade A
P02599,Samsung Galaxy S25 256GB Black (Refurbished Grade B),Samsung,Phone,Refurbished Grade B
P02600,Samsung Galaxy S25 256GB Black (Open Box),Samsung,Phone,Open Box
P02601,Samsung Galaxy S25 256GB White,Samsung,Phone,New
P02602,Samsung Galaxy S25 256GB White (Refurbished Grade A),Samsung,Phone,Refurbished Grade A
P02603,Samsung Galaxy S25 256GB White (Refurbished Grade B),Samsung,Phone,Refurbished Grade B
P02604,Samsung Galaxy S25 256GB White (Open Box),Samsung,Phone,Open Box
P02605,Samsung Galaxy S25 256GB Blue,Samsung,Phone,New
P02606,Samsung Galaxy S25 256GB Blue (Refurbished Grade A),Samsung,Phone,Refurbished Grade A
P02607,Samsung Galaxy S25 256GB Blue (Refurbished Grade B),Samsung,Phone,Refurbished Grade B
P02608,Samsung Galaxy S25 256GB Blue (Open Box),Samsung,Phone,Open Box
P02609,Samsung Galaxy S25 256GB Green,Samsung,Phone,New
P02610,Samsung Galaxy S25 256GB Green (Refurbished Grade A),Samsung,Phone,Refurbished Grade A
P02611,Samsung Galaxy S25 256GB Green (Refurbished Grade B),Samsung,Phone,Refurbished Grade B
P02612,Samsung Galaxy S25 256GB Green (Open Box),Samsung,Phone,Open Box
P02613,Samsung Galaxy S25 256GB Titanium,Samsung,Phone,New
P02614,Samsung Galaxy S25 256GB Titanium (Refurbished Grade A),Samsung,Phone,Refurbished Grade A
P02615,Samsung Galaxy S25 256GB Titanium (Refurbished Grade B),Samsung,Phone,Refurbished Grade B
P02616,Samsung Galaxy S25 256GB Titanium (Open Box),Samsung,Phone,Open Box
P02617,Samsung Galaxy S25 512GB Black,Samsung,Phone,New
P02618,Samsung Galaxy S25 512GB Black (Refurbished Grade A),Samsung,Phone,Refurbished Grade A
P02619,Samsung Galaxy S25 512GB Black (Refurbished Grade B),Samsung,Phone,Refurbished Grade B
P02620,Samsung Galaxy S25 512GB Black (Open Box),Samsung,Phone,Open Box
P02621,Samsung Galaxy S25 512GB White,Samsung,Phone,New
P02622,Samsung Galaxy S25 512GB White (Refurbished Grade A),Samsung,Phone,Refurbished Grade A
P02623,Samsung Galaxy S25 512GB White (Refurbished Grade B),Samsung,Phone,Refurbished Grade B
P02624,Samsung Galaxy S25 512GB White (Open Box),Samsung,Phone,Open Box
P02625,Samsung Galaxy S25 512GB Blue,Samsung,Phone,New
P02626,Samsung Galaxy S25 512GB Blue (Refurbished Grade A),Samsung,Phone,Refurbished Grade A
P02627,Samsung Galaxy S25 512GB Blue (Refurbished Grade B),Samsung,Phone,Refurbished Grade B
P02628,Samsung Galaxy S25 512GB Blue (Open Box),Samsung,Phone,Open Box
P02629,Samsung Galaxy S25 512GB Green,Samsung,Phone,New
P02630,Samsung Galaxy S25 512GB Green (Refurbished Grade A),Samsung,Phone,Refurbished Grade A
P02631,Samsung Galaxy S25 512GB Green (Refurbished Grade B),Samsung,Phone,Refurbished Grade B
P02632,Samsung Galaxy S25 512GB Green (Open Box),Samsung,Phone,Open Box
P02633,Samsung Galaxy S25 512GB Titanium,Samsung,Phone,New
P02634,Samsung Galaxy S25 512GB Titanium (Refurbished Grade A),Samsung,Phone,Refurbished Grade A
P02635,Samsung Galaxy S25 512GB Titanium (Refurbished Grade B),Samsung,Phone,Refurbished Grade B
P02636,Samsung Galaxy S25 512GB Titanium (Open Box),Samsung,Phone,Open Box
P02637,Samsung Galaxy S25 1TB Black,Samsung,Phone,New
P02638,Samsung Galaxy S25 1TB Black (Refurbished Grade A),Samsung,Phone,Refurbished Grade A
P02639,Samsung Galaxy S25 1TB Black (Refurbished Grade B),Samsung,Phone,Refurbished Grade B
P02640,Samsung Galaxy S25 1TB Black (Open Box),Samsung,Phone,Open Box
P02641,Samsung Galaxy S25 1TB White,Samsung,Phone,New
P02642,Samsung Galaxy S25 1TB White (Refurbished Grade A),Samsung,Phone,Refurbished Grade A
P02643,Samsung Galaxy S25 1TB White (Refurbished Grade B),Samsung,Phone,Refurbished Grade B
P02644,Samsung Galaxy S25 1TB White (Open Box),Samsung,Phone,Open Box
P02645,Samsung Galaxy S25 1TB Blue,Samsung,Phone,New
P02646,Samsung Galaxy S25 1TB Blue (Refurbished Grade A),Samsung,Phone,Refurbished Grade A
P02647,Samsung Galaxy S25 1TB Blue (Refurbished Grade B),Samsung,Phone,Refurbished Grade B
P02648,Samsung Galaxy S25 1TB Blue (Open Box),Samsung,Phone,Open Box
P02649,Samsung Galaxy S25 1TB Green,Samsung,Phone,New
P02650,Samsung Galaxy S25 1TB Green (Refurbished Grade A),Samsung,Phone,Refurbished Grade A
P02651,Samsung Galaxy S25 1TB Green (Refurbished Grade B),Samsung,Phone,Refurbished Grade B
P02652,Samsung Galaxy S25 1TB Green (Open Box),Samsung,Phone,Open Box
P02653,Samsung Galaxy S25 1TB Titanium,Samsung,Phone,New
P02654,Samsung Galaxy S25 1TB Titanium (Refurbished Grade A),Samsung,Phone,Refurbished Grade A
P02655,Samsung Galaxy S25 1TB Titanium (Refurbished Grade B),Samsung,Phone,Refurbished Grade B
P02656,Samsung Galaxy S25 1TB Titanium (Open Box),Samsung,Phone,Open Box
P02657,Samsung Galaxy S25 Ultra 128GB Black,Samsung,Phone,New
P02658,Samsung Galaxy S25 Ultra 128GB Black (Refurbished Grade A),Samsung,Phone,Refurbished Grade A
P02659,Samsung Galaxy S25 Ultra 128GB Black (Refurbished Grade B),Samsung,Phone,Refurbished Grade B
P02660,Samsung Galaxy S25 Ultra 128GB Black (Open Box),Samsung,Phone,Open Box
P02661,Samsung Galaxy S25 Ultra 128GB White,Samsung,Phone,New
P02662,Samsung Galaxy S25 Ultra 128GB White (Refurbished Grade A),Samsung,Phone,Refurbished Grade A
P02663,Samsung Galaxy S25 Ultra 128GB White (Refurbished Grade B),Samsung,Phone,Refurbished Grade B
P02664,Samsung Galaxy S25 Ultra 128GB White (Open Box),Samsung,Phone,Open Box
P02665,Samsung Galaxy S25 Ultra 128GB Blue,Samsung,Phone,New
P02666,Samsung Galaxy S25 Ultra 128GB Blue (Refurbished Grade A),Samsung,Phone,Refurbished Grade A
P02667,Samsung Galaxy S25 Ultra 128GB Blue (Refurbished Grade B),Samsung,Phone,Refurbished Grade B
P02668,Samsung Galaxy S25 Ultra 128GB Blue (Open Box),Samsung,Phone,Open Box
P02669,Samsung Galaxy S25 Ultra 128GB Green,Samsung,Phone,New
P02670,Samsung Galaxy S25 Ultra 128GB Green (Refurbished Grade A),Samsung,Phone,Refurbished Grade A
P02671,Samsung Galaxy S25 Ultra 128GB Green (Refurbished Grade B),Samsung,Phone,Refurbished Grade B
P02672,Samsung Galaxy S25 Ultra 128GB Green (Open Box),Samsung,Phone,Open Box
P02673,Samsung Galaxy S25 Ultra 128GB Titanium,Samsung,Phone,New
P02674,Samsung Galaxy S25 Ultra 128GB Titanium (Refurbished Grade A),Samsung,Phone,Refurbished Grade A
P02675,Samsung Galaxy S25 Ultra 128GB Titanium (Refurbished Grade B),Samsung,Phone,Refurbished Grade B
P02676,Samsung Galaxy S25 Ultra 128GB Titanium (Open Box),Samsung,Phone,Open Box
P02677,Samsung Galaxy S25 Ultra 256GB Black,Samsung,Phone,New
P02678,Samsung Galaxy S25 Ultra 256GB Black (Refurbished Grade A),Samsung,Phone,Refurbished Grade A
P02679,Samsung Galaxy S25 Ultra 256GB Black (Refurbished Grade B),Samsung,Phone,Refurbished Grade B
P02680,Samsung Galaxy S25 Ultra 256GB Black (Open Box),Samsung,Phone,Open Box
P02681,Samsung Galaxy S25 Ultra 256GB White,Samsung,Phone,New
P02682,Samsung Galaxy S25 Ultra 256GB White (Refurbished Grade A),Samsung,Phone,Refurbished Grade A
P02683,Samsung Galaxy S25 Ultra 256GB White (Refurbished Grade B),Samsung,Phone,Refurbished Grade B
P02684,Samsung Galaxy S25 Ultra 256GB White (Open Box),Samsung,Phone,Open Box
P02685,Samsung Galaxy S25 Ultra 256GB Blue,Samsung,Phone,New
P02686,Samsung Galaxy S25 Ultra 256GB Blue (Refurbished Grade A),Samsung,Phone,Refurbished Grade A
P02687,Samsung Galaxy S25 Ultra 256GB Blue (Refurbished Grade B),Samsung,Phone,Refurbished Grade B
P02688,Samsung Galaxy S25 Ultra 256GB Blue (Open Box),Samsung,Phone,Open Box
P02689,Samsung Galaxy S25 Ultra 256GB Green,Samsung,Phone,New
P02690,Samsung Galaxy S25 Ultra 256GB Green (Refurbished Grade A),Samsung,Phone,Refurbished Grade A
P02691,Samsung Galaxy S25 Ultra 256GB Green (Refurbished Grade B),Samsung,Phone,Refurbished Grade B
P02692,Samsung Galaxy S25 Ultra 256GB Green (Open Box),Samsung,Phone,Open Box
P02693,Samsung Galaxy S25 Ultra 256GB Titanium,Samsung,Phone,New
P02694,Samsung Galaxy S25 Ultra 256GB Titanium (Refurbished Grade A),Samsung,Phone,Refurbished Grade A
P02695,Samsung Galaxy S25 Ultra 256GB Titanium (Refurbished Grade B),Samsung,Phone,Refurbished Grade B
P02696,Samsung Galaxy S25 Ultra 256GB Titanium (Open Box),Samsung,Phone,Open Box
P02697,Samsung Galaxy S25 Ultra 512GB Black,Samsung,Phone,New
P02698,Samsung Galaxy S25 Ultra 512GB Black (Refurbished Grade A),Samsung,Phone,Refurbished Grade A
P02699,Samsung Galaxy S25 Ultra 512GB Black (Refurbished Grade B),Samsung,Phone,Refurbished Grade B
P02700,Samsung Galaxy S25 Ultra 512GB Black (Open Box),Samsung,Phone,Open Box
P02701,Samsung Galaxy S25 Ultra 512GB White,Samsung,Phone,New
P02702,Samsung Galaxy S25 Ultra 512GB White (Refurbished Grade A),Samsung,Phone,Refurbished Grade A
P02703,Samsung Galaxy S25 Ultra 512GB White (Refurbished Grade B),Samsung,Phone,Refurbished Grade B
P02704,Samsung Galaxy S25 Ultra 512GB White (Open Box),Samsung,Phone,Open Box
P02705,Samsung Galaxy S25 Ultra 512GB Blue,Samsung,Phone,New
P02706,Samsung Galaxy S25 Ultra 512GB Blue (Refurbished Grade A),Samsung,Phone,Refurbished Grade A
P02707,Samsung Galaxy S25 Ultra 512GB Blue (Refurbished Grade B),Samsung,Phone,Refurbished Grade B
P02708,Samsung Galaxy S25 Ultra 512GB Blue (Open Box),Samsung,Phone,Open Box
P02709,Samsung Galaxy S25 Ultra 512GB Green,Samsung,Phone,New
P02710,Samsung Galaxy S25 Ultra 512GB Green (Refurbished Grade A),Samsung,Phone,Refurbished Grade A
P02711,Samsung Galaxy S25 Ultra 512GB Green (Refurbished Grade B),Samsung,Phone,Refurbished Grade B
P02712,Samsung Galaxy S25 Ultra 512GB Green (Open Box),Samsung,Phone,Open Box
P02713,Samsung Galaxy S25 Ultra 512GB Titanium,Samsung,Phone,New
P02714,Samsung Galaxy S25 Ultra 512GB Titanium (Refurbished Grade A),Samsung,Phone,Refurbished Grade A
P02715,Samsung Galaxy S25 Ultra 512GB Titanium (Refurbished Grade B),Samsung,Phone,Refurbished Grade B
P02716,Samsung Galaxy S25 Ultra 512GB Titanium (Open Box),Samsung,Phone,Open Box
P02717,Samsung Galaxy S25 Ultra 1TB Black,Samsung,Phone,New
P02718,Samsung Galaxy S25 Ultra 1TB Black (Refurbished Grade A),Samsung,Phone,Refurbished Grade A
P02719,Samsung Galaxy S25 Ultra 1TB Black (Refurbished Grade B),Samsung,Phone,Refurbished Grade B
P02720,Samsung Galaxy S25 Ultra 1TB Black (Open Box),Samsung,Phone,Open Box
P02721,Samsung Galaxy S25 Ultra 1TB White,Samsung,Phone,New
P02722,Samsung Galaxy S25 Ultra 1TB White (Refurbished Grade A),Samsung,Phone,Refurbished Grade A
P02723,Samsung Galaxy S25 Ultra 1TB White (Refurbished Grade B),Samsung,Phone,Refurbished Grade B
P02724,Samsung Galaxy S25 Ultra 1TB White (Open Box),Samsung,Phone,Open Box
P02725,Samsung Galaxy S25 Ultra 1TB Blue,Samsung,Phone,New
P02726,Samsung Galaxy S25 Ultra 1TB Blue (Refurbished Grade A),Samsung,Phone,Refurbished Grade A
P02727,Samsung Galaxy S25 Ultra 1TB Blue (Refurbished Grade B),Samsung,Phone,Refurbished Grade B
P02728,Samsung Galaxy S25 Ultra 1TB Blue (Open Box),Samsung,Phone,Open Box
P02729,Samsung Galaxy S25 Ultra 1TB Green,Samsung,Phone,New
P02730,Samsung Galaxy S25 Ultra 1TB Green (Refurbished Grade A),Samsung,Phone,Refurbished Grade A
P02731,Samsung Galaxy S25 Ultra 1TB Green (Refurbished Grade B),Samsung,Phone,Refurbished Grade B
P02732,Samsung Galaxy S25 Ultra 1TB Green (Open Box),Samsung,Phone,Open Box
P02733,Samsung Galaxy S25 Ultra 1TB Titanium,Samsung,Phone,New
P02734,Samsung Galaxy S25 Ultra 1TB Titanium (Refurbished Grade A),Samsung,Phone,Refurbished Grade A
P02735,Samsung Galaxy S25 Ultra 1TB Titanium (Refurbished Grade B),Samsung,Phone,Refurbished Grade B
P02736,Samsung Galaxy S25 Ultra 1TB Titanium (Open Box),Samsung,Phone,Open Box
P02737,Samsung Galaxy A55 128GB Black,Samsung,Phone,New
P02738,Samsung Galaxy A55 128GB Black (Refurbished Grade A),Samsung,Phone,Refurbished Grade A
P02739,Samsung Galaxy A55 128GB Black (Refurbished Grade B),Samsung,Phone,Refurbished Grade B
P02740,Samsung Galaxy A55 128GB Black (Open Box),Samsung,Phone,Open Box
P02741,Samsung Galaxy A55 128GB White,Samsung,Phone,New
P02742,Samsung Galaxy A55 128GB White (Refurbished Grade A),Samsung,Phone,Refurbished Grade A
P02743,Samsung Galaxy A55 128GB White (Refurbished Grade B),Samsung,Phone,Refurbished Grade B
P02744,Samsung Galaxy A55 128GB White (Open Box),Samsung,Phone,Open Box
P02745,Samsung Galaxy A55 128GB Blue,Samsung,Phone,New
P02746,Samsung Galaxy A55 128GB Blue (Refurbished Grade A),Samsung,Phone,Refurbished Grade A
P02747,Samsung Galaxy A55 128GB Blue (Refurbished Grade B),Samsung,Phone,Refurbished Grade B
P02748,Samsung Galaxy A55 128GB Blue (Open Box),Samsung,Phone,Open Box
P02749,Samsung Galaxy A55 128GB Green,Samsung,Phone,New
P02750,Samsung Galaxy A55 128GB Green (Refurbished Grade A),Samsung,Phone,Refurbished Grade A
P02751,Samsung Galaxy A55 128GB Green (Refurbished Grade B),Samsung,Phone,Refurbished Grade B
P02752,Samsung Galaxy A55 128GB Green (Open Box),Samsung,Phone,Open Box
P02753,Samsung Galaxy A55 128GB Titanium,Samsung,Phone,New
P02754,Samsung Galaxy A55 128GB Titanium (Refurbished Grade A),Samsung,Phone,Refurbished Grade A
P02755,Samsung Galaxy A55 128GB Titanium (Refurbished Grade B),Samsung,Phone,Refurbished Grade B
P02756,Samsung Galaxy A55 128GB Titanium (Open Box),Samsung,Phone,Open Box
P02757,Samsung Galaxy A55 256GB Black,Samsung,Phone,New
P02758,Samsung Galaxy A55 256GB Black (Refurbished Grade A),Samsung,Phone,Refurbished Grade A
P02759,Samsung Galaxy A55 256GB Black (Refurbished Grade B),Samsung,Phone,Refurbished Grade B
P02760,Samsung Galaxy A55 256GB Black (Open Box),Samsung,Phone,Open Box
P02761,Samsung Galaxy A55 256GB White,Samsung,Phone,New
P02762,Samsung Galaxy A55 256GB White (Refurbished Grade A),Samsung,Phone,Refurbished Grade A
P02763,Samsung Galaxy A55 256GB White (Refurbished Grade B),Samsung,Phone,Refurbished Grade B
P02764,Samsung Galaxy A55 256GB White (Open Box),Samsung,Phone,Open Box
P02765,Samsung Galaxy A55 256GB Blue,Samsung,Phone,New
P02766,Samsung Galaxy A55 256GB Blue (Refurbished Grade A),Samsung,Phone,Refurbished Grade A
P02767,Samsung Galaxy A55 256GB Blue (Refurbished Grade B),Samsung,Phone,Refurbished Grade B
P02768,Samsung Galaxy A55 256GB Blue (Open Box),Samsung,Phone,Open Box
P02769,Samsung Galaxy A55 256GB Green,Samsung,Phone,New
P02770,Samsung Galaxy A55 256GB Green (Refurbished Grade A),Samsung,Phone,Refurbished Grade A
P02771,Samsung Galaxy A55 256GB Green (Refurbished Grade B),Samsung,Phone,Refurbished Grade B
P02772,Samsung Galaxy A55 256GB Green (Open Box),Samsung,Phone,Open Box
P02773,Samsung Galaxy A55 256GB Titanium,Samsung,Phone,New
P02774,Samsung Galaxy A55 256GB Titanium (Refurbished Grade A),Samsung,Phone,Refurbished Grade A
P02775,Samsung Galaxy A55 256GB Titanium (Refurbished Grade B),Samsung,Phone,Refurbished Grade B
P02776,Samsung Galaxy A55 256GB Titanium (Open Box),Samsung,Phone,Open Box
P02777,Samsung Galaxy A55 512GB Black,Samsung,Phone,New
P02778,Samsung Galaxy A55 512GB Black (Refurbished Grade A),Samsung,Phone,Refurbished Grade A
P02779,Samsung Galaxy A55 512GB Black (Refurbished Grade B),Samsung,Phone,Refurbished Grade B
P02780,Samsung Galaxy A55 512GB Black (Open Box),Samsung,Phone,Open Box
P02781,Samsung Galaxy A55 512GB White,Samsung,Phone,New
P02782,Samsung Galaxy A55 512GB White (Refurbished Grade A),Samsung,Phone,Refurbished Grade A
P02783,Samsung Galaxy A55 512GB White (Refurbished Grade B),Samsung,Phone,Refurbished Grade B
P02784,Samsung Galaxy A55 512GB White (Open Box),Samsung,Phone,Open Box
P02785,Samsung Galaxy A55 512GB Blue,Samsung,Phone,New
P02786,Samsung Galaxy A55 512GB Blue (Refurbished Grade A),Samsung,Phone,Refurbished Grade A
P02787,Samsung Galaxy A55 512GB Blue (Refurbished Grade B),Samsung,Phone,Refurbished Grade B
P02788,Samsung Galaxy A55 512GB Blue (Open Box),Samsung,Phone,Open Box
P02789,Samsung Galaxy A55 512GB Green,Samsung,Phone,New
P02790,Samsung Galaxy A55 512GB Green (Refurbished Grade A),Samsung,Phone,Refurbished Grade A
P02791,Samsung Galaxy A55 512GB Green (Refurbished Grade B),Samsung,Phone,Refurbished Grade B
P02792,Samsung Galaxy A55 512GB Green (Open Box),Samsung,Phone,Open Box
P02793,Samsung Galaxy A55 512GB Titanium,Samsung,Phone,New
P02794,Samsung Galaxy A55 512GB Titanium (Refurbished Grade A),Samsung,Phone,Refurbished Grade A
P02795,Samsung Galaxy A55 512GB Titanium (Refurbished Grade B),Samsung,Phone,Refurbished Grade B
P02796,Samsung Galaxy A55 512GB Titanium (Open Box),Samsung,Phone,Open Box
P02797,Samsung Galaxy A55 1TB Black,Samsung,Phone,New
P02798,Samsung Galaxy A55 1TB Black (Refurbished Grade A),Samsung,Phone,Refurbished Grade A
P02799,Samsung Galaxy A55 1TB Black (Refurbished Grade B),Samsung,Phone,Refurbished Grade B
P02800,Samsung Galaxy A55 1TB Black (Open Box),Samsung,Phone,Open Box
P02801,Samsung Galaxy A55 1TB White,Samsung,Phone,New
P02802,Samsung Galaxy A55 1TB White (Refurbished Grade A),Samsung,Phone,Refurbished Grade A
P02803,Samsung Galaxy A55 1TB White (Refurbished Grade B),Samsung,Phone,Refurbished Grade B
P02804,Samsung Galaxy A55 1TB White (Open Box),Samsung,Phone,Open Box
P02805,Samsung Galaxy A55 1TB Blue,Samsung,Phone,New
P02806,Samsung Galaxy A55 1TB Blue (Refurbished Grade A),Samsung,Phone,Refurbished Grade A
P02807,Samsung Galaxy A55 1TB Blue (Refurbished Grade B),Samsung,Phone,Refurbished Grade B
P02808,Samsung Galaxy A55 1TB Blue (Open Box),Samsung,Phone,Open Box
P02809,Samsung Galaxy A55 1TB Green,Samsung,Phone,New
P02810,Samsung Galaxy A55 1TB Green (Refurbished Grade A),Samsung,Phone,Refurbished Grade A
P02811,Samsung Galaxy A55 1TB Green (Refurbished Grade B),Samsung,Phone,Refurbished Grade B
P02812,Samsung Galaxy A55 1TB Green (Open Box),Samsung,Phone,Open Box
P02813,Samsung Galaxy A55 1TB Titanium,Samsung,Phone,New
P02814,Samsung Galaxy A55 1TB Titanium (Refurbished Grade A),Samsung,Phone,Refurbished Grade A
P02815,Samsung Galaxy A55 1TB Titanium (Refurbished Grade B),Samsung,Phone,Refurbished Grade B
P02816,Samsung Galaxy A55 1TB Titanium (Open Box),Samsung,Phone,Open Box
P02817,Samsung Galaxy Z Flip6 128GB Black,Samsung,Phone,New
P02818,Samsung Galaxy Z Flip6 128GB Black (Refurbished Grade A),Samsung,Phone,Refurbished Grade A
P02819,Samsung Galaxy Z Flip6 128GB Black (Refurbished Grade B),Samsung,Phone,Refurbished Grade B
P02820,Samsung Galaxy Z Flip6 128GB Black (Open Box),Samsung,Phone,Open Box
P02821,Samsung Galaxy Z Flip6 128GB White,Samsung,Phone,New
P02822,Samsung Galaxy Z Flip6 128GB White (Refurbished Grade A),Samsung,Phone,Refurbished Grade A
P02823,Samsung Galaxy Z Flip6 128GB White (Refurbished Grade B),Samsung,Phone,Refurbished Grade B
P02824,Samsung Galaxy Z Flip6 128GB White (Open Box),Samsung,Phone,Open Box
P02825,Samsung Galaxy Z Flip6 128GB Blue,Samsung,Phone,New
P02826,Samsung Galaxy Z Flip6 128GB Blue (Refurbished Grade A),Samsung,Phone,Refurbished Grade A
P02827,Samsung Galaxy Z Flip6 128GB Blue (Refurbished Grade B),Samsung,Phone,Refurbished Grade B
P02828,Samsung Galaxy Z Flip6 128GB Blue (Open Box),Samsung,Phone,Open Box
P02829,Samsung Galaxy Z Flip6 128GB Green,Samsung,Phone,New
P02830,Samsung Galaxy Z Flip6 128GB Green (Refurbished Grade A),Samsung,Phone,Refurbished Grade A
P02831,Samsung Galaxy Z Flip6 128GB Green (Refurbished Grade B),Samsung,Phone,Refurbished Grade B
P02832,Samsung Galaxy Z Flip6 128GB Green (Open Box),Samsung,Phone,Open Box
P02833,Samsung Galaxy Z Flip6 128GB Titanium,Samsung,Phone,New
P02834,Samsung Galaxy Z Flip6 128GB Titanium (Refurbished Grade A),Samsung,Phone,Refurbished Grade A
P02835,Samsung Galaxy Z Flip6 128GB Titanium (Refurbished Grade B),Samsung,Phone,Refurbished Grade B
P02836,Samsung Galaxy Z Flip6 128GB Titanium (Open Box),Samsung,Phone,Open Box
P02837,Samsung Galaxy Z Flip6 256GB Black,Samsung,Phone,New
P02838,Samsung Galaxy Z Flip6 256GB Black (Refurbished Grade A),Samsung,Phone,Refurbished Grade A
P02839,Samsung Galaxy Z Flip6 256GB Black (Refurbished Grade B),Samsung,Phone,Refurbished Grade B
P02840,Samsung Galaxy Z Flip6 256GB Black (Open Box),Samsung,Phone,Open Box
P02841,Samsung Galaxy Z Flip6 256GB White,Samsung,Phone,New
P02842,Samsung Galaxy Z Flip6 256GB White (Refurbished Grade A),Samsung,Phone,Refurbished Grade A
P02843,Samsung Galaxy Z Flip6 256GB White (Refurbished Grade B),Samsung,Phone,Refurbished Grade B
P02844,Samsung Galaxy Z Flip6 256GB White (Open Box),Samsung,Phone,Open Box
P02845,Samsung Galaxy Z Flip6 256GB Blue,Samsung,Phone,New
P02846,Samsung Galaxy Z Flip6 256GB Blue (Refurbished Grade A),Samsung,Phone,Refurbished Grade A
P02847,Samsung Galaxy Z Flip6 256GB Blue (Refurbished Grade B),Samsung,Phone,Refurbished Grade B
P02848,Samsung Galaxy Z Flip6 256GB Blue (Open Box),Samsung,Phone,Open Box
P02849,Samsung Galaxy Z Flip6 256GB Green,Samsung,Phone,New
P02850,Samsung Galaxy Z Flip6 256GB Green (Refurbished Grade A),Samsung,Phone,Refurbished Grade A
P02851,Samsung Galaxy Z Flip6 256GB Green (Refurbished Grade B),Samsung,Phone,Refurbished Grade B
P02852,Samsung Galaxy Z Flip6 256GB Green (Open Box),Samsung,Phone,Open Box
P02853,Samsung Galaxy Z Flip6 256GB Titanium,Samsung,Phone,New
P02854,Samsung Galaxy Z Flip6 256GB Titanium (Refurbished Grade A),Samsung,Phone,Refurbished Grade A
P02855,Samsung Galaxy Z Flip6 256GB Titanium (Refurbished Grade B),Samsung,Phone,Refurbished Grade B
P02856,Samsung Galaxy Z Flip6 256GB Titanium (Open Box),Samsung,Phone,Open Box
P02857,Samsung Galaxy Z Flip6 512GB Black,Samsung,Phone,New
P02858,Samsung Galaxy Z Flip6 512GB Black (Refurbished Grade A),Samsung,Phone,Refurbished Grade A
P02859,Samsung Galaxy Z Flip6 512GB Black (Refurbished Grade B),Samsung,Phone,Refurbished Grade B
P02860,Samsung Galaxy Z Flip6 512GB Black (Open Box),Samsung,Phone,Open Box
P02861,Samsung Galaxy Z Flip6 512GB White,Samsung,Phone,New
P02862,Samsung Galaxy Z Flip6 512GB White (Refurbished Grade A),Samsung,Phone,Refurbished Grade A
P02863,Samsung Galaxy Z Flip6 512GB White (Refurbished Grade B),Samsung,Phone,Refurbished Grade B
P02864,Samsung Galaxy Z Flip6 512GB White (Open Box),Samsung,Phone,Open Box
P02865,Samsung Galaxy Z Flip6 512GB Blue,Samsung,Phone,New
P02866,Samsung Galaxy Z Flip6 512GB Blue (Refurbished Grade A),Samsung,Phone,Refurbished Grade A
P02867,Samsung Galaxy Z Flip6 512GB Blue (Refurbished Grade B),Samsung,Phone,Refurbished Grade B
P02868,Samsung Galaxy Z Flip6 512GB Blue (Open Box),Samsung,Phone,Open Box
P02869,Samsung Galaxy Z Flip6 512GB Green,Samsung,Phone,New
P02870,Samsung Galaxy Z Flip6 512GB Green (Refurbished Grade A),Samsung,Phone,Refurbished Grade A
P02871,Samsung Galaxy Z Flip6 512GB Green (Refurbished Grade B),Samsung,Phone,Refurbished Grade B
P02872,Samsung Galaxy Z Flip6 512GB Green (Open Box),Samsung,Phone,Open Box
P02873,Samsung Galaxy Z Flip6 512GB Titanium,Samsung,Phone,New
P02874,Samsung Galaxy Z Flip6 512GB Titanium (Refurbished Grade A),Samsung,Phone,Refurbished Grade A
P02875,Samsung Galaxy Z Flip6 512GB Titanium (Refurbished Grade B),Samsung,Phone,Refurbished Grade B
P02876,Samsung Galaxy Z Flip6 512GB Titanium (Open Box),Samsung,Phone,Open Box
P02877,Samsung Galaxy Z Flip6 1TB Black,Samsung,Phone,New
P02878,Samsung Galaxy Z Flip6 1TB Black (Refurbished Grade A),Samsung,Phone,Refurbished Grade A
P02879,Samsung Galaxy Z Flip6 1TB Black (Refurbished Grade B),Samsung,Phone,Refurbished Grade B
P02880,Samsung Galaxy Z Flip6 1TB Black (Open Box),Samsung,Phone,Open Box
P02881,Samsung Galaxy Z Flip6 1TB White,Samsung,Phone,New
P02882,Samsung Galaxy Z Flip6 1TB White (Refurbished Grade A),Samsung,Phone,Refurbished Grade A
P02883,Samsung Galaxy Z Flip6 1TB White (Refurbished Grade B),Samsung,Phone,Refurbished Grade B
P02884,Samsung Galaxy Z Flip6 1TB White (Open Box),Samsung,Phone,Open Box
P02885,Samsung Galaxy Z Flip6 1TB Blue,Samsung,Phone,New
P02886,Samsung Galaxy Z Flip6 1TB Blue (Refurbished Grade A),Samsung,Phone,Refurbished Grade A
P02887,Samsung Galaxy Z Flip6 1TB Blue (Refurbished Grade B),Samsung,Phone,Refurbished Grade B
P02888,Samsung Galaxy Z Flip6 1TB Blue (Open Box),Samsung,Phone,Open Box
P02889,Samsung Galaxy Z Flip6 1TB Green,Samsung,Phone,New
P02890,Samsung Galaxy Z Flip6 1TB Green (Refurbished Grade A),Samsung,Phone,Refurbished Grade A
P02891,Samsung Galaxy Z Flip6 1TB Green (Refurbished Grade B),Samsung,Phone,Refurbished Grade B
P02892,Samsung Galaxy Z Flip6 1TB Green (Open Box),Samsung,Phone,Open Box
P02893,Samsung Galaxy Z Flip6 1TB Titanium,Samsung,Phone,New
P02894,Samsung Galaxy Z Flip6 1TB Titanium (Refurbished Grade A),Samsung,Phone,Refurbished Grade A
P02895,Samsung Galaxy Z Flip6 1TB Titanium (Refurbished Grade B),Samsung,Phone,Refurbished Grade B
P02896,Samsung Galaxy Z Flip6 1TB Titanium (Open Box),Samsung,Phone,Open Box
P02897,Samsung Galaxy Z Fold6 128GB Black,Samsung,Phone,New
P02898,Samsung Galaxy Z Fold6 128GB Black (Refurbished Grade A),Samsung,Phone,Refurbished Grade A
P02899,Samsung Galaxy Z Fold6 128GB Black (Refurbished Grade B),Samsung,Phone,Refurbished Grade B
P02900,Samsung Galaxy Z Fold6 128GB Black (Open Box),Samsung,Phone,Open Box
P02901,Samsung Galaxy Z Fold6 128GB White,Samsung,Phone,New
P02902,Samsung Galaxy Z Fold6 128GB White (Refurbished Grade A),Samsung,Phone,Refurbished Grade A
P02903,Samsung Galaxy Z Fold6 128GB White (Refurbished Grade B),Samsung,Phone,Refurbished Grade B
P02904,Samsung Galaxy Z Fold6 128GB White (Open Box),Samsung,Phone,Open Box
P02905,Samsung Galaxy Z Fold6 128GB Blue,Samsung,Phone,New
P02906,Samsung Galaxy Z Fold6 128GB Blue (Refurbished Grade A),Samsung,Phone,Refurbished Grade A
P02907,Samsung Galaxy Z Fold6 128GB Blue (Refurbished Grade B),Samsung,Phone,Refurbished Grade B
P02908,Samsung Galaxy Z Fold6 128GB Blue (Open Box),Samsung,Phone,Open Box
P02909,Samsung Galaxy Z Fold6 128GB Green,Samsung,Phone,New
P02910,Samsung Galaxy Z Fold6 128GB Green (Refurbished Grade A),Samsung,Phone,Refurbished Grade A
P02911,Samsung Galaxy Z Fold6 128GB Green (Refurbished Grade B),Samsung,Phone,Refurbished Grade B
P02912,Samsung Galaxy Z Fold6 128GB Green (Open Box),Samsung,Phone,Open Box
P02913,Samsung Galaxy Z Fold6 128GB Titanium,Samsung,Phone,New
P02914,Samsung Galaxy Z Fold6 128GB Titanium (Refurbished Grade A),Samsung,Phone,Refurbished Grade A
P02915,Samsung Galaxy Z Fold6 128GB Titanium (Refurbished Grade B),Samsung,Phone,Refurbished Grade B
P02916,Samsung Galaxy Z Fold6 128GB Titanium (Open Box),Samsung,Phone,Open Box
P02917,Samsung Galaxy Z Fold6 256GB Black,Samsung,Phone,New
P02918,Samsung Galaxy Z Fold6 256GB Black (Refurbished Grade A),Samsung,Phone,Refurbished Grade A
P02919,Samsung Galaxy Z Fold6 256GB Black (Refurbished Grade B),Samsung,Phone,Refurbished Grade B
P02920,Samsung Galaxy Z Fold6 256GB Black (Open Box),Samsung,Phone,Open Box
P02921,Samsung Galaxy Z Fold6 256GB White,Samsung,Phone,New
P02922,Samsung Galaxy Z Fold6 256GB White (Refurbished Grade A),Samsung,Phone,Refurbished Grade A
P02923,Samsung Galaxy Z Fold6 256GB White (Refurbished Grade B),Samsung,Phone,Refurbished Grade B
P02924,Samsung Galaxy Z Fold6 256GB White (Open Box),Samsung,Phone,Open Box
P02925,Samsung Galaxy Z Fold6 256GB Blue,Samsung,Phone,New
P02926,Samsung Galaxy Z Fold6 256GB Blue (Refurbished Grade A),Samsung,Phone,Refurbished Grade A
P02927,Samsung Galaxy Z Fold6 256GB Blue (Refurbished Grade B),Samsung,Phone,Refurbished Grade B
P02928,Samsung Galaxy Z Fold6 256GB Blue (Open Box),Samsung,Phone,Open Box
P02929,Samsung Galaxy Z Fold6 256GB Green,Samsung,Phone,New
P02930,Samsung Galaxy Z Fold6 256GB Green (Refurbished Grade A),Samsung,Phone,Refurbished Grade A
P02931,Samsung Galaxy Z Fold6 256GB Green (Refurbished Grade B),Samsung,Phone,Refurbished Grade B
P02932,Samsung Galaxy Z Fold6 256GB Green (Open Box),Samsung,Phone,Open Box
P02933,Samsung Galaxy Z Fold6 256GB Titanium,Samsung,Phone,New
P02934,Samsung Galaxy Z Fold6 256GB Titanium (Refurbished Grade A),Samsung,Phone,Refurbished Grade A
P02935,Samsung Galaxy Z Fold6 256GB Titanium (Refurbished Grade B),Samsung,Phone,Refurbished Grade B
P02936,Samsung Galaxy Z Fold6 256GB Titanium (Open Box),Samsung,Phone,Open Box
P02937,Samsung Galaxy Z Fold6 512GB Black,Samsung,Phone,New
P02938,Samsung Galaxy Z Fold6 512GB Black (Refurbished Grade A),Samsung,Phone,Refurbished Grade A
P02939,Samsung Galaxy Z Fold6 512GB Black (Refurbished Grade B),Samsung,Phone,Refurbished Grade B
P02940,Samsung Galaxy Z Fold6 512GB Black (Open Box),Samsung,Phone,Open Box
P02941,Samsung Galaxy Z Fold6 512GB White,Samsung,Phone,New
P02942,Samsung Galaxy Z Fold6 512GB White (Refurbished Grade A),Samsung,Phone,Refurbished Grade A
P02943,Samsung Galaxy Z Fold6 512GB White (Refurbished Grade B),Samsung,Phone,Refurbished Grade B
P02944,Samsung Galaxy Z Fold6 512GB White (Open Box),Samsung,Phone,Open Box
P02945,Samsung Galaxy Z Fold6 512GB Blue,Samsung,Phone,New
P02946,Samsung Galaxy Z Fold6 512GB Blue (Refurbished Grade A),Samsung,Phone,Refurbished Grade A
P02947,Samsung Galaxy Z Fold6 512GB Blue (Refurbished Grade B),Samsung,Phone,Refurbished Grade B
P02948,Samsung Galaxy Z Fold6 512GB Blue (Open Box),Samsung,Phone,Open Box
P02949,Samsung Galaxy Z Fold6 512GB Green,Samsung,Phone,New
P02950,Samsung Galaxy Z Fold6 512GB Green (Refurbished Grade A),Samsung,Phone,Refurbished Grade A
P02951,Samsung Galaxy Z Fold6 512GB Green (Refurbished Grade B),Samsung,Phone,Refurbished Grade B
P02952,Samsung Galaxy Z Fold6 512GB Green (Open Box),Samsung,Phone,Open Box
P02953,Samsung Galaxy Z Fold6 512GB Titanium,Samsung,Phone,New
P02954,Samsung Galaxy Z Fold6 512GB Titanium (Refurbished Grade A),Samsung,Phone,Refurbished Grade A
P02955,Samsung Galaxy Z Fold6 512GB Titanium (Refurbished Grade B),Samsung,Phone,Refurbished Grade B
P02956,Samsung Galaxy Z Fold6 512GB Titanium (Open Box),Samsung,Phone,Open Box
P02957,Samsung Galaxy Z Fold6 1TB Black,Samsung,Phone,New
P02958,Samsung Galaxy Z Fold6 1TB Black (Refurbished Grade A),Samsung,Phone,Refurbished Grade A
P02959,Samsung Galaxy Z Fold6 1TB Black (Refurbished Grade B),Samsung,Phone,Refurbished Grade B
P02960,Samsung Galaxy Z Fold6 1TB Black (Open Box),Samsung,Phone,Open Box
P02961,Samsung Galaxy Z Fold6 1TB White,Samsung,Phone,New
P02962,Samsung Galaxy Z Fold6 1TB White (Refurbished Grade A),Samsung,Phone,Refurbished Grade A
P02963,Samsung Galaxy Z Fold6 1TB White (Refurbished Grade B),Samsung,Phone,Refurbished Grade B
P02964,Samsung Galaxy Z Fold6 1TB White (Open Box),Samsung,Phone,Open Box
P02965,Samsung Galaxy Z Fold6 1TB Blue,Samsung,Phone,New
P02966,Samsung Galaxy Z Fold6 1TB Blue (Refurbished Grade A),Samsung,Phone,Refurbished Grade A
P02967,Samsung Galaxy Z Fold6 1TB Blue (Refurbished Grade B),Samsung,Phone,Refurbished Grade B
P02968,Samsung Galaxy Z Fold6 1TB Blue (Open Box),Samsung,Phone,Open Box
P02969,Samsung Galaxy Z Fold6 1TB Green,Samsung,Phone,New
P02970,Samsung Galaxy Z Fold6 1TB Green (Refurbished Grade A),Samsung,Phone,Refurbished Grade A
P02971,Samsung Galaxy Z Fold6 1TB Green (Refurbished Grade B),Samsung,Phone,Refurbished Grade B
P02972,Samsung Galaxy Z Fold6 1TB Green (Open Box),Samsung,Phone,Open Box
P02973,Samsung Galaxy Z Fold6 1TB Titanium,Samsung,Phone,New
P02974,Samsung Galaxy Z Fold6 1TB Titanium (Refurbished Grade A),Samsung,Phone,Refurbished Grade A
P02975,Samsung Galaxy Z Fold6 1TB Titanium (Refurbished Grade B),Samsung,Phone,Refurbished Grade B
P02976,Samsung Galaxy Z Fold6 1TB Titanium (Open Box),Samsung,Phone,Open Box
P02977,Google Pixel 8 128GB Black,Google,Phone,New
P02978,Google Pixel 8 128GB Black (Refurbished Grade A),Google,Phone,Refurbished Grade A
P02979,Google Pixel 8 128GB Black (Refurbished Grade B),Google,Phone,Refurbished Grade B
P02980,Google Pixel 8 128GB Black (Open Box),Google,Phone,Open Box
P02981,Google Pixel 8 128GB White,Google,Phone,New
P02982,Google Pixel 8 128GB White (Refurbished Grade A),Google,Phone,Refurbished Grade A
P02983,Google Pixel 8 128GB White (Refurbished Grade B),Google,Phone,Refurbished Grade B
P02984,Google Pixel 8 128GB White (Open Box),Google,Phone,Open Box
P02985,Google Pixel 8 128GB Blue,Google,Phone,New
P02986,Google Pixel 8 128GB Blue (Refurbished Grade A),Google,Phone,Refurbished Grade A
P02987,Google Pixel 8 128GB Blue (Refurbished Grade B),Google,Phone,Refurbished Grade B
P02988,Google Pixel 8 128GB Blue (Open Box),Google,Phone,Open Box
P02989,Google Pixel 8 128GB Green,Google,Phone,New
P02990,Google Pixel 8 128GB Green (Refurbished Grade A),Google,Phone,Refurbished Grade A
P02991,Google Pixel 8 128GB Green (Refurbished Grade B),Google,Phone,Refurbished Grade B
P02992,Google Pixel 8 128GB Green (Open Box),Google,Phone,Open Box
P02993,Google Pixel 8 128GB Titanium,Google,Phone,New
P02994,Google Pixel 8 128GB Titanium (Refurbished Grade A),Google,Phone,Refurbished Grade A
P02995,Google Pixel 8 128GB Titanium (Refurbished Grade B),Google,Phone,Refurbished Grade B
P02996,Google Pixel 8 128GB Titanium (Open Box),Google,Phone,Open Box
P02997,Google Pixel 8 256GB Black,Google,Phone,New
P02998,Google Pixel 8 256GB Black (Refurbished Grade A),Google,Phone,Refurbished Grade A
P02999,Google Pixel 8 256GB Black (Refurbished Grade B),Google,Phone,Refurbished Grade B
P03000,Google Pixel 8 256GB Black (Open Box),Google,Phone,Open Box
P03001,Google Pixel 8 256GB White,Google,Phone,New
P03002,Google Pixel 8 256GB White (Refurbished Grade A),Google,Phone,Refurbished Grade A
P03003,Google Pixel 8 256GB White (Refurbished Grade B),Google,Phone,Refurbished Grade B
P03004,Google Pixel 8 256GB White (Open Box),Google,Phone,Open Box
P03005,Google Pixel 8 256GB Blue,Google,Phone,New
P03006,Google Pixel 8 256GB Blue (Refurbished Grade A),Google,Phone,Refurbished Grade A
P03007,Google Pixel 8 256GB Blue (Refurbished Grade B),Google,Phone,Refurbished Grade B
P03008,Google Pixel 8 256GB Blue (Open Box),Google,Phone,Open Box
P03009,Google Pixel 8 256GB Green,Google,Phone,New
P03010,Google Pixel 8 256GB Green (Refurbished Grade A),Google,Phone,Refurbished Grade A
P03011,Google Pixel 8 256GB Green (Refurbished Grade B),Google,Phone,Refurbished Grade B
P03012,Google Pixel 8 256GB Green (Open Box),Google,Phone,Open Box
P03013,Google Pixel 8 256GB Titanium,Google,Phone,New
P03014,Google Pixel 8 256GB Titanium (Refurbished Grade A),Google,Phone,Refurbished Grade A
P03015,Google Pixel 8 256GB Titanium (Refurbished Grade B),Google,Phone,Refurbished Grade B
P03016,Google Pixel 8 256GB Titanium (Open Box),Google,Phone,Open Box
P03017,Google Pixel 8 512GB Black,Google,Phone,New
P03018,Google Pixel 8 512GB Black (Refurbished Grade A),Google,Phone,Refurbished Grade A
P03019,Google Pixel 8 512GB Black (Refurbished Grade B),Google,Phone,Refurbished Grade B
P03020,Google Pixel 8 512GB Black (Open Box),Google,Phone,Open Box
P03021,Google Pixel 8 512GB White,Google,Phone,New
P03022,Google Pixel 8 512GB White (Refurbished Grade A),Google,Phone,Refurbished Grade A
P03023,Google Pixel 8 512GB White (Refurbished Grade B),Google,Phone,Refurbished Grade B
P03024,Google Pixel 8 512GB White (Open Box),Google,Phone,Open Box
P03025,Google Pixel 8 512GB Blue,Google,Phone,New
P03026,Google Pixel 8 512GB Blue (Refurbished Grade A),Google,Phone,Refurbished Grade A
P03027,Google Pixel 8 512GB Blue (Refurbished Grade B),Google,Phone,Refurbished Grade B
P03028,Google Pixel 8 512GB Blue (Open Box),Google,Phone,Open Box
P03029,Google Pixel 8 512GB Green,Google,Phone,New
P03030,Google Pixel 8 512GB Green (Refurbished Grade A),Google,Phone,Refurbished Grade A
P03031,Google Pixel 8 512GB Green (Refurbished Grade B),Google,Phone,Refurbished Grade B
P03032,Google Pixel 8 512GB Green (Open Box),Google,Phone,Open Box
P03033,Google Pixel 8 512GB Titanium,Google,Phone,New
P03034,Google Pixel 8 512GB Titanium (Refurbished Grade A),Google,Phone,Refurbished Grade A
P03035,Google Pixel 8 512GB Titanium (Refurbished Grade B),Google,Phone,Refurbished Grade B
P03036,Google Pixel 8 512GB Titanium (Open Box),Google,Phone,Open Box
P03037,Google Pixel 8 1TB Black,Google,Phone,New
P03038,Google Pixel 8 1TB Black (Refurbished Grade A),Google,Phone,Refurbished Grade A
P03039,Google Pixel 8 1TB Black (Refurbished Grade B),Google,Phone,Refurbished Grade B
P03040,Google Pixel 8 1TB Black (Open Box),Google,Phone,Open Box
P03041,Google Pixel 8 1TB White,Google,Phone,New
P03042,Google Pixel 8 1TB White (Refurbished Grade A),Google,Phone,Refurbished Grade A
P03043,Google Pixel 8 1TB White (Refurbished Grade B),Google,Phone,Refurbished Grade B
P03044,Google Pixel 8 1TB White (Open Box),Google,Phone,Open Box
P03045,Google Pixel 8 1TB Blue,Google,Phone,New
P03046,Google Pixel 8 1TB Blue (Refurbished Grade A),Google,Phone,Refurbished Grade A
P03047,Google Pixel 8 1TB Blue (Refurbished Grade B),Google,Phone,Refurbished Grade B
P03048,Google Pixel 8 1TB Blue (Open Box),Google,Phone,Open Box
P03049,Google Pixel 8 1TB Green,Google,Phone,New
P03050,Google Pixel 8 1TB Green (Refurbished Grade A),Google,Phone,Refurbished Grade A
P03051,Google Pixel 8 1TB Green (Refurbished Grade B),Google,Phone,Refurbished Grade B
P03052,Google Pixel 8 1TB Green (Open Box),Google,Phone,Open Box
P03053,Google Pixel 8 1TB Titanium,Google,Phone,New
P03054,Google Pixel 8 1TB Titanium (Refurbished Grade A),Google,Phone,Refurbished Grade A
P03055,Google Pixel 8 1TB Titanium (Refurbished Grade B),Google,Phone,Refurbished Grade B
P03056,Google Pixel 8 1TB Titanium (Open Box),Google,Phone,Open Box
P03057,Google Pixel 8 Pro 128GB Black,Google,Phone,New
P03058,Google Pixel 8 Pro 128GB Black (Refurbished Grade A),Google,Phone,Refurbished Grade A
P03059,Google Pixel 8 Pro 128GB Black (Refurbished Grade B),Google,Phone,Refurbished Grade B
P03060,Google Pixel 8 Pro 128GB Black (Open Box),Google,Phone,Open Box
P03061,Google Pixel 8 Pro 128GB White,Google,Phone,New
P03062,Google Pixel 8 Pro 128GB White (Refurbished Grade A),Google,Phone,Refurbished Grade A
P03063,Google Pixel 8 Pro 128GB White (Refurbished Grade B),Google,Phone,Refurbished Grade B
P03064,Google Pixel 8 Pro 128GB White (Open Box),Google,Phone,Open Box
P03065,Google Pixel 8 Pro 128GB Blue,Google,Phone,New
P03066,Google Pixel 8 Pro 128GB Blue (Refurbished Grade A),Google,Phone,Refurbished Grade A
P03067,Google Pixel 8 Pro 128GB Blue (Refurbished Grade B),Google,Phone,Refurbished Grade B
P03068,Google Pixel 8 Pro 128GB Blue (Open Box),Google,Phone,Open Box
P03069,Google Pixel 8 Pro 128GB Green,Google,Phone,New
P03070,Google Pixel 8 Pro 128GB Green (Refurbished Grade A),Google,Phone,Refurbished Grade A
P03071,Google Pixel 8 Pro 128GB Green (Refurbished Grade B),Google,Phone,Refurbished Grade B
P03072,Google Pixel 8 Pro 128GB Green (Open Box),Google,Phone,Open Box
P03073,Google Pixel 8 Pro 128GB Titanium,Google,Phone,New
P03074,Google Pixel 8 Pro 128GB Titanium (Refurbished Grade A),Google,Phone,Refurbished Grade A
P03075,Google Pixel 8 Pro 128GB Titanium (Refurbished Grade B),Google,Phone,Refurbished Grade B
P03076,Google Pixel 8 Pro 128GB Titanium (Open Box),Google,Phone,Open Box
P03077,Google Pixel 8 Pro 256GB Black,Google,Phone,New
P03078,Google Pixel 8 Pro 256GB Black (Refurbished Grade A),Google,Phone,Refurbished Grade A
P03079,Google Pixel 8 Pro 256GB Black (Refurbished Grade B),Google,Phone,Refurbished Grade B
P03080,Google Pixel 8 Pro 256GB Black (Open Box),Google,Phone,Open Box
P03081,Google Pixel 8 Pro 256GB White,Google,Phone,New
P03082,Google Pixel 8 Pro 256GB White (Refurbished Grade A),Google,Phone,Refurbished Grade A
P03083,Google Pixel 8 Pro 256GB White (Refurbished Grade B),Google,Phone,Refurbished Grade B
P03084,Google Pixel 8 Pro 256GB White (Open Box),Google,Phone,Open Box
P03085,Google Pixel 8 Pro 256GB Blue,Google,Phone,New
P03086,Google Pixel 8 Pro 256GB Blue (Refurbished Grade A),Google,Phone,Refurbished Grade A
P03087,Google Pixel 8 Pro 256GB Blue (Refurbished Grade B),Google,Phone,Refurbished Grade B
P03088,Google Pixel 8 Pro 256GB Blue (Open Box),Google,Phone,Open Box
P03089,Google Pixel 8 Pro 256GB Green,Google,Phone,New
P03090,Google Pixel 8 Pro 256GB Green (Refurbished Grade A),Google,Phone,Refurbished Grade A
P03091,Google Pixel 8 Pro 256GB Green (Refurbished Grade B),Google,Phone,Refurbished Grade B
P03092,Google Pixel 8 Pro 256GB Green (Open Box),Google,Phone,Open Box
P03093,Google Pixel 8 Pro 256GB Titanium,Google,Phone,New
P03094,Google Pixel 8 Pro 256GB Titanium (Refurbished Grade A),Google,Phone,Refurbished Grade A
P03095,Google Pixel 8 Pro 256GB Titanium (Refurbished Grade B),Google,Phone,Refurbished Grade B
P03096,Google Pixel 8 Pro 256GB Titanium (Open Box),Google,Phone,Open Box
P03097,Google Pixel 8 Pro 512GB Black,Google,Phone,New
P03098,Google Pixel 8 Pro 512GB Black (Refurbished Grade A),Google,Phone,Refurbished Grade A
P03099,Google Pixel 8 Pro 512GB Black (Refurbished Grade B),Google,Phone,Refurbished Grade B
P03100,Google Pixel 8 Pro 512GB Black (Open Box),Google,Phone,Open Box
P03101,Google Pixel 8 Pro 512GB White,Google,Phone,New
P03102,Google Pixel 8 Pro 512GB White (Refurbished Grade A),Google,Phone,Refurbished Grade A
P03103,Google Pixel 8 Pro 512GB White (Refurbished Grade B),Google,Phone,Refurbished Grade B
P03104,Google Pixel 8 Pro 512GB White (Open Box),Google,Phone,Open Box
P03105,Google Pixel 8 Pro 512GB Blue,Google,Phone,New
P03106,Google Pixel 8 Pro 512GB Blue (Refurbished Grade A),Google,Phone,Refurbished Grade A
P03107,Google Pixel 8 Pro 512GB Blue (Refurbished Grade B),Google,Phone,Refurbished Grade B
P03108,Google Pixel 8 Pro 512GB Blue (Open Box),Google,Phone,Open Box
P03109,Google Pixel 8 Pro 512GB Green,Google,Phone,New
P03110,Google Pixel 8 Pro 512GB Green (Refurbished Grade A),Google,Phone,Refurbished Grade A
P03111,Google Pixel 8 Pro 512GB Green (Refurbished Grade B),Google,Phone,Refurbished Grade B
P03112,Google Pixel 8 Pro 512GB Green (Open Box),Google,Phone,Open Box
P03113,Google Pixel 8 Pro 512GB Titanium,Google,Phone,New
P03114,Google Pixel 8 Pro 512GB Titanium (Refurbished Grade A),Google,Phone,Refurbished Grade A
P03115,Google Pixel 8 Pro 512GB Titanium (Refurbished Grade B),Google,Phone,Refurbished Grade B
P03116,Google Pixel 8 Pro 512GB Titanium (Open Box),Google,Phone,Open Box
P03117,Google Pixel 8 Pro 1TB Black,Google,Phone,New
P03118,Google Pixel 8 Pro 1TB Black (Refurbished Grade A),Google,Phone,Refurbished Grade A
P03119,Google Pixel 8 Pro 1TB Black (Refurbished Grade B),Google,Phone,Refurbished Grade B
P03120,Google Pixel 8 Pro 1TB Black (Open Box),Google,Phone,Open Box
P03121,Google Pixel 8 Pro 1TB White,Google,Phone,New
P03122,Google Pixel 8 Pro 1TB White (Refurbished Grade A),Google,Phone,Refurbished Grade A
P03123,Google Pixel 8 Pro 1TB White (Refurbished Grade B),Google,Phone,Refurbished Grade B
P03124,Google Pixel 8 Pro 1TB White (Open Box),Google,Phone,Open Box
P03125,Google Pixel 8 Pro 1TB Blue,Google,Phone,New
P03126,Google Pixel 8 Pro 1TB Blue (Refurbished Grade A),Google,Phone,Refurbished Grade A
P03127,Google Pixel 8 Pro 1TB Blue (Refurbished Grade B),Google,Phone,Refurbished Grade B
P03128,Google Pixel 8 Pro 1TB Blue (Open Box),Google,Phone,Open Box
P03129,Google Pixel 8 Pro 1TB Green,Google,Phone,New
P03130,Google Pixel 8 Pro 1TB Green (Refurbished Grade A),Google,Phone,Refurbished Grade A
P03131,Google Pixel 8 Pro 1TB Green (Refurbished Grade B),Google,Phone,Refurbished Grade B
P03132,Google Pixel 8 Pro 1TB Green (Open Box),Google,Phone,Open Box
P03133,Google Pixel 8 Pro 1TB Titanium,Google,Phone,New
P03134,Google Pixel 8 Pro 1TB Titanium (Refurbished Grade A),Google,Phone,Refurbished Grade A
P03135,Google Pixel 8 Pro 1TB Titanium (Refurbished Grade B),Google,Phone,Refurbished Grade B
P03136,Google Pixel 8 Pro 1TB Titanium (Open Box),Google,Phone,Open Box
P03137,Google Pixel 9 128GB Black,Google,Phone,New
P03138,Google Pixel 9 128GB Black (Refurbished Grade A),Google,Phone,Refurbished Grade A
P03139,Google Pixel 9 128GB Black (Refurbished Grade B),Google,Phone,Refurbished Grade B
P03140,Google Pixel 9 128GB Black (Open Box),Google,Phone,Open Box
P03141,Google Pixel 9 128GB White,Google,Phone,New
P03142,Google Pixel 9 128GB White (Refurbished Grade A),Google,Phone,Refurbished Grade A
P03143,Google Pixel 9 128GB White (Refurbished Grade B),Google,Phone,Refurbished Grade B
P03144,Google Pixel 9 128GB White (Open Box),Google,Phone,Open Box
P03145,Google Pixel 9 128GB Blue,Google,Phone,New
P03146,Google Pixel 9 128GB Blue (Refurbished Grade A),Google,Phone,Refurbished Grade A
P03147,Google Pixel 9 128GB Blue (Refurbished Grade B),Google,Phone,Refurbished Grade B
P03148,Google Pixel 9 128GB Blue (Open Box),Google,Phone,Open Box
P03149,Google Pixel 9 128GB Green,Google,Phone,New
P03150,Google Pixel 9 128GB Green (Refurbished Grade A),Google,Phone,Refurbished Grade A
P03151,Google Pixel 9 128GB Green (Refurbished Grade B),Google,Phone,Refurbished Grade B
P03152,Google Pixel 9 128GB Green (Open Box),Google,Phone,Open Box
P03153,Google Pixel 9 128GB Titanium,Google,Phone,New
P03154,Google Pixel 9 128GB Titanium (Refurbished Grade A),Google,Phone,Refurbished Grade A
P03155,Google Pixel 9 128GB Titanium (Refurbished Grade B),Google,Phone,Refurbished Grade B
P03156,Google Pixel 9 128GB Titanium (Open Box),Google,Phone,Open Box
P03157,Google Pixel 9 256GB Black,Google,Phone,New
P03158,Google Pixel 9 256GB Black (Refurbished Grade A),Google,Phone,Refurbished Grade A
P03159,Google Pixel 9 256GB Black (Refurbished Grade B),Google,Phone,Refurbished Grade B
P03160,Google Pixel 9 256GB Black (Open Box),Google,Phone,Open Box
P03161,Google Pixel 9 256GB White,Google,Phone,New
P03162,Google Pixel 9 256GB White (Refurbished Grade A),Google,Phone,Refurbished Grade A
P03163,Google Pixel 9 256GB White (Refurbished Grade B),Google,Phone,Refurbished Grade B
P03164,Google Pixel 9 256GB White (Open Box),Google,Phone,Open Box
P03165,Google Pixel 9 256GB Blue,Google,Phone,New
P03166,Google Pixel 9 256GB Blue (Refurbished Grade A),Google,Phone,Refurbished Grade A
P03167,Google Pixel 9 256GB Blue (Refurbished Grade B),Google,Phone,Refurbished Grade B
P03168,Google Pixel 9 256GB Blue (Open Box),Google,Phone,Open Box
P03169,Google Pixel 9 256GB Green,Google,Phone,New
P03170,Google Pixel 9 256GB Green (Refurbished Grade A),Google,Phone,Refurbished Grade A
P03171,Google Pixel 9 256GB Green (Refurbished Grade B),Google,Phone,Refurbished Grade B
P03172,Google Pixel 9 256GB Green (Open Box),Google,Phone,Open Box
P03173,Google Pixel 9 256GB Titanium,Google,Phone,New
P03174,Google Pixel 9 256GB Titanium (Refurbished Grade A),Google,Phone,Refurbished Grade A
P03175,Google Pixel 9 256GB Titanium (Refurbished Grade B),Google,Phone,Refurbished Grade B
P03176,Google Pixel 9 256GB Titanium (Open Box),Google,Phone,Open Box
P03177,Google Pixel 9 512GB Black,Google,Phone,New
P03178,Google Pixel 9 512GB Black (Refurbished Grade A),Google,Phone,Refurbished Grade A
P03179,Google Pixel 9 512GB Black (Refurbished Grade B),Google,Phone,Refurbished Grade B
P03180,Google Pixel 9 512GB Black (Open Box),Google,Phone,Open Box
P03181,Google Pixel 9 512GB White,Google,Phone,New
P03182,Google Pixel 9 512GB White (Refurbished Grade A),Google,Phone,Refurbished Grade A
P03183,Google Pixel 9 512GB White (Refurbished Grade B),Google,Phone,Refurbished Grade B
P03184,Google Pixel 9 512GB White (Open Box),Google,Phone,Open Box
P03185,Google Pixel 9 512GB Blue,Google,Phone,New
P03186,Google Pixel 9 512GB Blue (Refurbished Grade A),Google,Phone,Refurbished Grade A
P03187,Google Pixel 9 512GB Blue (Refurbished Grade B),Google,Phone,Refurbished Grade B
P03188,Google Pixel 9 512GB Blue (Open Box),Google,Phone,Open Box
P03189,Google Pixel 9 512GB Green,Google,Phone,New
P03190,Google Pixel 9 512GB Green (Refurbished Grade A),Google,Phone,Refurbished Grade A
P03191,Google Pixel 9 512GB Green (Refurbished Grade B),Google,Phone,Refurbished Grade B
P03192,Google Pixel 9 512GB Green (Open Box),Google,Phone,Open Box
P03193,Google Pixel 9 512GB Titanium,Google,Phone,New
P03194,Google Pixel 9 512GB Titanium (Refurbished Grade A),Google,Phone,Refurbished Grade A
P03195,Google Pixel 9 512GB Titanium (Refurbished Grade B),Google,Phone,Refurbished Grade B
P03196,Google Pixel 9 512GB Titanium (Open Box),Google,Phone,Open Box
P03197,Google Pixel 9 1TB Black,Google,Phone,New
P03198,Google Pixel 9 1TB Black (Refurbished Grade A),Google,Phone,Refurbished Grade A
P03199,Google Pixel 9 1TB Black (Refurbished Grade B),Google,Phone,Refurbished Grade B
P03200,Google Pixel 9 1TB Black (Open Box),Google,Phone,Open Box
P03201,Google Pixel 9 1TB White,Google,Phone,New
P03202,Google Pixel 9 1TB White (Refurbished Grade A),Google,Phone,Refurbished Grade A
P03203,Google Pixel 9 1TB White (Refurbished Grade B),Google,Phone,Refurbished Grade B
P03204,Google Pixel 9 1TB White (Open Box),Google,Phone,Open Box
P03205,Google Pixel 9 1TB Blue,Google,Phone,New
P03206,Google Pixel 9 1TB Blue (Refurbished Grade A),Google,Phone,Refurbished Grade A
P03207,Google Pixel 9 1TB Blue (Refurbished Grade B),Google,Phone,Refurbished Grade B
P03208,Google Pixel 9 1TB Blue (Open Box),Google,Phone,Open Box
P03209,Google Pixel 9 1TB Green,Google,Phone,New
P03210,Google Pixel 9 1TB Green (Refurbished Grade A),Google,Phone,Refurbished Grade A
P03211,Google Pixel 9 1TB Green (Refurbished Grade B),Google,Phone,Refurbished Grade B
P03212,Google Pixel 9 1TB Green (Open Box),Google,Phone,Open Box
P03213,Google Pixel 9 1TB Titanium,Google,Phone,New
P03214,Google Pixel 9 1TB Titanium (Refurbished Grade A),Google,Phone,Refurbished Grade A
P03215,Google Pixel 9 1TB Titanium (Refurbished Grade B),Google,Phone,Refurbished Grade B
P03216,Google Pixel 9 1TB Titanium (Open Box),Google,Phone,Open Box
P03217,Google Pixel 9 Pro 128GB Black,Google,Phone,New
P03218,Google Pixel 9 Pro 128GB Black (Refurbished Grade A),Google,Phone,Refurbished Grade A
P03219,Google Pixel 9 Pro 128GB Black (Refurbished Grade B),Google,Phone,Refurbished Grade B
P03220,Google Pixel 9 Pro 128GB Black (Open Box),Google,Phone,Open Box
P03221,Google Pixel 9 Pro 128GB White,Google,Phone,New
P03222,Google Pixel 9 Pro 128GB White (Refurbished Grade A),Google,Phone,Refurbished Grade A
P03223,Google Pixel 9 Pro 128GB White (Refurbished Grade B),Google,Phone,Refurbished Grade B
P03224,Google Pixel 9 Pro 128GB White (Open Box),Google,Phone,Open Box
P03225,Google Pixel 9 Pro 128GB Blue,Google,Phone,New
P03226,Google Pixel 9 Pro 128GB Blue (Refurbished Grade A),Google,Phone,Refurbished Grade A
P03227,Google Pixel 9 Pro 128GB Blue (Refurbished Grade B),Google,Phone,Refurbished Grade B
P03228,Google Pixel 9 Pro 128GB Blue (Open Box),Google,Phone,Open Box
P03229,Google Pixel 9 Pro 128GB Green,Google,Phone,New
P03230,Google Pixel 9 Pro 128GB Green (Refurbished Grade A),Google,Phone,Refurbished Grade A
P03231,Google Pixel 9 Pro 128GB Green (Refurbished Grade B),Google,Phone,Refurbished Grade B
P03232,Google Pixel 9 Pro 128GB Green (Open Box),Google,Phone,Open Box
P03233,Google Pixel 9 Pro 128GB Titanium,Google,Phone,New
P03234,Google Pixel 9 Pro 128GB Titanium (Refurbished Grade A),Google,Phone,Refurbished Grade A
P03235,Google Pixel 9 Pro 128GB Titanium (Refurbished Grade B),Google,Phone,Refurbished Grade B
P03236,Google Pixel 9 Pro 128GB Titanium (Open Box),Google,Phone,Open Box
P03237,Google Pixel 9 Pro 256GB Black,Google,Phone,New
P03238,Google Pixel 9 Pro 256GB Black (Refurbished Grade A),Google,Phone,Refurbished Grade A
P03239,Google Pixel 9 Pro 256GB Black (Refurbished Grade B),Google,Phone,Refurbished Grade B
P03240,Google Pixel 9 Pro 256GB Black (Open Box),Google,Phone,Open Box
P03241,Google Pixel 9 Pro 256GB White,Google,Phone,New
P03242,Google Pixel 9 Pro 256GB White (Refurbished Grade A),Google,Phone,Refurbished Grade A
P03243,Google Pixel 9 Pro 256GB White (Refurbished Grade B),Google,Phone,Refurbished Grade B
P03244,Google Pixel 9 Pro 256GB White (Open Box),Google,Phone,Open Box
P03245,Google Pixel 9 Pro 256GB Blue,Google,Phone,New
P03246,Google Pixel 9 Pro 256GB Blue (Refurbished Grade A),Google,Phone,Refurbished Grade A
P03247,Google Pixel 9 Pro 256GB Blue (Refurbished Grade B),Google,Phone,Refurbished Grade B
P03248,Google Pixel 9 Pro 256GB Blue (Open Box),Google,Phone,Open Box
P03249,Google Pixel 9 Pro 256GB Green,Google,Phone,New
P03250,Google Pixel 9 Pro 256GB Green (Refurbished Grade A),Google,Phone,Refurbished Grade A
P03251,Google Pixel 9 Pro 256GB Green (Refurbished Grade B),Google,Phone,Refurbished Grade B
P03252,Google Pixel 9 Pro 256GB Green (Open Box),Google,Phone,Open Box
P03253,Google Pixel 9 Pro 256GB Titanium,Google,Phone,New
P03254,Google Pixel 9 Pro 256GB Titanium (Refurbished Grade A),Google,Phone,Refurbished Grade A
P03255,Google Pixel 9 Pro 256GB Titanium (Refurbished Grade B),Google,Phone,Refurbished Grade B
P03256,Google Pixel 9 Pro 256GB Titanium (Open Box),Google,Phone,Open Box
P03257,Google Pixel 9 Pro 512GB Black,Google,Phone,New
P03258,Google Pixel 9 Pro 512GB Black (Refurbished Grade A),Google,Phone,Refurbished Grade A
P03259,Google Pixel 9 Pro 512GB Black (Refurbished Grade B),Google,Phone,Refurbished Grade B
P03260,Google Pixel 9 Pro 512GB Black (Open Box),Google,Phone,Open Box
P03261,Google Pixel 9 Pro 512GB White,Google,Phone,New
P03262,Google Pixel 9 Pro 512GB White (Refurbished Grade A),Google,Phone,Refurbished Grade A
P03263,Google Pixel 9 Pro 512GB White (Refurbished Grade B),Google,Phone,Refurbished Grade B
P03264,Google Pixel 9 Pro 512GB White (Open Box),Google,Phone,Open Box
P03265,Google Pixel 9 Pro 512GB Blue,Google,Phone,New
P03266,Google Pixel 9 Pro 512GB Blue (Refurbished Grade A),Google,Phone,Refurbished Grade A
P03267,Google Pixel 9 Pro 512GB Blue (Refurbished Grade B),Google,Phone,Refurbished Grade B
P03268,Google Pixel 9 Pro 512GB Blue (Open Box),Google,Phone,Open Box
P03269,Google Pixel 9 Pro 512GB Green,Google,Phone,New
P03270,Google Pixel 9 Pro 512GB Green (Refurbished Grade A),Google,Phone,Refurbished Grade A
P03271,Google Pixel 9 Pro 512GB Green (Refurbished Grade B),Google,Phone,Refurbished Grade B
P03272,Google Pixel 9 Pro 512GB Green (Open Box),Google,Phone,Open Box
P03273,Google Pixel 9 Pro 512GB Titanium,Google,Phone,New
P03274,Google Pixel 9 Pro 512GB Titanium (Refurbished Grade A),Google,Phone,Refurbished Grade A
P03275,Google Pixel 9 Pro 512GB Titanium (Refurbished Grade B),Google,Phone,Refurbished Grade B
P03276,Google Pixel 9 Pro 512GB Titanium (Open Box),Google,Phone,Open Box
P03277,Google Pixel 9 Pro 1TB Black,Google,Phone,New
P03278,Google Pixel 9 Pro 1TB Black (Refurbished Grade A),Google,Phone,Refurbished Grade A
P03279,Google Pixel 9 Pro 1TB Black (Refurbished Grade B),Google,Phone,Refurbished Grade B
P03280,Google Pixel 9 Pro 1TB Black (Open Box),Google,Phone,Open Box
P03281,Google Pixel 9 Pro 1TB White,Google,Phone,New
P03282,Google Pixel 9 Pro 1TB White (Refurbished Grade A),Google,Phone,Refurbished Grade A
P03283,Google Pixel 9 Pro 1TB White (Refurbished Grade B),Google,Phone,Refurbished Grade B
P03284,Google Pixel 9 Pro 1TB White (Open Box),Google,Phone,Open Box
P03285,Google Pixel 9 Pro 1TB Blue,Google,Phone,New
P03286,Google Pixel 9 Pro 1TB Blue (Refurbished Grade A),Google,Phone,Refurbished Grade A
P03287,Google Pixel 9 Pro 1TB Blue (Refurbished Grade B),Google,Phone,Refurbished Grade B
P03288,Google Pixel 9 Pro 1TB Blue (Open Box),Google,Phone,Open Box
P03289,Google Pixel 9 Pro 1TB Green,Google,Phone,New
P03290,Google Pixel 9 Pro 1TB Green (Refurbished Grade A),Google,Phone,Refurbished Grade A
P03291,Google Pixel 9 Pro 1TB Green (Refurbished Grade B),Google,Phone,Refurbished Grade B
P03292,Google Pixel 9 Pro 1TB Green (Open Box),Google,Phone,Open Box
P03293,Google Pixel 9 Pro 1TB Titanium,Google,Phone,New
P03294,Google Pixel 9 Pro 1TB Titanium (Refurbished Grade A),Google,Phone,Refurbished Grade A
P03295,Google Pixel 9 Pro 1TB Titanium (Refurbished Grade B),Google,Phone,Refurbished Grade B
P03296,Google Pixel 9 Pro 1TB Titanium (Open Box),Google,Phone,Open Box
P03297,Google Pixel 9 Pro XL 128GB Black,Google,Phone,New
P03298,Google Pixel 9 Pro XL 128GB Black (Refurbished Grade A),Google,Phone,Refurbished Grade A
P03299,Google Pixel 9 Pro XL 128GB Black (Refurbished Grade B),Google,Phone,Refurbished Grade B
P03300,Google Pixel 9 Pro XL 128GB Black (Open Box),Google,Phone,Open Box
P03301,Google Pixel 9 Pro XL 128GB White,Google,Phone,New
P03302,Google Pixel 9 Pro XL 128GB White (Refurbished Grade A),Google,Phone,Refurbished Grade A
P03303,Google Pixel 9 Pro XL 128GB White (Refurbished Grade B),Google,Phone,Refurbished Grade B
P03304,Google Pixel 9 Pro XL 128GB White (Open Box),Google,Phone,Open Box
P03305,Google Pixel 9 Pro XL 128GB Blue,Google,Phone,New
P03306,Google Pixel 9 Pro XL 128GB Blue (Refurbished Grade A),Google,Phone,Refurbished Grade A
P03307,Google Pixel 9 Pro XL 128GB Blue (Refurbished Grade B),Google,Phone,Refurbished Grade B
P03308,Google Pixel 9 Pro XL 128GB Blue (Open Box),Google,Phone,Open Box
P03309,Google Pixel 9 Pro XL 128GB Green,Google,Phone,New
P03310,Google Pixel 9 Pro XL 128GB Green (Refurbished Grade A),Google,Phone,Refurbished Grade A
P03311,Google Pixel 9 Pro XL 128GB Green (Refurbished Grade B),Google,Phone,Refurbished Grade B
P03312,Google Pixel 9 Pro XL 128GB Green (Open Box),Google,Phone,Open Box
P03313,Google Pixel 9 Pro XL 128GB Titanium,Google,Phone,New
P03314,Google Pixel 9 Pro XL 128GB Titanium (Refurbished Grade A),Google,Phone,Refurbished Grade A
P03315,Google Pixel 9 Pro XL 128GB Titanium (Refurbished Grade B),Google,Phone,Refurbished Grade B
P03316,Google Pixel 9 Pro XL 128GB Titanium (Open Box),Google,Phone,Open Box
P03317,Google Pixel 9 Pro XL 256GB Black,Google,Phone,New
P03318,Google Pixel 9 Pro XL 256GB Black (Refurbished Grade A),Google,Phone,Refurbished Grade A
P03319,Google Pixel 9 Pro XL 256GB Black (Refurbished Grade B),Google,Phone,Refurbished Grade B
P03320,Google Pixel 9 Pro XL 256GB Black (Open Box),Google,Phone,Open Box
P03321,Google Pixel 9 Pro XL 256GB White,Google,Phone,New
P03322,Google Pixel 9 Pro XL 256GB White (Refurbished Grade A),Google,Phone,Refurbished Grade A
P03323,Google Pixel 9 Pro XL 256GB White (Refurbished Grade B),Google,Phone,Refurbished Grade B
P03324,Google Pixel 9 Pro XL 256GB White (Open Box),Google,Phone,Open Box
P03325,Google Pixel 9 Pro XL 256GB Blue,Google,Phone,New
P03326,Google Pixel 9 Pro XL 256GB Blue (Refurbished Grade A),Google,Phone,Refurbished Grade A
P03327,Google Pixel 9 Pro XL 256GB Blue (Refurbished Grade B),Google,Phone,Refurbished Grade B
P03328,Google Pixel 9 Pro XL 256GB Blue (Open Box),Google,Phone,Open Box
P03329,Google Pixel 9 Pro XL 256GB Green,Google,Phone,New
P03330,Google Pixel 9 Pro XL 256GB Green (Refurbished Grade A),Google,Phone,Refurbished Grade A
P03331,Google Pixel 9 Pro XL 256GB Green (Refurbished Grade B),Google,Phone,Refurbished Grade B
P03332,Google Pixel 9 Pro XL 256GB Green (Open Box),Google,Phone,Open Box
P03333,Google Pixel 9 Pro XL 256GB Titanium,Google,Phone,New
P03334,Google Pixel 9 Pro XL 256GB Titanium (Refurbished Grade A),Google,Phone,Refurbished Grade A
P03335,Google Pixel 9 Pro XL 256GB Titanium (Refurbished Grade B),Google,Phone,Refurbished Grade B
P03336,Google Pixel 9 Pro XL 256GB Titanium (Open Box),Google,Phone,Open Box
P03337,Google Pixel 9 Pro XL 512GB Black,Google,Phone,New
P03338,Google Pixel 9 Pro XL 512GB Black (Refurbished Grade A),Google,Phone,Refurbished Grade A
P03339,Google Pixel 9 Pro XL 512GB Black (Refurbished Grade B),Google,Phone,Refurbished Grade B
P03340,Google Pixel 9 Pro XL 512GB Black (Open Box),Google,Phone,Open Box
P03341,Google Pixel 9 Pro XL 512GB White,Google,Phone,New
P03342,Google Pixel 9 Pro XL 512GB White (Refurbished Grade A),Google,Phone,Refurbished Grade A
P03343,Google Pixel 9 Pro XL 512GB White (Refurbished Grade B),Google,Phone,Refurbished Grade B
P03344,Google Pixel 9 Pro XL 512GB White (Open Box),Google,Phone,Open Box
P03345,Google Pixel 9 Pro XL 512GB Blue,Google,Phone,New
P03346,Google Pixel 9 Pro XL 512GB Blue (Refurbished Grade A),Google,Phone,Refurbished Grade A
P03347,Google Pixel 9 Pro XL 512GB Blue (Refurbished Grade B),Google,Phone,Refurbished Grade B
P03348,Google Pixel 9 Pro XL 512GB Blue (Open Box),Google,Phone,Open Box
P03349,Google Pixel 9 Pro XL 512GB Green,Google,Phone,New
P03350,Google Pixel 9 Pro XL 512GB Green (Refurbished Grade A),Google,Phone,Refurbished Grade A
P03351,Google Pixel 9 Pro XL 512GB Green (Refurbished Grade B),Google,Phone,Refurbished Grade B
P03352,Google Pixel 9 Pro XL 512GB Green (Open Box),Google,Phone,Open Box
P03353,Google Pixel 9 Pro XL 512GB Titanium,Google,Phone,New
P03354,Google Pixel 9 Pro XL 512GB Titanium (Refurbished Grade A),Google,Phone,Refurbished Grade A
P03355,Google Pixel 9 Pro XL 512GB Titanium (Refurbished Grade B),Google,Phone,Refurbished Grade B
P03356,Google Pixel 9 Pro XL 512GB Titanium (Open Box),Google,Phone,Open Box
P03357,Google Pixel 9 Pro XL 1TB Black,Google,Phone,New
P03358,Google Pixel 9 Pro XL 1TB Black (Refurbished Grade A),Google,Phone,Refurbished Grade A
P03359,Google Pixel 9 Pro XL 1TB Black (Refurbished Grade B),Google,Phone,Refurbished Grade B
P03360,Google Pixel 9 Pro XL 1TB Black (Open Box),Google,Phone,Open Box
P03361,Google Pixel 9 Pro XL 1TB White,Google,Phone,New
P03362,Google Pixel 9 Pro XL 1TB White (Refurbished Grade A),Google,Phone,Refurbished Grade A
P03363,Google Pixel 9 Pro XL 1TB White (Refurbished Grade B),Google,Phone,Refurbished Grade B
P03364,Google Pixel 9 Pro XL 1TB White (Open Box),Google,Phone,Open Box
P03365,Google Pixel 9 Pro XL 1TB Blue,Google,Phone,New
P03366,Google Pixel 9 Pro XL 1TB Blue (Refurbished Grade A),Google,Phone,Refurbished Grade A
P03367,Google Pixel 9 Pro XL 1TB Blue (Refurbished Grade B),Google,Phone,Refurbished Grade B
P03368,Google Pixel 9 Pro XL 1TB Blue (Open Box),Google,Phone,Open Box
P03369,Google Pixel 9 Pro XL 1TB Green,Google,Phone,New
P03370,Google Pixel 9 Pro XL 1TB Green (Refurbished Grade A),Google,Phone,Refurbished Grade A
P03371,Google Pixel 9 Pro XL 1TB Green (Refurbished Grade B),Google,Phone,Refurbished Grade B
P03372,Google Pixel 9 Pro XL 1TB Green (Open Box),Google,Phone,Open Box
P03373,Google Pixel 9 Pro XL 1TB Titanium,Google,Phone,New
P03374,Google Pixel 9 Pro XL 1TB Titanium (Refurbished Grade A),Google,Phone,Refurbished Grade A
P03375,Google Pixel 9 Pro XL 1TB Titanium (Refurbished Grade B),Google,Phone,Refurbished Grade B
P03376,Google Pixel 9 Pro XL 1TB Titanium (Open Box),Google,Phone,Open Box
P03377,OnePlus OnePlus 12 128GB Black,OnePlus,Phone,New
P03378,OnePlus OnePlus 12 128GB Black (Refurbished Grade A),OnePlus,Phone,Refurbished Grade A
P03379,OnePlus OnePlus 12 128GB Black (Refurbished Grade B),OnePlus,Phone,Refurbished Grade B
P03380,OnePlus OnePlus 12 128GB Black (Open Box),OnePlus,Phone,Open Box
P03381,OnePlus OnePlus 12 128GB White,OnePlus,Phone,New
P03382,OnePlus OnePlus 12 128GB White (Refurbished Grade A),OnePlus,Phone,Refurbished Grade A
P03383,OnePlus OnePlus 12 128GB White (Refurbished Grade B),OnePlus,Phone,Refurbished Grade B
P03384,OnePlus OnePlus 12 128GB White (Open Box),OnePlus,Phone,Open Box
P03385,OnePlus OnePlus 12 128GB Blue,OnePlus,Phone,New
P03386,OnePlus OnePlus 12 128GB Blue (Refurbished Grade A),OnePlus,Phone,Refurbished Grade A
P03387,OnePlus OnePlus 12 128GB Blue (Refurbished Grade B),OnePlus,Phone,Refurbished Grade B
P03388,OnePlus OnePlus 12 128GB Blue (Open Box),OnePlus,Phone,Open Box
P03389,OnePlus OnePlus 12 128GB Green,OnePlus,Phone,New
P03390,OnePlus OnePlus 12 128GB Green (Refurbished Grade A),OnePlus,Phone,Refurbished Grade A
P03391,OnePlus OnePlus 12 128GB Green (Refurbished Grade B),OnePlus,Phone,Refurbished Grade B
P03392,OnePlus OnePlus 12 128GB Green (Open Box),OnePlus,Phone,Open Box
P03393,OnePlus OnePlus 12 128GB Titanium,OnePlus,Phone,New
P03394,OnePlus OnePlus 12 128GB Titanium (Refurbished Grade A),OnePlus,Phone,Refurbished Grade A
P03395,OnePlus OnePlus 12 128GB Titanium (Refurbished Grade B),OnePlus,Phone,Refurbished Grade B
P03396,OnePlus OnePlus 12 128GB Titanium (Open Box),OnePlus,Phone,Open Box
P03397,OnePlus OnePlus 12 256GB Black,OnePlus,Phone,New
P03398,OnePlus OnePlus 12 256GB Black (Refurbished Grade A),OnePlus,Phone,Refurbished Grade A
P03399,OnePlus OnePlus 12 256GB Black (Refurbished Grade B),OnePlus,Phone,Refurbished Grade B
P03400,OnePlus OnePlus 12 256GB Black (Open Box),OnePlus,Phone,Open Box
P03401,OnePlus OnePlus 12 256GB White,OnePlus,Phone,New
P03402,OnePlus OnePlus 12 256GB White (Refurbished Grade A),OnePlus,Phone,Refurbished Grade A
P03403,OnePlus OnePlus 12 256GB White (Refurbished Grade B),OnePlus,Phone,Refurbished Grade B
P03404,OnePlus OnePlus 12 256GB White (Open Box),OnePlus,Phone,Open Box
P03405,OnePlus OnePlus 12 256GB Blue,OnePlus,Phone,New
P03406,OnePlus OnePlus 12 256GB Blue (Refurbished Grade A),OnePlus,Phone,Refurbished Grade A
P03407,OnePlus OnePlus 12 256GB Blue (Refurbished Grade B),OnePlus,Phone,Refurbished Grade B
P03408,OnePlus OnePlus 12 256GB Blue (Open Box),OnePlus,Phone,Open Box
P03409,OnePlus OnePlus 12 256GB Green,OnePlus,Phone,New
P03410,OnePlus OnePlus 12 256GB Green (Refurbished Grade A),OnePlus,Phone,Refurbished Grade A
P03411,OnePlus OnePlus 12 256GB Green (Refurbished Grade B),OnePlus,Phone,Refurbished Grade B
P03412,OnePlus OnePlus 12 256GB Green (Open Box),OnePlus,Phone,Open Box
P03413,OnePlus OnePlus 12 256GB Titanium,OnePlus,Phone,New
P03414,OnePlus OnePlus 12 256GB Titanium (Refurbished Grade A),OnePlus,Phone,Refurbished Grade A
P03415,OnePlus OnePlus 12 256GB Titanium (Refurbished Grade B),OnePlus,Phone,Refurbished Grade B
P03416,OnePlus OnePlus 12 256GB Titanium (Open Box),OnePlus,Phone,Open Box
P03417,OnePlus OnePlus 12 512GB Black,OnePlus,Phone,New
P03418,OnePlus OnePlus 12 512GB Black (Refurbished Grade A),OnePlus,Phone,Refurbished Grade A
P03419,OnePlus OnePlus 12 512GB Black (Refurbished Grade B),OnePlus,Phone,Refurbished Grade B
P03420,OnePlus OnePlus 12 512GB Black (Open Box),OnePlus,Phone,Open Box
P03421,OnePlus OnePlus 12 512GB White,OnePlus,Phone,New
P03422,OnePlus OnePlus 12 512GB White (Refurbished Grade A),OnePlus,Phone,Refurbished Grade A
P03423,OnePlus OnePlus 12 512GB White (Refurbished Grade B),OnePlus,Phone,Refurbished Grade B
P03424,OnePlus OnePlus 12 512GB White (Open Box),OnePlus,Phone,Open Box
P03425,OnePlus OnePlus 12 512GB Blue,OnePlus,Phone,New
P03426,OnePlus OnePlus 12 512GB Blue (Refurbished Grade A),OnePlus,Phone,Refurbished Grade A
P03427,OnePlus OnePlus 12 512GB Blue (Refurbished Grade B),OnePlus,Phone,Refurbished Grade B
P03428,OnePlus OnePlus 12 512GB Blue (Open Box),OnePlus,Phone,Open Box
P03429,OnePlus OnePlus 12 512GB Green,OnePlus,Phone,New
P03430,OnePlus OnePlus 12 512GB Green (Refurbished Grade A),OnePlus,Phone,Refurbished Grade A
P03431,OnePlus OnePlus 12 512GB Green (Refurbished Grade B),OnePlus,Phone,Refurbished Grade B
P03432,OnePlus OnePlus 12 512GB Green (Open Box),OnePlus,Phone,Open Box
P03433,OnePlus OnePlus 12 512GB Titanium,OnePlus,Phone,New
P03434,OnePlus OnePlus 12 512GB Titanium (Refurbished Grade A),OnePlus,Phone,Refurbished Grade A
P03435,OnePlus OnePlus 12 512GB Titanium (Refurbished Grade B),OnePlus,Phone,Refurbished Grade B
P03436,OnePlus OnePlus 12 512GB Titanium (Open Box),OnePlus,Phone,Open Box
P03437,OnePlus OnePlus 12 1TB Black,OnePlus,Phone,New
P03438,OnePlus OnePlus 12 1TB Black (Refurbished Grade A),OnePlus,Phone,Refurbished Grade A
P03439,OnePlus OnePlus 12 1TB Black (Refurbished Grade B),OnePlus,Phone,Refurbished Grade B
P03440,OnePlus OnePlus 12 1TB Black (Open Box),OnePlus,Phone,Open Box
P03441,OnePlus OnePlus 12 1TB White,OnePlus,Phone,New
P03442,OnePlus OnePlus 12 1TB White (Refurbished Grade A),OnePlus,Phone,Refurbished Grade A
P03443,OnePlus OnePlus 12 1TB White (Refurbished Grade B),OnePlus,Phone,Refurbished Grade B
P03444,OnePlus OnePlus 12 1TB White (Open Box),OnePlus,Phone,Open Box
P03445,OnePlus OnePlus 12 1TB Blue,OnePlus,Phone,New
P03446,OnePlus OnePlus 12 1TB Blue (Refurbished Grade A),OnePlus,Phone,Refurbished Grade A
P03447,OnePlus OnePlus 12 1TB Blue (Refurbished Grade B),OnePlus,Phone,Refurbished Grade B
P03448,OnePlus OnePlus 12 1TB Blue (Open Box),OnePlus,Phone,Open Box
P03449,OnePlus OnePlus 12 1TB Green,OnePlus,Phone,New
P03450,OnePlus OnePlus 12 1TB Green (Refurbished Grade A),OnePlus,Phone,Refurbished Grade A
P03451,OnePlus OnePlus 12 1TB Green (Refurbished Grade B),OnePlus,Phone,Refurbished Grade B
P03452,OnePlus OnePlus 12 1TB Green (Open Box),OnePlus,Phone,Open Box
P03453,OnePlus OnePlus 12 1TB Titanium,OnePlus,Phone,New
P03454,OnePlus OnePlus 12 1TB Titanium (Refurbished Grade A),OnePlus,Phone,Refurbished Grade A
P03455,OnePlus OnePlus 12 1TB Titanium (Refurbished Grade B),OnePlus,Phone,Refurbished Grade B
P03456,OnePlus OnePlus 12 1TB Titanium (Open Box),OnePlus,Phone,Open Box
P03457,OnePlus OnePlus 12R 128GB Black,OnePlus,Phone,New
P03458,OnePlus OnePlus 12R 128GB Black (Refurbished Grade A),OnePlus,Phone,Refurbished Grade A
P03459,OnePlus OnePlus 12R 128GB Black (Refurbished Grade B),OnePlus,Phone,Refurbished Grade B
P03460,OnePlus OnePlus 12R 128GB Black (Open Box),OnePlus,Phone,Open Box
P03461,OnePlus OnePlus 12R 128GB White,OnePlus,Phone,New
P03462,OnePlus OnePlus 12R 128GB White (Refurbished Grade A),OnePlus,Phone,Refurbished Grade A
P03463,OnePlus OnePlus 12R 128GB White (Refurbished Grade B),OnePlus,Phone,Refurbished Grade B
P03464,OnePlus OnePlus 12R 128GB White (Open Box),OnePlus,Phone,Open Box
P03465,OnePlus OnePlus 12R 128GB Blue,OnePlus,Phone,New
P03466,OnePlus OnePlus 12R 128GB Blue (Refurbished Grade A),OnePlus,Phone,Refurbished Grade A
P03467,OnePlus OnePlus 12R 128GB Blue (Refurbished Grade B),OnePlus,Phone,Refurbished Grade B
P03468,OnePlus OnePlus 12R 128GB Blue (Open Box),OnePlus,Phone,Open Box
P03469,OnePlus OnePlus 12R 128GB Green,OnePlus,Phone,New
P03470,OnePlus OnePlus 12R 128GB Green (Refurbished Grade A),OnePlus,Phone,Refurbished Grade A
P03471,OnePlus OnePlus 12R 128GB Green (Refurbished Grade B),OnePlus,Phone,Refurbished Grade B
P03472,OnePlus OnePlus 12R 128GB Green (Open Box),OnePlus,Phone,Open Box
P03473,OnePlus OnePlus 12R 128GB Titanium,OnePlus,Phone,New
P03474,OnePlus OnePlus 12R 128GB Titanium (Refurbished Grade A),OnePlus,Phone,Refurbished Grade A
P03475,OnePlus OnePlus 12R 128GB Titanium (Refurbished Grade B),OnePlus,Phone,Refurbished Grade B
P03476,OnePlus OnePlus 12R 128GB Titanium (Open Box),OnePlus,Phone,Open Box
P03477,OnePlus OnePlus 12R 256GB Black,OnePlus,Phone,New
P03478,OnePlus OnePlus 12R 256GB Black (Refurbished Grade A),OnePlus,Phone,Refurbished Grade A
P03479,OnePlus OnePlus 12R 256GB Black (Refurbished Grade B),OnePlus,Phone,Refurbished Grade B
P03480,OnePlus OnePlus 12R 256GB Black (Open Box),OnePlus,Phone,Open Box
P03481,OnePlus OnePlus 12R 256GB White,OnePlus,Phone,New
P03482,OnePlus OnePlus 12R 256GB White (Refurbished Grade A),OnePlus,Phone,Refurbished Grade A
P03483,OnePlus OnePlus 12R 256GB White (Refurbished Grade B),OnePlus,Phone,Refurbished Grade B
P03484,OnePlus OnePlus 12R 256GB White (Open Box),OnePlus,Phone,Open Box
P03485,OnePlus OnePlus 12R 256GB Blue,OnePlus,Phone,New
P03486,OnePlus OnePlus 12R 256GB Blue (Refurbished Grade A),OnePlus,Phone,Refurbished Grade A
P03487,OnePlus OnePlus 12R 256GB Blue (Refurbished Grade B),OnePlus,Phone,Refurbished Grade B
P03488,OnePlus OnePlus 12R 256GB Blue (Open Box),OnePlus,Phone,Open Box
P03489,OnePlus OnePlus 12R 256GB Green,OnePlus,Phone,New
P03490,OnePlus OnePlus 12R 256GB Green (Refurbished Grade A),OnePlus,Phone,Refurbished Grade A
P03491,OnePlus OnePlus 12R 256GB Green (Refurbished Grade B),OnePlus,Phone,Refurbished Grade B
P03492,OnePlus OnePlus 12R 256GB Green (Open Box),OnePlus,Phone,Open Box
P03493,OnePlus OnePlus 12R 256GB Titanium,OnePlus,Phone,New
P03494,OnePlus OnePlus 12R 256GB Titanium (Refurbished Grade A),OnePlus,Phone,Refurbished Grade A
P03495,OnePlus OnePlus 12R 256GB Titanium (Refurbished Grade B),OnePlus,Phone,Refurbished Grade B
P03496,OnePlus OnePlus 12R 256GB Titanium (Open Box),OnePlus,Phone,Open Box
P03497,OnePlus OnePlus 12R 512GB Black,OnePlus,Phone,New
P03498,OnePlus OnePlus 12R 512GB Black (Refurbished Grade A),OnePlus,Phone,Refurbished Grade A
P03499,OnePlus OnePlus 12R 512GB Black (Refurbished Grade B),OnePlus,Phone,Refurbished Grade B
P03500,OnePlus OnePlus 12R 512GB Black (Open Box),OnePlus,Phone,Open Box
P03501,OnePlus OnePlus 12R 512GB White,OnePlus,Phone,New
P03502,OnePlus OnePlus 12R 512GB White (Refurbished Grade A),OnePlus,Phone,Refurbished Grade A
P03503,OnePlus OnePlus 12R 512GB White (Refurbished Grade B),OnePlus,Phone,Refurbished Grade B
P03504,OnePlus OnePlus 12R 512GB White (Open Box),OnePlus,Phone,Open Box
P03505,OnePlus OnePlus 12R 512GB Blue,OnePlus,Phone,New
P03506,OnePlus OnePlus 12R 512GB Blue (Refurbished Grade A),OnePlus,Phone,Refurbished Grade A
P03507,OnePlus OnePlus 12R 512GB Blue (Refurbished Grade B),OnePlus,Phone,Refurbished Grade B
P03508,OnePlus OnePlus 12R 512GB Blue (Open Box),OnePlus,Phone,Open Box
P03509,OnePlus OnePlus 12R 512GB Green,OnePlus,Phone,New
P03510,OnePlus OnePlus 12R 512GB Green (Refurbished Grade A),OnePlus,Phone,Refurbished Grade A
P03511,OnePlus OnePlus 12R 512GB Green (Refurbished Grade B),OnePlus,Phone,Refurbished Grade B
P03512,OnePlus OnePlus 12R 512GB Green (Open Box),OnePlus,Phone,Open Box
P03513,OnePlus OnePlus 12R 512GB Titanium,OnePlus,Phone,New
P03514,OnePlus OnePlus 12R 512GB Titanium (Refurbished Grade A),OnePlus,Phone,Refurbished Grade A
P03515,OnePlus OnePlus 12R 512GB Titanium (Refurbished Grade B),OnePlus,Phone,Refurbished Grade B
P03516,OnePlus OnePlus 12R 512GB Titanium (Open Box),OnePlus,Phone,Open Box
P03517,OnePlus OnePlus 12R 1TB Black,OnePlus,Phone,New
P03518,OnePlus OnePlus 12R 1TB Black (Refurbished Grade A),OnePlus,Phone,Refurbished Grade A
P03519,OnePlus OnePlus 12R 1TB Black (Refurbished Grade B),OnePlus,Phone,Refurbished Grade B
P03520,OnePlus OnePlus 12R 1TB Black (Open Box),OnePlus,Phone,Open Box
P03521,OnePlus OnePlus 12R 1TB White,OnePlus,Phone,New
P03522,OnePlus OnePlus 12R 1TB White (Refurbished Grade A),OnePlus,Phone,Refurbished Grade A
P03523,OnePlus OnePlus 12R 1TB White (Refurbished Grade B),OnePlus,Phone,Refurbished Grade B
P03524,OnePlus OnePlus 12R 1TB White (Open Box),OnePlus,Phone,Open Box
P03525,OnePlus OnePlus 12R 1TB Blue,OnePlus,Phone,New
P03526,OnePlus OnePlus 12R 1TB Blue (Refurbished Grade A),OnePlus,Phone,Refurbished Grade A
P03527,OnePlus OnePlus 12R 1TB Blue (Refurbished Grade B),OnePlus,Phone,Refurbished Grade B
P03528,OnePlus OnePlus 12R 1TB Blue (Open Box),OnePlus,Phone,Open Box
P03529,OnePlus OnePlus 12R 1TB Green,OnePlus,Phone,New
P03530,OnePlus OnePlus 12R 1TB Green (Refurbished Grade A),OnePlus,Phone,Refurbished Grade A
P03531,OnePlus OnePlus 12R 1TB Green (Refurbished Grade B),OnePlus,Phone,Refurbished Grade B
P03532,OnePlus OnePlus 12R 1TB Green (Open Box),OnePlus,Phone,Open Box
P03533,OnePlus OnePlus 12R 1TB Titanium,OnePlus,Phone,New
P03534,OnePlus OnePlus 12R 1TB Titanium (Refurbished Grade A),OnePlus,Phone,Refurbished Grade A
P03535,OnePlus OnePlus 12R 1TB Titanium (Refurbished Grade B),OnePlus,Phone,Refurbished Grade B
P03536,OnePlus OnePlus 12R 1TB Titanium (Open Box),OnePlus,Phone,Open Box
P03537,OnePlus OnePlus Nord 4 128GB Black,OnePlus,Phone,New
P03538,OnePlus OnePlus Nord 4 128GB Black (Refurbished Grade A),OnePlus,Phone,Refurbished Grade A
P03539,OnePlus OnePlus Nord 4 128GB Black (Refurbished Grade B),OnePlus,Phone,Refurbished Grade B
P03540,OnePlus OnePlus Nord 4 128GB Black (Open Box),OnePlus,Phone,Open Box
P03541,OnePlus OnePlus Nord 4 128GB White,OnePlus,Phone,New
P03542,OnePlus OnePlus Nord 4 128GB White (Refurbished Grade A),OnePlus,Phone,Refurbished Grade A
P03543,OnePlus OnePlus Nord 4 128GB White (Refurbished Grade B),OnePlus,Phone,Refurbished Grade B
P03544,OnePlus OnePlus Nord 4 128GB White (Open Box),OnePlus,Phone,Open Box
P03545,OnePlus OnePlus Nord 4 128GB Blue,OnePlus,Phone,New
P03546,OnePlus OnePlus Nord 4 128GB Blue (Refurbished Grade A),OnePlus,Phone,Refurbished Grade A
P03547,OnePlus OnePlus Nord 4 128GB Blue (Refurbished Grade B),OnePlus,Phone,Refurbished Grade B
P03548,OnePlus OnePlus Nord 4 128GB Blue (Open Box),OnePlus,Phone,Open Box
P03549,OnePlus OnePlus Nord 4 128GB Green,OnePlus,Phone,New
P03550,OnePlus OnePlus Nord 4 128GB Green (Refurbished Grade A),OnePlus,Phone,Refurbished Grade A
P03551,OnePlus OnePlus Nord 4 128GB Green (Refurbished Grade B),OnePlus,Phone,Refurbished Grade B
P03552,OnePlus OnePlus Nord 4 128GB Green (Open Box),OnePlus,Phone,Open Box
P03553,OnePlus OnePlus Nord 4 128GB Titanium,OnePlus,Phone,New
P03554,OnePlus OnePlus Nord 4 128GB Titanium (Refurbished Grade A),OnePlus,Phone,Refurbished Grade A
P03555,OnePlus OnePlus Nord 4 128GB Titanium (Refurbished Grade B),OnePlus,Phone,Refurbished Grade B
P03556,OnePlus OnePlus Nord 4 128GB Titanium (Open Box),OnePlus,Phone,Open Box
P03557,OnePlus OnePlus Nord 4 256GB Black,OnePlus,Phone,New
P03558,OnePlus OnePlus Nord 4 256GB Black (Refurbished Grade A),OnePlus,Phone,Refurbished Grade A
P03559,OnePlus OnePlus Nord 4 256GB Black (Refurbished Grade B),OnePlus,Phone,Refurbished Grade B
P03560,OnePlus OnePlus Nord 4 256GB Black (Open Box),OnePlus,Phone,Open Box
P03561,OnePlus OnePlus Nord 4 256GB White,OnePlus,Phone,New
P03562,OnePlus OnePlus Nord 4 256GB White (Refurbished Grade A),OnePlus,Phone,Refurbished Grade A
P03563,OnePlus OnePlus Nord 4 256GB White (Refurbished Grade B),OnePlus,Phone,Refurbished Grade B
P03564,OnePlus OnePlus Nord 4 256GB White (Open Box),OnePlus,Phone,Open Box
P03565,OnePlus OnePlus Nord 4 256GB Blue,OnePlus,Phone,New
P03566,OnePlus OnePlus Nord 4 256GB Blue (Refurbished Grade A),OnePlus,Phone,Refurbished Grade A
P03567,OnePlus OnePlus Nord 4 256GB Blue (Refurbished Grade B),OnePlus,Phone,Refurbished Grade B
P03568,OnePlus OnePlus Nord 4 256GB Blue (Open Box),OnePlus,Phone,Open Box
P03569,OnePlus OnePlus Nord 4 256GB Green,OnePlus,Phone,New
P03570,OnePlus OnePlus Nord 4 256GB Green (Refurbished Grade A),OnePlus,Phone,Refurbished Grade A
P03571,OnePlus OnePlus Nord 4 256GB Green (Refurbished Grade B),OnePlus,Phone,Refurbished Grade B
P03572,OnePlus OnePlus Nord 4 256GB Green (Open Box),OnePlus,Phone,Open Box
P03573,OnePlus OnePlus Nord 4 256GB Titanium,OnePlus,Phone,New
P03574,OnePlus OnePlus Nord 4 256GB Titanium (Refurbished Grade A),OnePlus,Phone,Refurbished Grade A
P03575,OnePlus OnePlus Nord 4 256GB Titanium (Refurbished Grade B),OnePlus,Phone,Refurbished Grade B
P03576,OnePlus OnePlus Nord 4 256GB Titanium (Open Box),OnePlus,Phone,Open Box
P03577,OnePlus OnePlus Nord 4 512GB Black,OnePlus,Phone,New
P03578,OnePlus OnePlus Nord 4 512GB Black (Refurbished Grade A),OnePlus,Phone,Refurbished Grade A
P03579,OnePlus OnePlus Nord 4 512GB Black (Refurbished Grade B),OnePlus,Phone,Refurbished Grade B
P03580,OnePlus OnePlus Nord 4 512GB Black (Open Box),OnePlus,Phone,Open Box
P03581,OnePlus OnePlus Nord 4 512GB White,OnePlus,Phone,New
P03582,OnePlus OnePlus Nord 4 512GB White (Refurbished Grade A),OnePlus,Phone,Refurbished Grade A
P03583,OnePlus OnePlus Nord 4 512GB White (Refurbished Grade B),OnePlus,Phone,Refurbished Grade B
P03584,OnePlus OnePlus Nord 4 512GB White (Open Box),OnePlus,Phone,Open Box
P03585,OnePlus OnePlus Nord 4 512GB Blue,OnePlus,Phone,New
P03586,OnePlus OnePlus Nord 4 512GB Blue (Refurbished Grade A),OnePlus,Phone,Refurbished Grade A
P03587,OnePlus OnePlus Nord 4 512GB Blue (Refurbished Grade B),OnePlus,Phone,Refurbished Grade B
P03588,OnePlus OnePlus Nord 4 512GB Blue (Open Box),OnePlus,Phone,Open Box
P03589,OnePlus OnePlus Nord 4 512GB Green,OnePlus,Phone,New
P03590,OnePlus OnePlus Nord 4 512GB Green (Refurbished Grade A),OnePlus,Phone,Refurbished Grade A
P03591,OnePlus OnePlus Nord 4 512GB Green (Refurbished Grade B),OnePlus,Phone,Refurbished Grade B
P03592,OnePlus OnePlus Nord 4 512GB Green (Open Box),OnePlus,Phone,Open Box
P03593,OnePlus OnePlus Nord 4 512GB Titanium,OnePlus,Phone,New
P03594,OnePlus OnePlus Nord 4 512GB Titanium (Refurbished Grade A),OnePlus,Phone,Refurbished Grade A
P03595,OnePlus OnePlus Nord 4 512GB Titanium (Refurbished Grade B),OnePlus,Phone,Refurbished Grade B
P03596,OnePlus OnePlus Nord 4 512GB Titanium (Open Box),OnePlus,Phone,Open Box
P03597,OnePlus OnePlus Nord 4 1TB Black,OnePlus,Phone,New
P03598,OnePlus OnePlus Nord 4 1TB Black (Refurbished Grade A),OnePlus,Phone,Refurbished Grade A
P03599,OnePlus OnePlus Nord 4 1TB Black (Refurbished Grade B),OnePlus,Phone,Refurbished Grade B
P03600,OnePlus OnePlus Nord 4 1TB Black (Open Box),OnePlus,Phone,Open Box
P03601,OnePlus OnePlus Nord 4 1TB White,OnePlus,Phone,New
P03602,OnePlus OnePlus Nord 4 1TB White (Refurbished Grade A),OnePlus,Phone,Refurbished Grade A
P03603,OnePlus OnePlus Nord 4 1TB White (Refurbished Grade B),OnePlus,Phone,Refurbished Grade B
P03604,OnePlus OnePlus Nord 4 1TB White (Open Box),OnePlus,Phone,Open Box
P03605,OnePlus OnePlus Nord 4 1TB Blue,OnePlus,Phone,New
P03606,OnePlus OnePlus Nord 4 1TB Blue (Refurbished Grade A),OnePlus,Phone,Refurbished Grade A
P03607,OnePlus OnePlus Nord 4 1TB Blue (Refurbished Grade B),OnePlus,Phone,Refurbished Grade B
P03608,OnePlus OnePlus Nord 4 1TB Blue (Open Box),OnePlus,Phone,Open Box
P03609,OnePlus OnePlus Nord 4 1TB Green,OnePlus,Phone,New
P03610,OnePlus OnePlus Nord 4 1TB Green (Refurbished Grade A),OnePlus,Phone,Refurbished Grade A
P03611,OnePlus OnePlus Nord 4 1TB Green (Refurbished Grade B),OnePlus,Phone,Refurbished Grade B
P03612,OnePlus OnePlus Nord 4 1TB Green (Open Box),OnePlus,Phone,Open Box
P03613,OnePlus OnePlus Nord 4 1TB Titanium,OnePlus,Phone,New
P03614,OnePlus OnePlus Nord 4 1TB Titanium (Refurbished Grade A),OnePlus,Phone,Refurbished Grade A
P03615,OnePlus OnePlus Nord 4 1TB Titanium (Refurbished Grade B),OnePlus,Phone,Refurbished Grade B
P03616,OnePlus OnePlus Nord 4 1TB Titanium (Open Box),OnePlus,Phone,Open Box
P03617,Xiaomi Xiaomi 14 128GB Black,Xiaomi,Phone,New
P03618,Xiaomi Xiaomi 14 128GB Black (Refurbished Grade A),Xiaomi,Phone,Refurbished Grade A
P03619,Xiaomi Xiaomi 14 128GB Black (Refurbished Grade B),Xiaomi,Phone,Refurbished Grade B
P03620,Xiaomi Xiaomi 14 128GB Black (Open Box),Xiaomi,Phone,Open Box
P03621,Xiaomi Xiaomi 14 128GB White,Xiaomi,Phone,New
P03622,Xiaomi Xiaomi 14 128GB White (Refurbished Grade A),Xiaomi,Phone,Refurbished Grade A
P03623,Xiaomi Xiaomi 14 128GB White (Refurbished Grade B),Xiaomi,Phone,Refurbished Grade B
P03624,Xiaomi Xiaomi 14 128GB White (Open Box),Xiaomi,Phone,Open Box
P03625,Xiaomi Xiaomi 14 128GB Blue,Xiaomi,Phone,New
P03626,Xiaomi Xiaomi 14 128GB Blue (Refurbished Grade A),Xiaomi,Phone,Refurbished Grade A
P03627,Xiaomi Xiaomi 14 128GB Blue (Refurbished Grade B),Xiaomi,Phone,Refurbished Grade B
P03628,Xiaomi Xiaomi 14 128GB Blue (Open Box),Xiaomi,Phone,Open Box
P03629,Xiaomi Xiaomi 14 128GB Green,Xiaomi,Phone,New
P03630,Xiaomi Xiaomi 14 128GB Green (Refurbished Grade A),Xiaomi,Phone,Refurbished Grade A
P03631,Xiaomi Xiaomi 14 128GB Green (Refurbished Grade B),Xiaomi,Phone,Refurbished Grade B
P03632,Xiaomi Xiaomi 14 128GB Green (Open Box),Xiaomi,Phone,Open Box
P03633,Xiaomi Xiaomi 14 128GB Titanium,Xiaomi,Phone,New
P03634,Xiaomi Xiaomi 14 128GB Titanium (Refurbished Grade A),Xiaomi,Phone,Refurbished Grade A
P03635,Xiaomi Xiaomi 14 128GB Titanium (Refurbished Grade B),Xiaomi,Phone,Refurbished Grade B
P03636,Xiaomi Xiaomi 14 128GB Titanium (Open Box),Xiaomi,Phone,Open Box
P03637,Xiaomi Xiaomi 14 256GB Black,Xiaomi,Phone,New
P03638,Xiaomi Xiaomi 14 256GB Black (Refurbished Grade A),Xiaomi,Phone,Refurbished Grade A
P03639,Xiaomi Xiaomi 14 256GB Black (Refurbished Grade B),Xiaomi,Phone,Refurbished Grade B
P03640,Xiaomi Xiaomi 14 256GB Black (Open Box),Xiaomi,Phone,Open Box
P03641,Xiaomi Xiaomi 14 256GB White,Xiaomi,Phone,New
P03642,Xiaomi Xiaomi 14 256GB White (Refurbished Grade A),Xiaomi,Phone,Refurbished Grade A
P03643,Xiaomi Xiaomi 14 256GB White (Refurbished Grade B),Xiaomi,Phone,Refurbished Grade B
P03644,Xiaomi Xiaomi 14 256GB White (Open Box),Xiaomi,Phone,Open Box
P03645,Xiaomi Xiaomi 14 256GB Blue,Xiaomi,Phone,New
P03646,Xiaomi Xiaomi 14 256GB Blue (Refurbished Grade A),Xiaomi,Phone,Refurbished Grade A
P03647,Xiaomi Xiaomi 14 256GB Blue (Refurbished Grade B),Xiaomi,Phone,Refurbished Grade B
P03648,Xiaomi Xiaomi 14 256GB Blue (Open Box),Xiaomi,Phone,Open Box
P03649,Xiaomi Xiaomi 14 256GB Green,Xiaomi,Phone,New
P03650,Xiaomi Xiaomi 14 256GB Green (Refurbished Grade A),Xiaomi,Phone,Refurbished Grade A
P03651,Xiaomi Xiaomi 14 256GB Green (Refurbished Grade B),Xiaomi,Phone,Refurbished Grade B
P03652,Xiaomi Xiaomi 14 256GB Green (Open Box),Xiaomi,Phone,Open Box
P03653,Xiaomi Xiaomi 14 256GB Titanium,Xiaomi,Phone,New
P03654,Xiaomi Xiaomi 14 256GB Titanium (Refurbished Grade A),Xiaomi,Phone,Refurbished Grade A
P03655,Xiaomi Xiaomi 14 256GB Titanium (Refurbished Grade B),Xiaomi,Phone,Refurbished Grade B
P03656,Xiaomi Xiaomi 14 256GB Titanium (Open Box),Xiaomi,Phone,Open Box
P03657,Xiaomi Xiaomi 14 512GB Black,Xiaomi,Phone,New
P03658,Xiaomi Xiaomi 14 512GB Black (Refurbished Grade A),Xiaomi,Phone,Refurbished Grade A
P03659,Xiaomi Xiaomi 14 512GB Black (Refurbished Grade B),Xiaomi,Phone,Refurbished Grade B
P03660,Xiaomi Xiaomi 14 512GB Black (Open Box),Xiaomi,Phone,Open Box
P03661,Xiaomi Xiaomi 14 512GB White,Xiaomi,Phone,New
P03662,Xiaomi Xiaomi 14 512GB White (Refurbished Grade A),Xiaomi,Phone,Refurbished Grade A
P03663,Xiaomi Xiaomi 14 512GB White (Refurbished Grade B),Xiaomi,Phone,Refurbished Grade B
P03664,Xiaomi Xiaomi 14 512GB White (Open Box),Xiaomi,Phone,Open Box
P03665,Xiaomi Xiaomi 14 512GB Blue,Xiaomi,Phone,New
P03666,Xiaomi Xiaomi 14 512GB Blue (Refurbished Grade A),Xiaomi,Phone,Refurbished Grade A
P03667,Xiaomi Xiaomi 14 512GB Blue (Refurbished Grade B),Xiaomi,Phone,Refurbished Grade B
P03668,Xiaomi Xiaomi 14 512GB Blue (Open Box),Xiaomi,Phone,Open Box
P03669,Xiaomi Xiaomi 14 512GB Green,Xiaomi,Phone,New
P03670,Xiaomi Xiaomi 14 512GB Green (Refurbished Grade A),Xiaomi,Phone,Refurbished Grade A
P03671,Xiaomi Xiaomi 14 512GB Green (Refurbished Grade B),Xiaomi,Phone,Refurbished Grade B
P03672,Xiaomi Xiaomi 14 512GB Green (Open Box),Xiaomi,Phone,Open Box
P03673,Xiaomi Xiaomi 14 512GB Titanium,Xiaomi,Phone,New
P03674,Xiaomi Xiaomi 14 512GB Titanium (Refurbished Grade A),Xiaomi,Phone,Refurbished Grade A
P03675,Xiaomi Xiaomi 14 512GB Titanium (Refurbished Grade B),Xiaomi,Phone,Refurbished Grade B
P03676,Xiaomi Xiaomi 14 512GB Titanium (Open Box),Xiaomi,Phone,Open Box
P03677,Xiaomi Xiaomi 14 1TB Black,Xiaomi,Phone,New
P03678,Xiaomi Xiaomi 14 1TB Black (Refurbished Grade A),Xiaomi,Phone,Refurbished Grade A
P03679,Xiaomi Xiaomi 14 1TB Black (Refurbished Grade B),Xiaomi,Phone,Refurbished Grade B
P03680,Xiaomi Xiaomi 14 1TB Black (Open Box),Xiaomi,Phone,Open Box
P03681,Xiaomi Xiaomi 14 1TB White,Xiaomi,Phone,New
P03682,Xiaomi Xiaomi 14 1TB White (Refurbished Grade A),Xiaomi,Phone,Refurbished Grade A
P03683,Xiaomi Xiaomi 14 1TB White (Refurbished Grade B),Xiaomi,Phone,Refurbished Grade B
P03684,Xiaomi Xiaomi 14 1TB White (Open Box),Xiaomi,Phone,Open Box
P03685,Xiaomi Xiaomi 14 1TB Blue,Xiaomi,Phone,New
P03686,Xiaomi Xiaomi 14 1TB Blue (Refurbished Grade A),Xiaomi,Phone,Refurbished Grade A
P03687,Xiaomi Xiaomi 14 1TB Blue (Refurbished Grade B),Xiaomi,Phone,Refurbished Grade B
P03688,Xiaomi Xiaomi 14 1TB Blue (Open Box),Xiaomi,Phone,Open Box
P03689,Xiaomi Xiaomi 14 1TB Green,Xiaomi,Phone,New
P03690,Xiaomi Xiaomi 14 1TB Green (Refurbished Grade A),Xiaomi,Phone,Refurbished Grade A
P03691,Xiaomi Xiaomi 14 1TB Green (Refurbished Grade B),Xiaomi,Phone,Refurbished Grade B
P03692,Xiaomi Xiaomi 14 1TB Green (Open Box),Xiaomi,Phone,Open Box
P03693,Xiaomi Xiaomi 14 1TB Titanium,Xiaomi,Phone,New
P03694,Xiaomi Xiaomi 14 1TB Titanium (Refurbished Grade A),Xiaomi,Phone,Refurbished Grade A
P03695,Xiaomi Xiaomi 14 1TB Titanium (Refurbished Grade B),Xiaomi,Phone,Refurbished Grade B
P03696,Xiaomi Xiaomi 14 1TB Titanium (Open Box),Xiaomi,Phone,Open Box
P03697,Xiaomi Xiaomi 14 Ultra 128GB Black,Xiaomi,Phone,New
P03698,Xiaomi Xiaomi 14 Ultra 128GB Black (Refurbished Grade A),Xiaomi,Phone,Refurbished Grade A
P03699,Xiaomi Xiaomi 14 Ultra 128GB Black (Refurbished Grade B),Xiaomi,Phone,Refurbished Grade B
P03700,Xiaomi Xiaomi 14 Ultra 128GB Black (Open Box),Xiaomi,Phone,Open Box
P03701,Xiaomi Xiaomi 14 Ultra 128GB White,Xiaomi,Phone,New
P03702,Xiaomi Xiaomi 14 Ultra 128GB White (Refurbished Grade A),Xiaomi,Phone,Refurbished Grade A
P03703,Xiaomi Xiaomi 14 Ultra 128GB White (Refurbished Grade B),Xiaomi,Phone,Refurbished Grade B
P03704,Xiaomi Xiaomi 14 Ultra 128GB White (Open Box),Xiaomi,Phone,Open Box
P03705,Xiaomi Xiaomi 14 Ultra 128GB Blue,Xiaomi,Phone,New
P03706,Xiaomi Xiaomi 14 Ultra 128GB Blue (Refurbished Grade A),Xiaomi,Phone,Refurbished Grade A
P03707,Xiaomi Xiaomi 14 Ultra 128GB Blue (Refurbished Grade B),Xiaomi,Phone,Refurbished Grade B
P03708,Xiaomi Xiaomi 14 Ultra 128GB Blue (Open Box),Xiaomi,Phone,Open Box
P03709,Xiaomi Xiaomi 14 Ultra 128GB Green,Xiaomi,Phone,New
P03710,Xiaomi Xiaomi 14 Ultra 128GB Green (Refurbished Grade A),Xiaomi,Phone,Refurbished Grade A
P03711,Xiaomi Xiaomi 14 Ultra 128GB Green (Refurbished Grade B),Xiaomi,Phone,Refurbished Grade B
P03712,Xiaomi Xiaomi 14 Ultra 128GB Green (Open Box),Xiaomi,Phone,Open Box
P03713,Xiaomi Xiaomi 14 Ultra 128GB Titanium,Xiaomi,Phone,New
P03714,Xiaomi Xiaomi 14 Ultra 128GB Titanium (Refurbished Grade A),Xiaomi,Phone,Refurbished Grade A
P03715,Xiaomi Xiaomi 14 Ultra 128GB Titanium (Refurbished Grade B),Xiaomi,Phone,Refurbished Grade B
P03716,Xiaomi Xiaomi 14 Ultra 128GB Titanium (Open Box),Xiaomi,Phone,Open Box
P03717,Xiaomi Xiaomi 14 Ultra 256GB Black,Xiaomi,Phone,New
P03718,Xiaomi Xiaomi 14 Ultra 256GB Black (Refurbished Grade A),Xiaomi,Phone,Refurbished Grade A
P03719,Xiaomi Xiaomi 14 Ultra 256GB Black (Refurbished Grade B),Xiaomi,Phone,Refurbished Grade B
P03720,Xiaomi Xiaomi 14 Ultra 256GB Black (Open Box),Xiaomi,Phone,Open Box
P03721,Xiaomi Xiaomi 14 Ultra 256GB White,Xiaomi,Phone,New
P03722,Xiaomi Xiaomi 14 Ultra 256GB White (Refurbished Grade A),Xiaomi,Phone,Refurbished Grade A
P03723,Xiaomi Xiaomi 14 Ultra 256GB White (Refurbished Grade B),Xiaomi,Phone,Refurbished Grade B
P03724,Xiaomi Xiaomi 14 Ultra 256GB White (Open Box),Xiaomi,Phone,Open Box
P03725,Xiaomi Xiaomi 14 Ultra 256GB Blue,Xiaomi,Phone,New
P03726,Xiaomi Xiaomi 14 Ultra 256GB Blue (Refurbished Grade A),Xiaomi,Phone,Refurbished Grade A
P03727,Xiaomi Xiaomi 14 Ultra 256GB Blue (Refurbished Grade B),Xiaomi,Phone,Refurbished Grade B
P03728,Xiaomi Xiaomi 14 Ultra 256GB Blue (Open Box),Xiaomi,Phone,Open Box
P03729,Xiaomi Xiaomi 14 Ultra 256GB Green,Xiaomi,Phone,New
P03730,Xiaomi Xiaomi 14 Ultra 256GB Green (Refurbished Grade A),Xiaomi,Phone,Refurbished Grade A
P03731,Xiaomi Xiaomi 14 Ultra 256GB Green (Refurbished Grade B),Xiaomi,Phone,Refurbished Grade B
P03732,Xiaomi Xiaomi 14 Ultra 256GB Green (Open Box),Xiaomi,Phone,Open Box
P03733,Xiaomi Xiaomi 14 Ultra 256GB Titanium,Xiaomi,Phone,New
P03734,Xiaomi Xiaomi 14 Ultra 256GB Titanium (Refurbished Grade A),Xiaomi,Phone,Refurbished Grade A
P03735,Xiaomi Xiaomi 14 Ultra 256GB Titanium (Refurbished Grade B),Xiaomi,Phone,Refurbished Grade B
P03736,Xiaomi Xiaomi 14 Ultra 256GB Titanium (Open Box),Xiaomi,Phone,Open Box
P03737,Xiaomi Xiaomi 14 Ultra 512GB Black,Xiaomi,Phone,New
P03738,Xiaomi Xiaomi 14 Ultra 512GB Black (Refurbished Grade A),Xiaomi,Phone,Refurbished Grade A
P03739,Xiaomi Xiaomi 14 Ultra 512GB Black (Refurbished Grade B),Xiaomi,Phone,Refurbished Grade B
P03740,Xiaomi Xiaomi 14 Ultra 512GB Black (Open Box),Xiaomi,Phone,Open Box
P03741,Xiaomi Xiaomi 14 Ultra 512GB White,Xiaomi,Phone,New
P03742,Xiaomi Xiaomi 14 Ultra 512GB White (Refurbished Grade A),Xiaomi,Phone,Refurbished Grade A
P03743,Xiaomi Xiaomi 14 Ultra 512GB White (Refurbished Grade B),Xiaomi,Phone,Refurbished Grade B
P03744,Xiaomi Xiaomi 14 Ultra 512GB White (Open Box),Xiaomi,Phone,Open Box
P03745,Xiaomi Xiaomi 14 Ultra 512GB Blue,Xiaomi,Phone,New
P03746,Xiaomi Xiaomi 14 Ultra 512GB Blue (Refurbished Grade A),Xiaomi,Phone,Refurbished Grade A
P03747,Xiaomi Xiaomi 14 Ultra 512GB Blue (Refurbished Grade B),Xiaomi,Phone,Refurbished Grade B
P03748,Xiaomi Xiaomi 14 Ultra 512GB Blue (Open Box),Xiaomi,Phone,Open Box
P03749,Xiaomi Xiaomi 14 Ultra 512GB Green,Xiaomi,Phone,New
P03750,Xiaomi Xiaomi 14 Ultra 512GB Green (Refurbished Grade A),Xiaomi,Phone,Refurbished Grade A
P03751,Xiaomi Xiaomi 14 Ultra 512GB Green (Refurbished Grade B),Xiaomi,Phone,Refurbished Grade B
P03752,Xiaomi Xiaomi 14 Ultra 512GB Green (Open Box),Xiaomi,Phone,Open Box
P03753,Xiaomi Xiaomi 14 Ultra 512GB Titanium,Xiaomi,Phone,New
P03754,Xiaomi Xiaomi 14 Ultra 512GB Titanium (Refurbished Grade A),Xiaomi,Phone,Refurbished Grade A
P03755,Xiaomi Xiaomi 14 Ultra 512GB Titanium (Refurbished Grade B),Xiaomi,Phone,Refurbished Grade B
P03756,Xiaomi Xiaomi 14 Ultra 512GB Titanium (Open Box),Xiaomi,Phone,Open Box
P03757,Xiaomi Xiaomi 14 Ultra 1TB Black,Xiaomi,Phone,New
P03758,Xiaomi Xiaomi 14 Ultra 1TB Black (Refurbished Grade A),Xiaomi,Phone,Refurbished Grade A
P03759,Xiaomi Xiaomi 14 Ultra 1TB Black (Refurbished Grade B),Xiaomi,Phone,Refurbished Grade B
P03760,Xiaomi Xiaomi 14 Ultra 1TB Black (Open Box),Xiaomi,Phone,Open Box
P03761,Xiaomi Xiaomi 14 Ultra 1TB White,Xiaomi,Phone,New
P03762,Xiaomi Xiaomi 14 Ultra 1TB White (Refurbished Grade A),Xiaomi,Phone,Refurbished Grade A
P03763,Xiaomi Xiaomi 14 Ultra 1TB White (Refurbished Grade B),Xiaomi,Phone,Refurbished Grade B
P03764,Xiaomi Xiaomi 14 Ultra 1TB White (Open Box),Xiaomi,Phone,Open Box
P03765,Xiaomi Xiaomi 14 Ultra 1TB Blue,Xiaomi,Phone,New
P03766,Xiaomi Xiaomi 14 Ultra 1TB Blue (Refurbished Grade A),Xiaomi,Phone,Refurbished Grade A
P03767,Xiaomi Xiaomi 14 Ultra 1TB Blue (Refurbished Grade B),Xiaomi,Phone,Refurbished Grade B
P03768,Xiaomi Xiaomi 14 Ultra 1TB Blue (Open Box),Xiaomi,Phone,Open Box
P03769,Xiaomi Xiaomi 14 Ultra 1TB Green,Xiaomi,Phone,New
P03770,Xiaomi Xiaomi 14 Ultra 1TB Green (Refurbished Grade A),Xiaomi,Phone,Refurbished Grade A
P03771,Xiaomi Xiaomi 14 Ultra 1TB Green (Refurbished Grade B),Xiaomi,Phone,Refurbished Grade B
P03772,Xiaomi Xiaomi 14 Ultra 1TB Green (Open Box),Xiaomi,Phone,Open Box
P03773,Xiaomi Xiaomi 14 Ultra 1TB Titanium,Xiaomi,Phone,New
P03774,Xiaomi Xiaomi 14 Ultra 1TB Titanium (Refurbished Grade A),Xiaomi,Phone,Refurbished Grade A
P03775,Xiaomi Xiaomi 14 Ultra 1TB Titanium (Refurbished Grade B),Xiaomi,Phone,Refurbished Grade B
P03776,Xiaomi Xiaomi 14 Ultra 1TB Titanium (Open Box),Xiaomi,Phone,Open Box
P03777,Xiaomi Redmi Note 13 Pro 128GB Black,Xiaomi,Phone,New
P03778,Xiaomi Redmi Note 13 Pro 128GB Black (Refurbished Grade A),Xiaomi,Phone,Refurbished Grade A
P03779,Xiaomi Redmi Note 13 Pro 128GB Black (Refurbished Grade B),Xiaomi,Phone,Refurbished Grade B
P03780,Xiaomi Redmi Note 13 Pro 128GB Black (Open Box),Xiaomi,Phone,Open Box
P03781,Xiaomi Redmi Note 13 Pro 128GB White,Xiaomi,Phone,New
P03782,Xiaomi Redmi Note 13 Pro 128GB White (Refurbished Grade A),Xiaomi,Phone,Refurbished Grade A
P03783,Xiaomi Redmi Note 13 Pro 128GB White (Refurbished Grade B),Xiaomi,Phone,Refurbished Grade B
P03784,Xiaomi Redmi Note 13 Pro 128GB White (Open Box),Xiaomi,Phone,Open Box
P03785,Xiaomi Redmi Note 13 Pro 128GB Blue,Xiaomi,Phone,New
P03786,Xiaomi Redmi Note 13 Pro 128GB Blue (Refurbished Grade A),Xiaomi,Phone,Refurbished Grade A
P03787,Xiaomi Redmi Note 13 Pro 128GB Blue (Refurbished Grade B),Xiaomi,Phone,Refurbished Grade B
P03788,Xiaomi Redmi Note 13 Pro 128GB Blue (Open Box),Xiaomi,Phone,Open Box
P03789,Xiaomi Redmi Note 13 Pro 128GB Green,Xiaomi,Phone,New
P03790,Xiaomi Redmi Note 13 Pro 128GB Green (Refurbished Grade A),Xiaomi,Phone,Refurbished Grade A
P03791,Xiaomi Redmi Note 13 Pro 128GB Green (Refurbished Grade B),Xiaomi,Phone,Refurbished Grade B
P03792,Xiaomi Redmi Note 13 Pro 128GB Green (Open Box),Xiaomi,Phone,Open Box
P03793,Xiaomi Redmi Note 13 Pro 128GB Titanium,Xiaomi,Phone,New
P03794,Xiaomi Redmi Note 13 Pro 128GB Titanium (Refurbished Grade A),Xiaomi,Phone,Refurbished Grade A
P03795,Xiaomi Redmi Note 13 Pro 128GB Titanium (Refurbished Grade B),Xiaomi,Phone,Refurbished Grade B
P03796,Xiaomi Redmi Note 13 Pro 128GB Titanium (Open Box),Xiaomi,Phone,Open Box
P03797,Xiaomi Redmi Note 13 Pro 256GB Black,Xiaomi,Phone,New
P03798,Xiaomi Redmi Note 13 Pro 256GB Black (Refurbished Grade A),Xiaomi,Phone,Refurbished Grade A
P03799,Xiaomi Redmi Note 13 Pro 256GB Black (Refurbished Grade B),Xiaomi,Phone,Refurbished Grade B
P03800,Xiaomi Redmi Note 13 Pro 256GB Black (Open Box),Xiaomi,Phone,Open Box
P03801,Xiaomi Redmi Note 13 Pro 256GB White,Xiaomi,Phone,New
P03802,Xiaomi Redmi Note 13 Pro 256GB White (Refurbished Grade A),Xiaomi,Phone,Refurbished Grade A
P03803,Xiaomi Redmi Note 13 Pro 256GB White (Refurbished Grade B),Xiaomi,Phone,Refurbished Grade B
P03804,Xiaomi Redmi Note 13 Pro 256GB White (Open Box),Xiaomi,Phone,Open Box
P03805,Xiaomi Redmi Note 13 Pro 256GB Blue,Xiaomi,Phone,New
P03806,Xiaomi Redmi Note 13 Pro 256GB Blue (Refurbished Grade A),Xiaomi,Phone,Refurbished Grade A
P03807,Xiaomi Redmi Note 13 Pro 256GB Blue (Refurbished Grade B),Xiaomi,Phone,Refurbished Grade B
P03808,Xiaomi Redmi Note 13 Pro 256GB Blue (Open Box),Xiaomi,Phone,Open Box
P03809,Xiaomi Redmi Note 13 Pro 256GB Green,Xiaomi,Phone,New
P03810,Xiaomi Redmi Note 13 Pro 256GB Green (Refurbished Grade A),Xiaomi,Phone,Refurbished Grade A
P03811,Xiaomi Redmi Note 13 Pro 256GB Green (Refurbished Grade B),Xiaomi,Phone,Refurbished Grade B
P03812,Xiaomi Redmi Note 13 Pro 256GB Green (Open Box),Xiaomi,Phone,Open Box
P03813,Xiaomi Redmi Note 13 Pro 256GB Titanium,Xiaomi,Phone,New
P03814,Xiaomi Redmi Note 13 Pro 256GB Titanium (Refurbished Grade A),Xiaomi,Phone,Refurbished Grade A
P03815,Xiaomi Redmi Note 13 Pro 256GB Titanium (Refurbished Grade B),Xiaomi,Phone,Refurbished Grade B
P03816,Xiaomi Redmi Note 13 Pro 256GB Titanium (Open Box),Xiaomi,Phone,Open Box
P03817,Xiaomi Redmi Note 13 Pro 512GB Black,Xiaomi,Phone,New
P03818,Xiaomi Redmi Note 13 Pro 512GB Black (Refurbished Grade A),Xiaomi,Phone,Refurbished Grade A
P03819,Xiaomi Redmi Note 13 Pro 512GB Black (Refurbished Grade B),Xiaomi,Phone,Refurbished Grade B
P03820,Xiaomi Redmi Note 13 Pro 512GB Black (Open Box),Xiaomi,Phone,Open Box
P03821,Xiaomi Redmi Note 13 Pro 512GB White,Xiaomi,Phone,New
P03822,Xiaomi Redmi Note 13 Pro 512GB White (Refurbished Grade A),Xiaomi,Phone,Refurbished Grade A
P03823,Xiaomi Redmi Note 13 Pro 512GB White (Refurbished Grade B),Xiaomi,Phone,Refurbished Grade B
P03824,Xiaomi Redmi Note 13 Pro 512GB White (Open Box),Xiaomi,Phone,Open Box
P03825,Xiaomi Redmi Note 13 Pro 512GB Blue,Xiaomi,Phone,New
P03826,Xiaomi Redmi Note 13 Pro 512GB Blue (Refurbished Grade A),Xiaomi,Phone,Refurbished Grade A
P03827,Xiaomi Redmi Note 13 Pro 512GB Blue (Refurbished Grade B),Xiaomi,Phone,Refurbished Grade B
P03828,Xiaomi Redmi Note 13 Pro 512GB Blue (Open Box),Xiaomi,Phone,Open Box
P03829,Xiaomi Redmi Note 13 Pro 512GB Green,Xiaomi,Phone,New
P03830,Xiaomi Redmi Note 13 Pro 512GB Green (Refurbished Grade A),Xiaomi,Phone,Refurbished Grade A
P03831,Xiaomi Redmi Note 13 Pro 512GB Green (Refurbished Grade B),Xiaomi,Phone,Refurbished Grade B
P03832,Xiaomi Redmi Note 13 Pro 512GB Green (Open Box),Xiaomi,Phone,Open Box
P03833,Xiaomi Redmi Note 13 Pro 512GB Titanium,Xiaomi,Phone,New
P03834,Xiaomi Redmi Note 13 Pro 512GB Titanium (Refurbished Grade A),Xiaomi,Phone,Refurbished Grade A
P03835,Xiaomi Redmi Note 13 Pro 512GB Titanium (Refurbished Grade B),Xiaomi,Phone,Refurbished Grade B
P03836,Xiaomi Redmi Note 13 Pro 512GB Titanium (Open Box),Xiaomi,Phone,Open Box
P03837,Xiaomi Redmi Note 13 Pro 1TB Black,Xiaomi,Phone,New
P03838,Xiaomi Redmi Note 13 Pro 1TB Black (Refurbished Grade A),Xiaomi,Phone,Refurbished Grade A
P03839,Xiaomi Redmi Note 13 Pro 1TB Black (Refurbished Grade B),Xiaomi,Phone,Refurbished Grade B
P03840,Xiaomi Redmi Note 13 Pro 1TB Black (Open Box),Xiaomi,Phone,Open Box
P03841,Xiaomi Redmi Note 13 Pro 1TB White,Xiaomi,Phone,New
P03842,Xiaomi Redmi Note 13 Pro 1TB White (Refurbished Grade A),Xiaomi,Phone,Refurbished Grade A
P03843,Xiaomi Redmi Note 13 Pro 1TB White (Refurbished Grade B),Xiaomi,Phone,Refurbished Grade B
P03844,Xiaomi Redmi Note 13 Pro 1TB White (Open Box),Xiaomi,Phone,Open Box
P03845,Xiaomi Redmi Note 13 Pro 1TB Blue,Xiaomi,Phone,New
P03846,Xiaomi Redmi Note 13 Pro 1TB Blue (Refurbished Grade A),Xiaomi,Phone,Refurbished Grade A
P03847,Xiaomi Redmi Note 13 Pro 1TB Blue (Refurbished Grade B),Xiaomi,Phone,Refurbished Grade B
P03848,Xiaomi Redmi Note 13 Pro 1TB Blue (Open Box),Xiaomi,Phone,Open Box
P03849,Xiaomi Redmi Note 13 Pro 1TB Green,Xiaomi,Phone,New
P03850,Xiaomi Redmi Note 13 Pro 1TB Green (Refurbished Grade A),Xiaomi,Phone,Refurbished Grade A
P03851,Xiaomi Redmi Note 13 Pro 1TB Green (Refurbished Grade B),Xiaomi,Phone,Refurbished Grade B
P03852,Xiaomi Redmi Note 13 Pro 1TB Green (Open Box),Xiaomi,Phone,Open Box
P03853,Xiaomi Redmi Note 13 Pro 1TB Titanium,Xiaomi,Phone,New
P03854,Xiaomi Redmi Note 13 Pro 1TB Titanium (Refurbished Grade A),Xiaomi,Phone,Refurbished Grade A
P03855,Xiaomi Redmi Note 13 Pro 1TB Titanium (Refurbished Grade B),Xiaomi,Phone,Refurbished Grade B
P03856,Xiaomi Redmi Note 13 Pro 1TB Titanium (Open Box),Xiaomi,Phone,Open Box
P03857,Sony WH-1000XM4 Black,Sony,Headphones,New
P03858,Sony WH-1000XM4 Black (Refurbished Grade A),Sony,Headphones,Refurbished Grade A
P03859,Sony WH-1000XM4 Black (Refurbished Grade B),Sony,Headphones,Refurbished Grade B
P03860,Sony WH-1000XM4 Black (Open Box),Sony,Headphones,Open Box
P03861,Sony WH-1000XM4 Silver,Sony,Headphones,New
P03862,Sony WH-1000XM4 Silver (Refurbished Grade A),Sony,Headphones,Refurbished Grade A
P03863,Sony WH-1000XM4 Silver (Refurbished Grade B),Sony,Headphones,Refurbished Grade B
P03864,Sony WH-1000XM4 Silver (Open Box),Sony,Headphones,Open Box
P03865,Sony WH-1000XM4 White,Sony,Headphones,New
P03866,Sony WH-1000XM4 White (Refurbished Grade A),Sony,Headphones,Refurbished Grade A
P03867,Sony WH-1000XM4 White (Refurbished Grade B),Sony,Headphones,Refurbished Grade B
P03868,Sony WH-1000XM4 White (Open Box),Sony,Headphones,Open Box
P03869,Sony WH-1000XM4 Blue,Sony,Headphones,New
P03870,Sony WH-1000XM4 Blue (Refurbished Grade A),Sony,Headphones,Refurbished Grade A
P03871,Sony WH-1000XM4 Blue (Refurbished Grade B),Sony,Headphones,Refurbished Grade B
P03872,Sony WH-1000XM4 Blue (Open Box),Sony,Headphones,Open Box
P03873,Sony WH-1000XM4 Sand,Sony,Headphones,New
P03874,Sony WH-1000XM4 Sand (Refurbished Grade A),Sony,Headphones,Refurbished Grade A
P03875,Sony WH-1000XM4 Sand (Refurbished Grade B),Sony,Headphones,Refurbished Grade B
P03876,Sony WH-1000XM4 Sand (Open Box),Sony,Headphones,Open Box
P03877,Sony WH-1000XM5 Black,Sony,Headphones,New
P03878,Sony WH-1000XM5 Black (Refurbished Grade A),Sony,Headphones,Refurbished Grade A
P03879,Sony WH-1000XM5 Black (Refurbished Grade B),Sony,Headphones,Refurbished Grade B
P03880,Sony WH-1000XM5 Black (Open Box),Sony,Headphones,Open Box
P03881,Sony WH-1000XM5 Silver,Sony,Headphones,New
P03882,Sony WH-1000XM5 Silver (Refurbished Grade A),Sony,Headphones,Refurbished Grade A
P03883,Sony WH-1000XM5 Silver (Refurbished Grade B),Sony,Headphones,Refurbished Grade B
P03884,Sony WH-1000XM5 Silver (Open Box),Sony,Headphones,Open Box
P03885,Sony WH-1000XM5 White,Sony,Headphones,New
P03886,Sony WH-1000XM5 White (Refurbished Grade A),Sony,Headphones,Refurbished Grade A
P03887,Sony WH-1000XM5 White (Refurbished Grade B),Sony,Headphones,Refurbished Grade B
P03888,Sony WH-1000XM5 White (Open Box),Sony,Headphones,Open Box
P03889,Sony WH-1000XM5 Blue,Sony,Headphones,New
P03890,Sony WH-1000XM5 Blue (Refurbished Grade A),Sony,Headphones,Refurbished Grade A
P03891,Sony WH-1000XM5 Blue (Refurbished Grade B),Sony,Headphones,Refurbished Grade B
P03892,Sony WH-1000XM5 Blue (Open Box),Sony,Headphones,Open Box
P03893,Sony WH-1000XM5 Sand,Sony,Headphones,New
P03894,Sony WH-1000XM5 Sand (Refurbished Grade A),Sony,Headphones,Refurbished Grade A
P03895,Sony WH-1000XM5 Sand (Refurbished Grade B),Sony,Headphones,Refurbished Grade B
P03896,Sony WH-1000XM5 Sand (Open Box),Sony,Headphones,Open Box
P03897,Sony WF-1000XM5 Black,Sony,Headphones,New
P03898,Sony WF-1000XM5 Black (Refurbished Grade A),Sony,Headphones,Refurbished Grade A
P03899,Sony WF-1000XM5 Black (Refurbished Grade B),Sony,Headphones,Refurbished Grade B
P03900,Sony WF-1000XM5 Black (Open Box),Sony,Headphones,Open Box
P03901,Sony WF-1000XM5 Silver,Sony,Headphones,New
P03902,Sony WF-1000XM5 Silver (Refurbished Grade A),Sony,Headphones,Refurbished Grade A
P03903,Sony WF-1000XM5 Silver (Refurbished Grade B),Sony,Headphones,Refurbished Grade B
P03904,Sony WF-1000XM5 Silver (Open Box),Sony,Headphones,Open Box
P03905,Sony WF-1000XM5 White,Sony,Headphones,New
P03906,Sony WF-1000XM5 White (Refurbished Grade A),Sony,Headphones,Refurbished Grade A
P03907,Sony WF-1000XM5 White (Refurbished Grade B),Sony,Headphones,Refurbished Grade B
P03908,Sony WF-1000XM5 White (Open Box),Sony,Headphones,Open Box
P03909,Sony WF-1000XM5 Blue,Sony,Headphones,New
P03910,Sony WF-1000XM5 Blue (Refurbished Grade A),Sony,Headphones,Refurbished Grade A
P03911,Sony WF-1000XM5 Blue (Refurbished Grade B),Sony,Headphones,Refurbished Grade B
P03912,Sony WF-1000XM5 Blue (Open Box),Sony,Headphones,Open Box
P03913,Sony WF-1000XM5 Sand,Sony,Headphones,New
P03914,Sony WF-1000XM5 Sand (Refurbished Grade A),Sony,Headphones,Refurbished Grade A
P03915,Sony WF-1000XM5 Sand (Refurbished Grade B),Sony,Headphones,Refurbished Grade B
P03916,Sony WF-1000XM5 Sand (Open Box),Sony,Headphones,Open Box
P03917,Sony ULT Wear Black,Sony,Headphones,New
P03918,Sony ULT Wear Black (Refurbished Grade A),Sony,Headphones,Refurbished Grade A
P03919,Sony ULT Wear Black (Refurbished Grade B),Sony,Headphones,Refurbished Grade B
P03920,Sony ULT Wear Black (Open Box),Sony,Headphones,Open Box
P03921,Sony ULT Wear Silver,Sony,Headphones,New
P03922,Sony ULT Wear Silver (Refurbished Grade A),Sony,Headphones,Refurbished Grade A
P03923,Sony ULT Wear Silver (Refurbished Grade B),Sony,Headphones,Refurbished Grade B
P03924,Sony ULT Wear Silver (Open Box),Sony,Headphones,Open Box
P03925,Sony ULT Wear White,Sony,Headphones,New
P03926,Sony ULT Wear White (Refurbished Grade A),Sony,Headphones,Refurbished Grade A
P03927,Sony ULT Wear White (Refurbished Grade B),Sony,Headphones,Refurbished Grade B
P03928,Sony ULT Wear White (Open Box),Sony,Headphones,Open Box
P03929,Sony ULT Wear Blue,Sony,Headphones,New
P03930,Sony ULT Wear Blue (Refurbished Grade A),Sony,Headphones,Refurbished Grade A
P03931,Sony ULT Wear Blue (Refurbished Grade B),Sony,Headphones,Refurbished Grade B
P03932,Sony ULT Wear Blue (Open Box),Sony,Headphones,Open Box
P03933,Sony ULT Wear Sand,Sony,Headphones,New
P03934,Sony ULT Wear Sand (Refurbished Grade A),Sony,Headphones,Refurbished Grade A
P03935,Sony ULT Wear Sand (Refurbished Grade B),Sony,Headphones,Refurbished Grade B
P03936,Sony ULT Wear Sand (Open Box),Sony,Headphones,Open Box
P03937,Bose QuietComfort Ultra Headphones Black,Bose,Headphones,New
P03938,Bose QuietComfort Ultra Headphones Black (Refurbished Grade A),Bose,Headphones,Refurbished Grade A
P03939,Bose QuietComfort Ultra Headphones Black (Refurbished Grade B),Bose,Headphones,Refurbished Grade B
P03940,Bose QuietComfort Ultra Headphones Black (Open Box),Bose,Headphones,Open Box
P03941,Bose QuietComfort Ultra Headphones Silver,Bose,Headphones,New
P03942,Bose QuietComfort Ultra Headphones Silver (Refurbished Grade A),Bose,Headphones,Refurbished Grade A
P03943,Bose QuietComfort Ultra Headphones Silver (Refurbished Grade B),Bose,Headphones,Refurbished Grade B
P03944,Bose QuietComfort Ultra Headphones Silver (Open Box),Bose,Headphones,Open Box
P03945,Bose QuietComfort Ultra Headphones White,Bose,Headphones,New
P03946,Bose QuietComfort Ultra Headphones White (Refurbished Grade A),Bose,Headphones,Refurbished Grade A
P03947,Bose QuietComfort Ultra Headphones White (Refurbished Grade B),Bose,Headphones,Refurbished Grade B
P03948,Bose QuietComfort Ultra Headphones White (Open Box),Bose,Headphones,Open Box
P03949,Bose QuietComfort Ultra Headphones Blue,Bose,Headphones,New
P03950,Bose QuietComfort Ultra Headphones Blue (Refurbished Grade A),Bose,Headphones,Refurbished Grade A
P03951,Bose QuietComfort Ultra Headphones Blue (Refurbished Grade B),Bose,Headphones,Refurbished Grade B
P03952,Bose QuietComfort Ultra Headphones Blue (Open Box),Bose,Headphones,Open Box
P03953,Bose QuietComfort Ultra Headphones Sand,Bose,Headphones,New
P03954,Bose QuietComfort Ultra Headphones Sand (Refurbished Grade A),Bose,Headphones,Refurbished Grade A
P03955,Bose QuietComfort Ultra Headphones Sand (Refurbished Grade B),Bose,Headphones,Refurbished Grade B
P03956,Bose QuietComfort Ultra Headphones Sand (Open Box),Bose,Headphones,Open Box
P03957,Bose QuietComfort 45 Black,Bose,Headphones,New
P03958,Bose QuietComfort 45 Black (Refurbished Grade A),Bose,Headphones,Refurbished Grade A
P03959,Bose QuietComfort 45 Black (Refurbished Grade B),Bose,Headphones,Refurbished Grade B
P03960,Bose QuietComfort 45 Black (Open Box),Bose,Headphones,Open Box
P03961,Bose QuietComfort 45 Silver,Bose,Headphones,New
P03962,Bose QuietComfort 45 Silver (Refurbished Grade A),Bose,Headphones,Refurbished Grade A
P03963,Bose QuietComfort 45 Silver (Refurbished Grade B),Bose,Headphones,Refurbished Grade B
P03964,Bose QuietComfort 45 Silver (Open Box),Bose,Headphones,Open Box
P03965,Bose QuietComfort 45 White,Bose,Headphones,New
P03966,Bose QuietComfort 45 White (Refurbished Grade A),Bose,Headphones,Refurbished Grade A
P03967,Bose QuietComfort 45 White (Refurbished Grade B),Bose,Headphones,Refurbished Grade B
P03968,Bose QuietComfort 45 White (Open Box),Bose,Headphones,Open Box
P03969,Bose QuietComfort 45 Blue,Bose,Headphones,New
P03970,Bose QuietComfort 45 Blue (Refurbished Grade A),Bose,Headphones,Refurbished Grade A
P03971,Bose QuietComfort 45 Blue (Refurbished Grade B),Bose,Headphones,Refurbished Grade B
P03972,Bose QuietComfort 45 Blue (Open Box),Bose,Headphones,Open Box
P03973,Bose QuietComfort 45 Sand,Bose,Headphones,New
P03974,Bose QuietComfort 45 Sand (Refurbished Grade A),Bose,Headphones,Refurbished Grade A
P03975,Bose QuietComfort 45 Sand (Refurbished Grade B),Bose,Headphones,Refurbished Grade B
P03976,Bose QuietComfort 45 Sand (Open Box),Bose,Headphones,Open Box
P03977,Bose QuietComfort Ultra Earbuds Black,Bose,Headphones,New
P03978,Bose QuietComfort Ultra Earbuds Black (Refurbished Grade A),Bose,Headphones,Refurbished Grade A
P03979,Bose QuietComfort Ultra Earbuds Black (Refurbished Grade B),Bose,Headphones,Refurbished Grade B
P03980,Bose QuietComfort Ultra Earbuds Black (Open Box),Bose,Headphones,Open Box
P03981,Bose QuietComfort Ultra Earbuds Silver,Bose,Headphones,New
P03982,Bose QuietComfort Ultra Earbuds Silver (Refurbished Grade A),Bose,Headphones,Refurbished Grade A
P03983,Bose QuietComfort Ultra Earbuds Silver (Refurbished Grade B),Bose,Headphones,Refurbished Grade B
P03984,Bose QuietComfort Ultra Earbuds Silver (Open Box),Bose,Headphones,Open Box
P03985,Bose QuietComfort Ultra Earbuds White,Bose,Headphones,New
P03986,Bose QuietComfort Ultra Earbuds White (Refurbished Grade A),Bose,Headphones,Refurbished Grade A
P03987,Bose QuietComfort Ultra Earbuds White (Refurbished Grade B),Bose,Headphones,Refurbished Grade B
P03988,Bose QuietComfort Ultra Earbuds White (Open Box),Bose,Headphones,Open Box
P03989,Bose QuietComfort Ultra Earbuds Blue,Bose,Headphones,New
P03990,Bose QuietComfort Ultra Earbuds Blue (Refurbished Grade A),Bose,Headphones,Refurbished Grade A
P03991,Bose QuietComfort Ultra Earbuds Blue (Refurbished Grade B),Bose,Headphones,Refurbished Grade B
P03992,Bose QuietComfort Ultra Earbuds Blue (Open Box),Bose,Headphones,Open Box
P03993,Bose QuietComfort Ultra Earbuds Sand,Bose,Headphones,New
P03994,Bose QuietComfort Ultra Earbuds Sand (Refurbished Grade A),Bose,Headphones,Refurbished Grade A
P03995,Bose QuietComfort Ultra Earbuds Sand (Refurbished Grade B),Bose,Headphones,Refurbished Grade B
P03996,Bose QuietComfort Ultra Earbuds Sand (Open Box),Bose,Headphones,Open Box
P03997,Apple AirPods Pro 2 Black,Apple,Headphones,New
P03998,Apple AirPods Pro 2 Black (Refurbished Grade A),Apple,Headphones,Refurbished Grade A
P03999,Apple AirPods Pro 2 Black (Refurbished Grade B),Apple,Headphones,Refurbished Grade B
P04000,Apple AirPods Pro 2 Black (Open Box),Apple,Headphones,Open Box
P04001,Apple AirPods Pro 2 Silver,Apple,Headphones,New
P04002,Apple AirPods Pro 2 Silver (Refurbished Grade A),Apple,Headphones,Refurbished Grade A
P04003,Apple AirPods Pro 2 Silver (Refurbished Grade B),Apple,Headphones,Refurbished Grade B
P04004,Apple AirPods Pro 2 Silver (Open Box),Apple,Headphones,Open Box
P04005,Apple AirPods Pro 2 White,Apple,Headphones,New
P04006,Apple AirPods Pro 2 White (Refurbished Grade A),Apple,Headphones,Refurbished Grade A
P04007,Apple AirPods Pro 2 White (Refurbished Grade B),Apple,Headphones,Refurbished Grade B
P04008,Apple AirPods Pro 2 White (Open Box),Apple,Headphones,Open Box
P04009,Apple AirPods Pro 2 Blue,Apple,Headphones,New
P04010,Apple AirPods Pro 2 Blue (Refurbished Grade A),Apple,Headphones,Refurbished Grade A
P04011,Apple AirPods Pro 2 Blue (Refurbished Grade B),Apple,Headphones,Refurbished Grade B
P04012,Apple AirPods Pro 2 Blue (Open Box),Apple,Headphones,Open Box
P04013,Apple AirPods Pro 2 Sand,Apple,Headphones,New
P04014,Apple AirPods Pro 2 Sand (Refurbished Grade A),Apple,Headphones,Refurbished Grade A
P04015,Apple AirPods Pro 2 Sand (Refurbished Grade B),Apple,Headphones,Refurbished Grade B
P04016,Apple AirPods Pro 2 Sand (Open Box),Apple,Headphones,Open Box
P04017,Apple AirPods 4 Black,Apple,Headphones,New
P04018,Apple AirPods 4 Black (Refurbished Grade A),Apple,Headphones,Refurbished Grade A
P04019,Apple AirPods 4 Black (Refurbished Grade B),Apple,Headphones,Refurbished Grade B
P04020,Apple AirPods 4 Black (Open Box),Apple,Headphones,Open Box
P04021,Apple AirPods 4 Silver,Apple,Headphones,New
P04022,Apple AirPods 4 Silver (Refurbished Grade A),Apple,Headphones,Refurbished Grade A
P04023,Apple AirPods 4 Silver (Refurbished Grade B),Apple,Headphones,Refurbished Grade B
P04024,Apple AirPods 4 Silver (Open Box),Apple,Headphones,Open Box
P04025,Apple AirPods 4 White,Apple,Headphones,New
P04026,Apple AirPods 4 White (Refurbished Grade A),Apple,Headphones,Refurbished Grade A
P04027,Apple AirPods 4 White (Refurbished Grade B),Apple,Headphones,Refurbished Grade B
P04028,Apple AirPods 4 White (Open Box),Apple,Headphones,Open Box
P04029,Apple AirPods 4 Blue,Apple,Headphones,New
P04030,Apple AirPods 4 Blue (Refurbished Grade A),Apple,Headphones,Refurbished Grade A
P04031,Apple AirPods 4 Blue (Refurbished Grade B),Apple,Headphones,Refurbished Grade B
P04032,Apple AirPods 4 Blue (Open Box),Apple,Headphones,Open Box
P04033,Apple AirPods 4 Sand,Apple,Headphones,New
P04034,Apple AirPods 4 Sand (Refurbished Grade A),Apple,Headphones,Refurbished Grade A
P04035,Apple AirPods 4 Sand (Refurbished Grade B),Apple,Headphones,Refurbished Grade B
P04036,Apple AirPods 4 Sand (Open Box),Apple,Headphones,Open Box
P04037,Apple AirPods Max Black,Apple,Headphones,New
P04038,Apple AirPods Max Black (Refurbished Grade A),Apple,Headphones,Refurbished Grade A
P04039,Apple AirPods Max Black (Refurbished Grade B),Apple,Headphones,Refurbished Grade B
P04040,Apple AirPods Max Black (Open Box),Apple,Headphones,Open Box
P04041,Apple AirPods Max Silver,Apple,Headphones,New
P04042,Apple AirPods Max Silver (Refurbished Grade A),Apple,Headphones,Refurbished Grade A
P04043,Apple AirPods Max Silver (Refurbished Grade B),Apple,Headphones,Refurbished Grade B
P04044,Apple AirPods Max Silver (Open Box),Apple,Headphones,Open Box
P04045,Apple AirPods Max White,Apple,Headphones,New
P04046,Apple AirPods Max White (Refurbished Grade A),Apple,Headphones,Refurbished Grade A
P04047,Apple AirPods Max White (Refurbished Grade B),Apple,Headphones,Refurbished Grade B
P04048,Apple AirPods Max White (Open Box),Apple,Headphones,Open Box
P04049,Apple AirPods Max Blue,Apple,Headphones,New
P04050,Apple AirPods Max Blue (Refurbished Grade A),Apple,Headphones,Refurbished Grade A
P04051,Apple AirPods Max Blue (Refurbished Grade B),Apple,Headphones,Refurbished Grade B
P04052,Apple AirPods Max Blue (Open Box),Apple,Headphones,Open Box
P04053,Apple AirPods Max Sand,Apple,Headphones,New
P04054,Apple AirPods Max Sand (Refurbished Grade A),Apple,Headphones,Refurbished Grade A
P04055,Apple AirPods Max Sand (Refurbished Grade B),Apple,Headphones,Refurbished Grade B
P04056,Apple AirPods Max Sand (Open Box),Apple,Headphones,Open Box
P04057,Sennheiser Momentum 4 Wireless Black,Sennheiser,Headphones,New
P04058,Sennheiser Momentum 4 Wireless Black (Refurbished Grade A),Sennheiser,Headphones,Refurbished Grade A
P04059,Sennheiser Momentum 4 Wireless Black (Refurbished Grade B),Sennheiser,Headphones,Refurbished Grade B
P04060,Sennheiser Momentum 4 Wireless Black (Open Box),Sennheiser,Headphones,Open Box
P04061,Sennheiser Momentum 4 Wireless Silver,Sennheiser,Headphones,New
P04062,Sennheiser Momentum 4 Wireless Silver (Refurbished Grade A),Sennheiser,Headphones,Refurbished Grade A
P04063,Sennheiser Momentum 4 Wireless Silver (Refurbished Grade B),Sennheiser,Headphones,Refurbished Grade B
P04064,Sennheiser Momentum 4 Wireless Silver (Open Box),Sennheiser,Headphones,Open Box
P04065,Sennheiser Momentum 4 Wireless White,Sennheiser,Headphones,New
P04066,Sennheiser Momentum 4 Wireless White (Refurbished Grade A),Sennheiser,Headphones,Refurbished Grade A
P04067,Sennheiser Momentum 4 Wireless White (Refurbished Grade B),Sennheiser,Headphones,Refurbished Grade B
P04068,Sennheiser Momentum 4 Wireless White (Open Box),Sennheiser,Headphones,Open Box
P04069,Sennheiser Momentum 4 Wireless Blue,Sennheiser,Headphones,New
P04070,Sennheiser Momentum 4 Wireless Blue (Refurbished Grade A),Sennheiser,Headphones,Refurbished Grade A
P04071,Sennheiser Momentum 4 Wireless Blue (Refurbished Grade B),Sennheiser,Headphones,Refurbished Grade B
P04072,Sennheiser Momentum 4 Wireless Blue (Open Box),Sennheiser,Headphones,Open Box
P04073,Sennheiser Momentum 4 Wireless Sand,Sennheiser,Headphones,New
P04074,Sennheiser Momentum 4 Wireless Sand (Refurbished Grade A),Sennheiser,Headphones,Refurbished Grade A
P04075,Sennheiser Momentum 4 Wireless Sand (Refurbished Grade B),Sennheiser,Headphones,Refurbished Grade B
P04076,Sennheiser Momentum 4 Wireless Sand (Open Box),Sennheiser,Headphones,Open Box
P04077,Sennheiser Momentum True Wireless 4 Black,Sennheiser,Headphones,New
P04078,Sennheiser Momentum True Wireless 4 Black (Refurbished Grade A),Sennheiser,Headphones,Refurbished Grade A
P04079,Sennheiser Momentum True Wireless 4 Black (Refurbished Grade B),Sennheiser,Headphones,Refurbished Grade B
P04080,Sennheiser Momentum True Wireless 4 Black (Open Box),Sennheiser,Headphones,Open Box
P04081,Sennheiser Momentum True Wireless 4 Silver,Sennheiser,Headphones,New
P04082,Sennheiser Momentum True Wireless 4 Silver (Refurbished Grade A),Sennheiser,Headphones,Refurbished Grade A
P04083,Sennheiser Momentum True Wireless 4 Silver (Refurbished Grade B),Sennheiser,Headphones,Refurbished Grade B
P04084,Sennheiser Momentum True Wireless 4 Silver (Open Box),Sennheiser,Headphones,Open Box
P04085,Sennheiser Momentum True Wireless 4 White,Sennheiser,Headphones,New
P04086,Sennheiser Momentum True Wireless 4 White (Refurbished Grade A),Sennheiser,Headphones,Refurbished Grade A
P04087,Sennheiser Momentum True Wireless 4 White (Refurbished Grade B),Sennheiser,Headphones,Refurbished Grade B
P04088,Sennheiser Momentum True Wireless 4 White (Open Box),Sennheiser,Headphones,Open Box
P04089,Sennheiser Momentum True Wireless 4 Blue,Sennheiser,Headphones,New
P04090,Sennheiser Momentum True Wireless 4 Blue (Refurbished Grade A),Sennheiser,Headphones,Refurbished Grade A
P04091,Sennheiser Momentum True Wireless 4 Blue (Refurbished Grade B),Sennheiser,Headphones,Refurbished Grade B
P04092,Sennheiser Momentum True Wireless 4 Blue (Open Box),Sennheiser,Headphones,Open Box
P04093,Sennheiser Momentum True Wireless 4 Sand,Sennheiser,Headphones,New
P04094,Sennheiser Momentum True Wireless 4 Sand (Refurbished Grade A),Sennheiser,Headphones,Refurbished Grade A
P04095,Sennheiser Momentum True Wireless 4 Sand (Refurbished Grade B),Sennheiser,Headphones,Refurbished Grade B
P04096,Sennheiser Momentum True Wireless 4 Sand (Open Box),Sennheiser,Headphones,Open Box
P04097,JBL Tune 770NC Black,JBL,Headphones,New
P04098,JBL Tune 770NC Black (Refurbished Grade A),JBL,Headphones,Refurbished Grade A
P04099,JBL Tune 770NC Black (Refurbished Grade B),JBL,Headphones,Refurbished Grade B
P04100,JBL Tune 770NC Black (Open Box),JBL,Headphones,Open Box
P04101,JBL Tune 770NC Silver,JBL,Headphones,New
P04102,JBL Tune 770NC Silver (Refurbished Grade A),JBL,Headphones,Refurbished Grade A
P04103,JBL Tune 770NC Silver (Refurbished Grade B),JBL,Headphones,Refurbished Grade B
P04104,JBL Tune 770NC Silver (Open Box),JBL,Headphones,Open Box
P04105,JBL Tune 770NC White,JBL,Headphones,New
P04106,JBL Tune 770NC White (Refurbished Grade A),JBL,Headphones,Refurbished Grade A
P04107,JBL Tune 770NC White (Refurbished Grade B),JBL,Headphones,Refurbished Grade B
P04108,JBL Tune 770NC White (Open Box),JBL,Headphones,Open Box
P04109,JBL Tune 770NC Blue,JBL,Headphones,New
P04110,JBL Tune 770NC Blue (Refurbished Grade A),JBL,Headphones,Refurbished Grade A
P04111,JBL Tune 770NC Blue (Refurbished Grade B),JBL,Headphones,Refurbished Grade B
P04112,JBL Tune 770NC Blue (Open Box),JBL,Headphones,Open Box
P04113,JBL Tune 770NC Sand,JBL,Headphones,New
P04114,JBL Tune 770NC Sand (Refurbished Grade A),JBL,Headphones,Refurbished Grade A
P04115,JBL Tune 770NC Sand (Refurbished Grade B),JBL,Headphones,Refurbished Grade B
P04116,JBL Tune 770NC Sand (Open Box),JBL,Headphones,Open Box
P04117,JBL Live 770NC Black,JBL,Headphones,New
P04118,JBL Live 770NC Black (Refurbished Grade A),JBL,Headphones,Refurbished Grade A
P04119,JBL Live 770NC Black (Refurbished Grade B),JBL,Headphones,Refurbished Grade B
P04120,JBL Live 770NC Black (Open Box),JBL,Headphones,Open Box
P04121,JBL Live 770NC Silver,JBL,Headphones,New
P04122,JBL Live 770NC Silver (Refurbished Grade A),JBL,Headphones,Refurbished Grade A
P04123,JBL Live 770NC Silver (Refurbished Grade B),JBL,Headphones,Refurbished Grade B
P04124,JBL Live 770NC Silver (Open Box),JBL,Headphones,Open Box
P04125,JBL Live 770NC White,JBL,Headphones,New
P04126,JBL Live 770NC White (Refurbished Grade A),JBL,Headphones,Refurbished Grade A
P04127,JBL Live 770NC White (Refurbished Grade B),JBL,Headphones,Refurbished Grade B
P04128,JBL Live 770NC White (Open Box),JBL,Headphones,Open Box
P04129,JBL Live 770NC Blue,JBL,Headphones,New
P04130,JBL Live 770NC Blue (Refurbished Grade A),JBL,Headphones,Refurbished Grade A
P04131,JBL Live 770NC Blue (Refurbished Grade B),JBL,Headphones,Refurbished Grade B
P04132,JBL Live 770NC Blue (Open Box),JBL,Headphones,Open Box
P04133,JBL Live 770NC Sand,JBL,Headphones,New
P04134,JBL Live 770NC Sand (Refurbished Grade A),JBL,Headphones,Refurbished Grade A
P04135,JBL Live 770NC Sand (Refurbished Grade B),JBL,Headphones,Refurbished Grade B
P04136,JBL Live 770NC Sand (Open Box),JBL,Headphones,Open Box
P04137,Dell UltraSharp U2724D with stand,Dell,Monitor,New
P04138,Dell UltraSharp U2724D with stand (Refurbished Grade A),Dell,Monitor,Refurbished Grade A
P04139,Dell UltraSharp U2724D with stand (Refurbished Grade B),Dell,Monitor,Refurbished Grade B
P04140,Dell UltraSharp U2724D with stand (Open Box),Dell,Monitor,Open Box
P04141,Dell UltraSharp U2724D VESA only,Dell,Monitor,New
P04142,Dell UltraSharp U2724D VESA only (Refurbished Grade A),Dell,Monitor,Refurbished Grade A
P04143,Dell UltraSharp U2724D VESA only (Refurbished Grade B),Dell,Monitor,Refurbished Grade B
P04144,Dell UltraSharp U2724D VESA only (Open Box),Dell,Monitor,Open Box
P04145,Dell UltraSharp U2724D with 3y warranty,Dell,Monitor,New
P04146,Dell UltraSharp U2724D with 3y warranty (Refurbished Grade A),Dell,Monitor,Refurbished Grade A
P04147,Dell UltraSharp U2724D with 3y warranty (Refurbished Grade B),Dell,Monitor,Refurbished Grade B
P04148,Dell UltraSharp U2724D with 3y warranty (Open Box),Dell,Monitor,Open Box
P04149,Dell UltraSharp U2723QE with stand,Dell,Monitor,New
P04150,Dell UltraSharp U2723QE with stand (Refurbished Grade A),Dell,Monitor,Refurbished Grade A
P04151,Dell UltraSharp U2723QE with stand (Refurbished Grade B),Dell,Monitor,Refurbished Grade B
P04152,Dell UltraSharp U2723QE with stand (Open Box),Dell,Monitor,Open Box
P04153,Dell UltraSharp U2723QE VESA only,Dell,Monitor,New
P04154,Dell UltraSharp U2723QE VESA only (Refurbished Grade A),Dell,Monitor,Refurbished Grade A
P04155,Dell UltraSharp U2723QE VESA only (Refurbished Grade B),Dell,Monitor,Refurbished Grade B
P04156,Dell UltraSharp U2723QE VESA only (Open Box),Dell,Monitor,Open Box
P04157,Dell UltraSharp U2723QE with 3y warranty,Dell,Monitor,New
P04158,Dell UltraSharp U2723QE with 3y warranty (Refurbished Grade A),Dell,Monitor,Refurbished Grade A
P04159,Dell UltraSharp U2723QE with 3y warranty (Refurbished Grade B),Dell,Monitor,Refurbished Grade B
P04160,Dell UltraSharp U2723QE with 3y warranty (Open Box),Dell,Monitor,Open Box
P04161,Dell UltraSharp U3223QE with stand,Dell,Monitor,New
P04162,Dell UltraSharp U3223QE with stand (Refurbished Grade A),Dell,Monitor,Refurbished Grade A
P04163,Dell UltraSharp U3223QE with stand (Refurbished Grade B),Dell,Monitor,Refurbished Grade B
P04164,Dell UltraSharp U3223QE with stand (Open Box),Dell,Monitor,Open Box
P04165,Dell UltraSharp U3223QE VESA only,Dell,Monitor,New
P04166,Dell UltraSharp U3223QE VESA only (Refurbished Grade A),Dell,Monitor,Refurbished Grade A
P04167,Dell UltraSharp U3223QE VESA only (Refurbished Grade B),Dell,Monitor,Refurbished Grade B
P04168,Dell UltraSharp U3223QE VESA only (Open Box),Dell,Monitor,Open Box
P04169,Dell UltraSharp U3223QE with 3y warranty,Dell,Monitor,New
P04170,Dell UltraSharp U3223QE with 3y warranty (Refurbished Grade A),Dell,Monitor,Refurbished Grade A
P04171,Dell UltraSharp U3223QE with 3y warranty (Refurbished Grade B),Dell,Monitor,Refurbished Grade B
P04172,Dell UltraSharp U3223QE with 3y warranty (Open Box),Dell,Monitor,Open Box
P04173,Dell S2721DS with stand,Dell,Monitor,New
P04174,Dell S2721DS with stand (Refurbished Grade A),Dell,Monitor,Refurbished Grade A
P04175,Dell S2721DS with stand (Refurbished Grade B),Dell,Monitor,Refurbished Grade B
P04176,Dell S2721DS with stand (Open Box),Dell,Monitor,Open Box
P04177,Dell S2721DS VESA only,Dell,Monitor,New
P04178,Dell S2721DS VESA only (Refurbished Grade A),Dell,Monitor,Refurbished Grade A
P04179,Dell S2721DS VESA only (Refurbished Grade B),Dell,Monitor,Refurbished Grade B
P04180,Dell S2721DS VESA only (Open Box),Dell,Monitor,Open Box
P04181,Dell S2721DS with 3y warranty,Dell,Monitor,New
P04182,Dell S2721DS with 3y warranty (Refurbished Grade A),Dell,Monitor,Refurbished Grade A
P04183,Dell S2721DS with 3y warranty (Refurbished Grade B),Dell,Monitor,Refurbished Grade B
P04184,Dell S2721DS with 3y warranty (Open Box),Dell,Monitor,Open Box
P04185,LG UltraGear 27GP850 with stand,LG,Monitor,New
P04186,LG UltraGear 27GP850 with stand (Refurbished Grade A),LG,Monitor,Refurbished Grade A
P04187,LG UltraGear 27GP850 with stand (Refurbished Grade B),LG,Monitor,Refurbished Grade B
P04188,LG UltraGear 27GP850 with stand (Open Box),LG,Monitor,Open Box
P04189,LG UltraGear 27GP850 VESA only,LG,Monitor,New
P04190,LG UltraGear 27GP850 VESA only (Refurbished Grade A),LG,Monitor,Refurbished Grade A
P04191,LG UltraGear 27GP850 VESA only (Refurbished Grade B),LG,Monitor,Refurbished Grade B
P04192,LG UltraGear 27GP850 VESA only (Open Box),LG,Monitor,Open Box
P04193,LG UltraGear 27GP850 with 3y warranty,LG,Monitor,New
P04194,LG UltraGear 27GP850 with 3y warranty (Refurbished Grade A),LG,Monitor,Refurbished Grade A
P04195,LG UltraGear 27GP850 with 3y warranty (Refurbished Grade B),LG,Monitor,Refurbished Grade B
P04196,LG UltraGear 27GP850 with 3y warranty (Open Box),LG,Monitor,Open Box
P04197,LG UltraGear 27GR95QE with stand,LG,Monitor,New
P04198,LG UltraGear 27GR95QE with stand (Refurbished Grade A),LG,Monitor,Refurbished Grade A
P04199,LG UltraGear 27GR95QE with stand (Refurbished Grade B),LG,Monitor,Refurbished Grade B
P04200,LG UltraGear 27GR95QE with stand (Open Box),LG,Monitor,Open Box
P04201,LG UltraGear 27GR95QE VESA only,LG,Monitor,New
P04202,LG UltraGear 27GR95QE VESA only (Refurbished Grade A),LG,Monitor,Refurbished Grade A
P04203,LG UltraGear 27GR95QE VESA only (Refurbished Grade B),LG,Monitor,Refurbished Grade B
P04204,LG UltraGear 27GR95QE VESA only (Open Box),LG,Monitor,Open Box
P04205,LG UltraGear 27GR95QE with 3y warranty,LG,Monitor,New
P04206,LG UltraGear 27GR95QE with 3y warranty (Refurbished Grade A),LG,Monitor,Refurbished Grade A
P04207,LG UltraGear 27GR95QE with 3y warranty (Refurbished Grade B),LG,Monitor,Refurbished Grade B
P04208,LG UltraGear 27GR95QE with 3y warranty (Open Box),LG,Monitor,Open Box
P04209,LG UltraFine 27UQ850 with stand,LG,Monitor,New
P04210,LG UltraFine 27UQ850 with stand (Refurbished Grade A),LG,Monitor,Refurbished Grade A
P04211,LG UltraFine 27UQ850 with stand (Refurbished Grade B),LG,Monitor,Refurbished Grade B
P04212,LG UltraFine 27UQ850 with stand (Open Box),LG,Monitor,Open Box
P04213,LG UltraFine 27UQ850 VESA only,LG,Monitor,New
P04214,LG UltraFine 27UQ850 VESA only (Refurbished Grade A),LG,Monitor,Refurbished Grade A
P04215,LG UltraFine 27UQ850 VESA only (Refurbished Grade B),LG,Monitor,Refurbished Grade B
P04216,LG UltraFine 27UQ850 VESA only (Open Box),LG,Monitor,Open Box
P04217,LG UltraFine 27UQ850 with 3y warranty,LG,Monitor,New
P04218,LG UltraFine 27UQ850 with 3y warranty (Refurbished Grade A),LG,Monitor,Refurbished Grade A
P04219,LG UltraFine 27UQ850 with 3y warranty (Refurbished Grade B),LG,Monitor,Refurbished Grade B
P04220,LG UltraFine 27UQ850 with 3y warranty (Open Box),LG,Monitor,Open Box
P04221,LG DualUp 28MQ780 with stand,LG,Monitor,New
P04222,LG DualUp 28MQ780 with stand (Refurbished Grade A),LG,Monitor,Refurbished Grade A
P04223,LG DualUp 28MQ780 with stand (Refurbished Grade B),LG,Monitor,Refurbished Grade B
P04224,LG DualUp 28MQ780 with stand (Open Box),LG,Monitor,Open Box
P04225,LG DualUp 28MQ780 VESA only,LG,Monitor,New
P04226,LG DualUp 28MQ780 VESA only (Refurbished Grade A),LG,Monitor,Refurbished Grade A
P04227,LG DualUp 28MQ780 VESA only (Refurbished Grade B),LG,Monitor,Refurbished Grade B
P04228,LG DualUp 28MQ780 VESA only (Open Box),LG,Monitor,Open Box
P04229,LG DualUp 28MQ780 with 3y warranty,LG,Monitor,New
P04230,LG DualUp 28MQ780 with 3y warranty (Refurbished Grade A),LG,Monitor,Refurbished Grade A
P04231,LG DualUp 28MQ780 with 3y warranty (Refurbished Grade B),LG,Monitor,Refurbished Grade B
P04232,LG DualUp 28MQ780 with 3y warranty (Open Box),LG,Monitor,Open Box
P04233,Samsung Odyssey G7 with stand,Samsung,Monitor,New
P04234,Samsung Odyssey G7 with stand (Refurbished Grade A),Samsung,Monitor,Refurbished Grade A
P04235,Samsung Odyssey G7 with stand (Refurbished Grade B),Samsung,Monitor,Refurbished Grade B
P04236,Samsung Odyssey G7 with stand (Open Box),Samsung,Monitor,Open Box
P04237,Samsung Odyssey G7 VESA only,Samsung,Monitor,New
P04238,Samsung Odyssey G7 VESA only (Refurbished Grade A),Samsung,Monitor,Refurbished Grade A
P04239,Samsung Odyssey G7 VESA only (Refurbished Grade B),Samsung,Monitor,Refurbished Grade B
P04240,Samsung Odyssey G7 VESA only (Open Box),Samsung,Monitor,Open Box
P04241,Samsung Odyssey G7 with 3y warranty,Samsung,Monitor,New
P04242,Samsung Odyssey G7 with 3y warranty (Refurbished Grade A),Samsung,Monitor,Refurbished Grade A
P04243,Samsung Odyssey G7 with 3y warranty (Refurbished Grade B),Samsung,Monitor,Refurbished Grade B
P04244,Samsung Odyssey G7 with 3y warranty (Open Box),Samsung,Monitor,Open Box
P04245,Samsung Odyssey OLED G9 with stand,Samsung,Monitor,New
P04246,Samsung Odyssey OLED G9 with stand (Refurbished Grade A),Samsung,Monitor,Refurbished Grade A
P04247,Samsung Odyssey OLED G9 with stand (Refurbished Grade B),Samsung,Monitor,Refurbished Grade B
P04248,Samsung Odyssey OLED G9 with stand (Open Box),Samsung,Monitor,Open Box
P04249,Samsung Odyssey OLED G9 VESA only,Samsung,Monitor,New
P04250,Samsung Odyssey OLED G9 VESA only (Refurbished Grade A),Samsung,Monitor,Refurbished Grade A
P04251,Samsung Odyssey OLED G9 VESA only (Refurbished Grade B),Samsung,Monitor,Refurbished Grade B
P04252,Samsung Odyssey OLED G9 VESA only (Open Box),Samsung,Monitor,Open Box
P04253,Samsung Odyssey OLED G9 with 3y warranty,Samsung,Monitor,New
P04254,Samsung Odyssey OLED G9 with 3y warranty (Refurbished Grade A),Samsung,Monitor,Refurbished Grade A
P04255,Samsung Odyssey OLED G9 with 3y warranty (Refurbished Grade B),Samsung,Monitor,Refurbished Grade B
P04256,Samsung Odyssey OLED G9 with 3y warranty (Open Box),Samsung,Monitor,Open Box
P04257,Samsung ViewFinity S8 with stand,Samsung,Monitor,New
P04258,Samsung ViewFinity S8 with stand (Refurbished Grade A),Samsung,Monitor,Refurbished Grade A
P04259,Samsung ViewFinity S8 with stand (Refurbished Grade B),Samsung,Monitor,Refurbished Grade B
P04260,Samsung ViewFinity S8 with stand (Open Box),Samsung,Monitor,Open Box
P04261,Samsung ViewFinity S8 VESA only,Samsung,Monitor,New
P04262,Samsung ViewFinity S8 VESA only (Refurbished Grade A),Samsung,Monitor,Refurbished Grade A
P04263,Samsung ViewFinity S8 VESA only (Refurbished Grade B),Samsung,Monitor,Refurbished Grade B
P04264,Samsung ViewFinity S8 VESA only (Open Box),Samsung,Monitor,Open Box
P04265,Samsung ViewFinity S8 with 3y warranty,Samsung,Monitor,New
P04266,Samsung ViewFinity S8 with 3y warranty (Refurbished Grade A),Samsung,Monitor,Refurbished Grade A
P04267,Samsung ViewFinity S8 with 3y warranty (Refurbished Grade B),Samsung,Monitor,Refurbished Grade B
P04268,Samsung ViewFinity S8 with 3y warranty (Open Box),Samsung,Monitor,Open Box
P04269,ASUS ProArt PA278QV with stand,ASUS,Monitor,New
P04270,ASUS ProArt PA278QV with stand (Refurbished Grade A),ASUS,Monitor,Refurbished Grade A
P04271,ASUS ProArt PA278QV with stand (Refurbished Grade B),ASUS,Monitor,Refurbished Grade B
P04272,ASUS ProArt PA278QV with stand (Open Box),ASUS,Monitor,Open Box
P04273,ASUS ProArt PA278QV VESA only,ASUS,Monitor,New
P04274,ASUS ProArt PA278QV VESA only (Refurbished Grade A),ASUS,Monitor,Refurbished Grade A
P04275,ASUS ProArt PA278QV VESA only (Refurbished Grade B),ASUS,Monitor,Refurbished Grade B
P04276,ASUS ProArt PA278QV VESA only (Open Box),ASUS,Monitor,Open Box
P04277,ASUS ProArt PA278QV with 3y warranty,ASUS,Monitor,New
P04278,ASUS ProArt PA278QV with 3y warranty (Refurbished Grade A),ASUS,Monitor,Refurbished Grade A
P04279,ASUS ProArt PA278QV with 3y warranty (Refurbished Grade B),ASUS,Monitor,Refurbished Grade B
P04280,ASUS ProArt PA278QV with 3y warranty (Open Box),ASUS,Monitor,Open Box
P04281,ASUS ROG Swift PG27AQDM with stand,ASUS,Monitor,New
P04282,ASUS ROG Swift PG27AQDM with stand (Refurbished Grade A),ASUS,Monitor,Refurbished Grade A
P04283,ASUS ROG Swift PG27AQDM with stand (Refurbished Grade B),ASUS,Monitor,Refurbished Grade B
P04284,ASUS ROG Swift PG27AQDM with stand (Open Box),ASUS,Monitor,Open Box
P04285,ASUS ROG Swift PG27AQDM VESA only,ASUS,Monitor,New
P04286,ASUS ROG Swift PG27AQDM VESA only (Refurbished Grade A),ASUS,Monitor,Refurbished Grade A
P04287,ASUS ROG Swift PG27AQDM VESA only (Refurbished Grade B),ASUS,Monitor,Refurbished Grade B
P04288,ASUS ROG Swift PG27AQDM VESA only (Open Box),ASUS,Monitor,Open Box
P04289,ASUS ROG Swift PG27AQDM with 3y warranty,ASUS,Monitor,New
P04290,ASUS ROG Swift PG27AQDM with 3y warranty (Refurbished Grade A),ASUS,Monitor,Refurbished Grade A
P04291,ASUS ROG Swift PG27AQDM with 3y warranty (Refurbished Grade B),ASUS,Monitor,Refurbished Grade B
P04292,ASUS ROG Swift PG27AQDM with 3y warranty (Open Box),ASUS,Monitor,Open Box
P04293,BenQ PD2705U with stand,BenQ,Monitor,New
P04294,BenQ PD2705U with stand (Refurbished Grade A),BenQ,Monitor,Refurbished Grade A
P04295,BenQ PD2705U with stand (Refurbished Grade B),BenQ,Monitor,Refurbished Grade B
P04296,BenQ PD2705U with stand (Open Box),BenQ,Monitor,Open Box
P04297,BenQ PD2705U VESA only,BenQ,Monitor,New
P04298,BenQ PD2705U VESA only (Refurbished Grade A),BenQ,Monitor,Refurbished Grade A
P04299,BenQ PD2705U VESA only (Refurbished Grade B),BenQ,Monitor,Refurbished Grade B
P04300,BenQ PD2705U VESA only (Open Box),BenQ,Monitor,Open Box
P04301,BenQ PD2705U with 3y warranty,BenQ,Monitor,New
P04302,BenQ PD2705U with 3y warranty (Refurbished Grade A),BenQ,Monitor,Refurbished Grade A
P04303,BenQ PD2705U with 3y warranty (Refurbished Grade B),BenQ,Monitor,Refurbished Grade B
P04304,BenQ PD2705U with 3y warranty (Open Box),BenQ,Monitor,Open Box
P04305,BenQ MOBIUZ EX2710Q with stand,BenQ,Monitor,New
P04306,BenQ MOBIUZ EX2710Q with stand (Refurbished Grade A),BenQ,Monitor,Refurbished Grade A
P04307,BenQ MOBIUZ EX2710Q with stand (Refurbished Grade B),BenQ,Monitor,Refurbished Grade B
P04308,BenQ MOBIUZ EX2710Q with stand (Open Box),BenQ,Monitor,Open Box
P04309,BenQ MOBIUZ EX2710Q VESA only,BenQ,Monitor,New
P04310,BenQ MOBIUZ EX2710Q VESA only (Refurbished Grade A),BenQ,Monitor,Refurbished Grade A
P04311,BenQ MOBIUZ EX2710Q VESA only (Refurbished Grade B),BenQ,Monitor,Refurbished Grade B
P04312,BenQ MOBIUZ EX2710Q VESA only (Open Box),BenQ,Monitor,Open Box
P04313,BenQ MOBIUZ EX2710Q with 3y warranty,BenQ,Monitor,New
P04314,BenQ MOBIUZ EX2710Q with 3y warranty (Refurbished Grade A),BenQ,Monitor,Refurbished Grade A
P04315,BenQ MOBIUZ EX2710Q with 3y warranty (Refurbished Grade B),BenQ,Monitor,Refurbished Grade B
P04316,BenQ MOBIUZ EX2710Q with 3y warranty (Open Box),BenQ,Monitor,Open Box
P04317,Logitech MX Master 3S Graphite US layout,Logitech,Accessory,New
P04318,Logitech MX Master 3S Graphite US layout (Refurbished Grade A),Logitech,Accessory,Refurbished Grade A
P04319,Logitech MX Master 3S Graphite US layout (Refurbished Grade B),Logitech,Accessory,Refurbished Grade B
P04320,Logitech MX Master 3S Graphite US layout (Open Box),Logitech,Accessory,Open Box
P04321,Logitech MX Master 3S Graphite Nordic layout,Logitech,Accessory,New
P04322,Logitech MX Master 3S Graphite Nordic layout (Refurbished Grade A),Logitech,Accessory,Refurbished Grade A
P04323,Logitech MX Master 3S Graphite Nordic layout (Refurbished Grade B),Logitech,Accessory,Refurbished Grade B
P04324,Logitech MX Master 3S Graphite Nordic layout (Open Box),Logitech,Accessory,Open Box
P04325,Logitech MX Master 3S Graphite UK layout,Logitech,Accessory,New
P04326,Logitech MX Master 3S Graphite UK layout (Refurbished Grade A),Logitech,Accessory,Refurbished Grade A
P04327,Logitech MX Master 3S Graphite UK layout (Refurbished Grade B),Logitech,Accessory,Refurbished Grade B
P04328,Logitech MX Master 3S Graphite UK layout (Open Box),Logitech,Accessory,Open Box
P04329,Logitech MX Master 3S Pale Grey US layout,Logitech,Accessory,New
P04330,Logitech MX Master 3S Pale Grey US layout (Refurbished Grade A),Logitech,Accessory,Refurbished Grade A
P04331,Logitech MX Master 3S Pale Grey US layout (Refurbished Grade B),Logitech,Accessory,Refurbished Grade B
P04332,Logitech MX Master 3S Pale Grey US layout (Open Box),Logitech,Accessory,Open Box
P04333,Logitech MX Master 3S Pale Grey Nordic layout,Logitech,Accessory,New
P04334,Logitech MX Master 3S Pale Grey Nordic layout (Refurbished Grade A),Logitech,Accessory,Refurbished Grade A
P04335,Logitech MX Master 3S Pale Grey Nordic layout (Refurbished Grade B),Logitech,Accessory,Refurbished Grade B
P04336,Logitech MX Master 3S Pale Grey Nordic layout (Open Box),Logitech,Accessory,Open Box
P04337,Logitech MX Master 3S Pale Grey UK layout,Logitech,Accessory,New
P04338,Logitech MX Master 3S Pale Grey UK layout (Refurbished Grade A),Logitech,Accessory,Refurbished Grade A
P04339,Logitech MX Master 3S Pale Grey UK layout (Refurbished Grade B),Logitech,Accessory,Refurbished Grade B
P04340,Logitech MX Master 3S Pale Grey UK layout (Open Box),Logitech,Accessory,Open Box
P04341,Logitech MX Master 3S Black US layout,Logitech,Accessory,New
P04342,Logitech MX Master 3S Black US layout (Refurbished Grade A),Logitech,Accessory,Refurbished Grade A
P04343,Logitech MX Master 3S Black US layout (Refurbished Grade B),Logitech,Accessory,Refurbished Grade B
P04344,Logitech MX Master 3S Black US layout (Open Box),Logitech,Accessory,Open Box
P04345,Logitech MX Master 3S Black Nordic layout,Logitech,Accessory,New
P04346,Logitech MX Master 3S Black Nordic layout (Refurbished Grade A),Logitech,Accessory,Refurbished Grade A
P04347,Logitech MX Master 3S Black Nordic layout (Refurbished Grade B),Logitech,Accessory,Refurbished Grade B
P04348,Logitech MX Master 3S Black Nordic layout (Open Box),Logitech,Accessory,Open Box
P04349,Logitech MX Master 3S Black UK layout,Logitech,Accessory,New
P04350,Logitech MX Master 3S Black UK layout (Refurbished Grade A),Logitech,Accessory,Refurbished Grade A
P04351,Logitech MX Master 3S Black UK layout (Refurbished Grade B),Logitech,Accessory,Refurbished Grade B
P04352,Logitech MX Master 3S Black UK layout (Open Box),Logitech,Accessory,Open Box
P04353,Logitech MX Master 3S White US layout,Logitech,Accessory,New
P04354,Logitech MX Master 3S White US layout (Refurbished Grade A),Logitech,Accessory,Refurbished Grade A
P04355,Logitech MX Master 3S White US layout (Refurbished Grade B),Logitech,Accessory,Refurbished Grade B
P04356,Logitech MX Master 3S White US layout (Open Box),Logitech,Accessory,Open Box
P04357,Logitech MX Master 3S White Nordic layout,Logitech,Accessory,New
P04358,Logitech MX Master 3S White Nordic layout (Refurbished Grade A),Logitech,Accessory,Refurbished Grade A
P04359,Logitech MX Master 3S White Nordic layout (Refurbished Grade B),Logitech,Accessory,Refurbished Grade B
P04360,Logitech MX Master 3S White Nordic layout (Open Box),Logitech,Accessory,Open Box
P04361,Logitech MX Master 3S White UK layout,Logitech,Accessory,New
P04362,Logitech MX Master 3S White UK layout (Refurbished Grade A),Logitech,Accessory,Refurbished Grade A
P04363,Logitech MX Master 3S White UK layout (Refurbished Grade B),Logitech,Accessory,Refurbished Grade B
P04364,Logitech MX Master 3S White UK layout (Open Box),Logitech,Accessory,Open Box
P04365,Logitech MX Keys S Graphite US layout,Logitech,Accessory,New
P04366,Logitech MX Keys S Graphite US layout (Refurbished Grade A),Logitech,Accessory,Refurbished Grade A
P04367,Logitech MX Keys S Graphite US layout (Refurbished Grade B),Logitech,Accessory,Refurbished Grade B
P04368,Logitech MX Keys S Graphite US layout (Open Box),Logitech,Accessory,Open Box
P04369,Logitech MX Keys S Graphite Nordic layout,Logitech,Accessory,New
P04370,Logitech MX Keys S Graphite Nordic layout (Refurbished Grade A),Logitech,Accessory,Refurbished Grade A
P04371,Logitech MX Keys S Graphite Nordic layout (Refurbished Grade B),Logitech,Accessory,Refurbished Grade B
P04372,Logitech MX Keys S Graphite Nordic layout (Open Box),Logitech,Accessory,Open Box
P04373,Logitech MX Keys S Graphite UK layout,Logitech,Accessory,New
P04374,Logitech MX Keys S Graphite UK layout (Refurbished Grade A),Logitech,Accessory,Refurbished Grade A
P04375,Logitech MX Keys S Graphite UK layout (Refurbished Grade B),Logitech,Accessory,Refurbished Grade B
P04376,Logitech MX Keys S Graphite UK layout (Open Box),Logitech,Accessory,Open Box
P04377,Logitech MX Keys S Pale Grey US layout,Logitech,Accessory,New
P04378,Logitech MX Keys S Pale Grey US layout (Refurbished Grade A),Logitech,Accessory,Refurbished Grade A
P04379,Logitech MX Keys S Pale Grey US layout (Refurbished Grade B),Logitech,Accessory,Refurbished Grade B
P04380,Logitech MX Keys S Pale Grey US layout (Open Box),Logitech,Accessory,Open Box
P04381,Logitech MX Keys S Pale Grey Nordic layout,Logitech,Accessory,New
P04382,Logitech MX Keys S Pale Grey Nordic layout (Refurbished Grade A),Logitech,Accessory,Refurbished Grade A
P04383,Logitech MX Keys S Pale Grey Nordic layout (Refurbished Grade B),Logitech,Accessory,Refurbished Grade B
P04384,Logitech MX Keys S Pale Grey Nordic layout (Open Box),Logitech,Accessory,Open Box
P04385,Logitech MX Keys S Pale Grey UK layout,Logitech,Accessory,New
P04386,Logitech MX Keys S Pale Grey UK layout (Refurbished Grade A),Logitech,Accessory,Refurbished Grade A
P04387,Logitech MX Keys S Pale Grey UK layout (Refurbished Grade B),Logitech,Accessory,Refurbished Grade B
P04388,Logitech MX Keys S Pale Grey UK layout (Open Box),Logitech,Accessory,Open Box
P04389,Logitech MX Keys S Black US layout,Logitech,Accessory,New
P04390,Logitech MX Keys S Black US layout (Refurbished Grade A),Logitech,Accessory,Refurbished Grade A
P04391,Logitech MX Keys S Black US layout (Refurbished Grade B),Logitech,Accessory,Refurbished Grade B
P04392,Logitech MX Keys S Black US layout (Open Box),Logitech,Accessory,Open Box
P04393,Logitech MX Keys S Black Nordic layout,Logitech,Accessory,New
P04394,Logitech MX Keys S Black Nordic layout (Refurbished Grade A),Logitech,Accessory,Refurbished Grade A
P04395,Logitech MX Keys S Black Nordic layout (Refurbished Grade B),Logitech,Accessory,Refurbished Grade B
P04396,Logitech MX Keys S Black Nordic layout (Open Box),Logitech,Accessory,Open Box
P04397,Logitech MX Keys S Black UK layout,Logitech,Accessory,New
P04398,Logitech MX Keys S Black UK layout (Refurbished Grade A),Logitech,Accessory,Refurbished Grade A
P04399,Logitech MX Keys S Black UK layout (Refurbished Grade B),Logitech,Accessory,Refurbished Grade B
P04400,Logitech MX Keys S Black UK layout (Open Box),Logitech,Accessory,Open Box
P04401,Logitech MX Keys S White US layout,Logitech,Accessory,New
P04402,Logitech MX Keys S White US layout (Refurbished Grade A),Logitech,Accessory,Refurbished Grade A
P04403,Logitech MX Keys S White US layout (Refurbished Grade B),Logitech,Accessory,Refurbished Grade B
P04404,Logitech MX Keys S White US layout (Open Box),Logitech,Accessory,Open Box
P04405,Logitech MX Keys S White Nordic layout,Logitech,Accessory,New
P04406,Logitech MX Keys S White Nordic layout (Refurbished Grade A),Logitech,Accessory,Refurbished Grade A
P04407,Logitech MX Keys S White Nordic layout (Refurbished Grade B),Logitech,Accessory,Refurbished Grade B
P04408,Logitech MX Keys S White Nordic layout (Open Box),Logitech,Accessory,Open Box
P04409,Logitech MX Keys S White UK layout,Logitech,Accessory,New
P04410,Logitech MX Keys S White UK layout (Refurbished Grade A),Logitech,Accessory,Refurbished Grade A
P04411,Logitech MX Keys S White UK layout (Refurbished Grade B),Logitech,Accessory,Refurbished Grade B
P04412,Logitech MX Keys S White UK layout (Open Box),Logitech,Accessory,Open Box
P04413,Logitech MX Anywhere 3S Graphite US layout,Logitech,Accessory,New
P04414,Logitech MX Anywhere 3S Graphite US layout (Refurbished Grade A),Logitech,Accessory,Refurbished Grade A
P04415,Logitech MX Anywhere 3S Graphite US layout (Refurbished Grade B),Logitech,Accessory,Refurbished Grade B
P04416,Logitech MX Anywhere 3S Graphite US layout (Open Box),Logitech,Accessory,Open Box
P04417,Logitech MX Anywhere 3S Graphite Nordic layout,Logitech,Accessory,New
P04418,Logitech MX Anywhere 3S Graphite Nordic layout (Refurbished Grade A),Logitech,Accessory,Refurbished Grade A
P04419,Logitech MX Anywhere 3S Graphite Nordic layout (Refurbished Grade B),Logitech,Accessory,Refurbished Grade B
P04420,Logitech MX Anywhere 3S Graphite Nordic layout (Open Box),Logitech,Accessory,Open Box
P04421,Logitech MX Anywhere 3S Graphite UK layout,Logitech,Accessory,New
P04422,Logitech MX Anywhere 3S Graphite UK layout (Refurbished Grade A),Logitech,Accessory,Refurbished Grade A
P04423,Logitech MX Anywhere 3S Graphite UK layout (Refurbished Grade B),Logitech,Accessory,Refurbished Grade B
P04424,Logitech MX Anywhere 3S Graphite UK layout (Open Box),Logitech,Accessory,Open Box
P04425,Logitech MX Anywhere 3S Pale Grey US layout,Logitech,Accessory,New
P04426,Logitech MX Anywhere 3S Pale Grey US layout (Refurbished Grade A),Logitech,Accessory,Refurbished Grade A
P04427,Logitech MX Anywhere 3S Pale Grey US layout (Refurbished Grade B),Logitech,Accessory,Refurbished Grade B
P04428,Logitech MX Anywhere 3S Pale Grey US layout (Open Box),Logitech,Accessory,Open Box
P04429,Logitech MX Anywhere 3S Pale Grey Nordic layout,Logitech,Accessory,New
P04430,Logitech MX Anywhere 3S Pale Grey Nordic layout (Refurbished Grade A),Logitech,Accessory,Refurbished Grade A
P04431,Logitech MX Anywhere 3S Pale Grey Nordic layout (Refurbished Grade B),Logitech,Accessory,Refurbished Grade B
P04432,Logitech MX Anywhere 3S Pale Grey Nordic layout (Open Box),Logitech,Accessory,Open Box
P04433,Logitech MX Anywhere 3S Pale Grey UK layout,Logitech,Accessory,New
P04434,Logitech MX Anywhere 3S Pale Grey UK layout (Refurbished Grade A),Logitech,Accessory,Refurbished Grade A
P04435,Logitech MX Anywhere 3S Pale Grey UK layout (Refurbished Grade B),Logitech,Accessory,Refurbished Grade B
P04436,Logitech MX Anywhere 3S Pale Grey UK layout (Open Box),Logitech,Accessory,Open Box
P04437,Logitech MX Anywhere 3S Black US layout,Logitech,Accessory,New
P04438,Logitech MX Anywhere 3S Black US layout (Refurbished Grade A),Logitech,Accessory,Refurbished Grade A
P04439,Logitech MX Anywhere 3S Black US layout (Refurbished Grade B),Logitech,Accessory,Refurbished Grade B
P04440,Logitech MX Anywhere 3S Black US layout (Open Box),Logitech,Accessory,Open Box
P04441,Logitech MX Anywhere 3S Black Nordic layout,Logitech,Accessory,New
P04442,Logitech MX Anywhere 3S Black Nordic layout (Refurbished Grade A),Logitech,Accessory,Refurbished Grade A
P04443,Logitech MX Anywhere 3S Black Nordic layout (Refurbished Grade B),Logitech,Accessory,Refurbished Grade B
P04444,Logitech MX Anywhere 3S Black Nordic layout (Open Box),Logitech,Accessory,Open Box
P04445,Logitech MX Anywhere 3S Black UK layout,Logitech,Accessory,New
P04446,Logitech MX Anywhere 3S Black UK layout (Refurbished Grade A),Logitech,Accessory,Refurbished Grade A
P04447,Logitech MX Anywhere 3S Black UK layout (Refurbished Grade B),Logitech,Accessory,Refurbished Grade B
P04448,Logitech MX Anywhere 3S Black UK layout (Open Box),Logitech,Accessory,Open Box
P04449,Logitech MX Anywhere 3S White US layout,Logitech,Accessory,New
P04450,Logitech MX Anywhere 3S White US layout (Refurbished Grade A),Logitech,Accessory,Refurbished Grade A
P04451,Logitech MX Anywhere 3S White US layout (Refurbished Grade B),Logitech,Accessory,Refurbished Grade B
P04452,Logitech MX Anywhere 3S White US layout (Open Box),Logitech,Accessory,Open Box
P04453,Logitech MX Anywhere 3S White Nordic layout,Logitech,Accessory,New
P04454,Logitech MX Anywhere 3S White Nordic layout (Refurbished Grade A),Logitech,Accessory,Refurbished Grade A
P04455,Logitech MX Anywhere 3S White Nordic layout (Refurbished Grade B),Logitech,Accessory,Refurbished Grade B
P04456,Logitech MX Anywhere 3S White Nordic layout (Open Box),Logitech,Accessory,Open Box
P04457,Logitech MX Anywhere 3S White UK layout,Logitech,Accessory,New
P04458,Logitech MX Anywhere 3S White UK layout (Refurbished Grade A),Logitech,Accessory,Refurbished Grade A
P04459,Logitech MX Anywhere 3S White UK layout (Refurbished Grade B),Logitech,Accessory,Refurbished Grade B
P04460,Logitech MX Anywhere 3S White UK layout (Open Box),Logitech,Accessory,Open Box
P04461,Logitech G Pro X Superlight 2 Graphite US layout,Logitech,Accessory,New
P04462,Logitech G Pro X Superlight 2 Graphite US layout (Refurbished Grade A),Logitech,Accessory,Refurbished Grade A
P04463,Logitech G Pro X Superlight 2 Graphite US layout (Refurbished Grade B),Logitech,Accessory,Refurbished Grade B
P04464,Logitech G Pro X Superlight 2 Graphite US layout (Open Box),Logitech,Accessory,Open Box
P04465,Logitech G Pro X Superlight 2 Graphite Nordic layout,Logitech,Accessory,New
P04466,Logitech G Pro X Superlight 2 Graphite Nordic layout (Refurbished Grade A),Logitech,Accessory,Refurbished Grade A
P04467,Logitech G Pro X Superlight 2 Graphite Nordic layout (Refurbished Grade B),Logitech,Accessory,Refurbished Grade B
P04468,Logitech G Pro X Superlight 2 Graphite Nordic layout (Open Box),Logitech,Accessory,Open Box
P04469,Logitech G Pro X Superlight 2 Graphite UK layout,Logitech,Accessory,New
P04470,Logitech G Pro X Superlight 2 Graphite UK layout (Refurbished Grade A),Logitech,Accessory,Refurbished Grade A
P04471,Logitech G Pro X Superlight 2 Graphite UK layout (Refurbished Grade B),Logitech,Accessory,Refurbished Grade B
P04472,Logitech G Pro X Superlight 2 Graphite UK layout (Open Box),Logitech,Accessory,Open Box
P04473,Logitech G Pro X Superlight 2 Pale Grey US layout,Logitech,Accessory,New
P04474,Logitech G Pro X Superlight 2 Pale Grey US layout (Refurbished Grade A),Logitech,Accessory,Refurbished Grade A
P04475,Logitech G Pro X Superlight 2 Pale Grey US layout (Refurbished Grade B),Logitech,Accessory,Refurbished Grade B
P04476,Logitech G Pro X Superlight 2 Pale Grey US layout (Open Box),Logitech,Accessory,Open Box
P04477,Logitech G Pro X Superlight 2 Pale Grey Nordic layout,Logitech,Accessory,New
P04478,Logitech G Pro X Superlight 2 Pale Grey Nordic layout (Refurbished Grade A),Logitech,Accessory,Refurbished Grade A
P04479,Logitech G Pro X Superlight 2 Pale Grey Nordic layout (Refurbished Grade B),Logitech,Accessory,Refurbished Grade B
P04480,Logitech G Pro X Superlight 2 Pale Grey Nordic layout (Open Box),Logitech,Accessory,Open Box
P04481,Logitech G Pro X Superlight 2 Pale Grey UK layout,Logitech,Accessory,New
P04482,Logitech G Pro X Superlight 2 Pale Grey UK layout (Refurbished Grade A),Logitech,Accessory,Refurbished Grade A
P04483,Logitech G Pro X Superlight 2 Pale Grey UK layout (Refurbished Grade B),Logitech,Accessory,Refurbished Grade B
P04484,Logitech G Pro X Superlight 2 Pale Grey UK layout (Open Box),Logitech,Accessory,Open Box
P04485,Logitech G Pro X Superlight 2 Black US layout,Logitech,Accessory,New
P04486,Logitech G Pro X Superlight 2 Black US layout (Refurbished Grade A),Logitech,Accessory,Refurbished Grade A
P04487,Logitech G Pro X Superlight 2 Black US layout (Refurbished Grade B),Logitech,Accessory,Refurbished Grade B
P04488,Logitech G Pro X Superlight 2 Black US layout (Open Box),Logitech,Accessory,Open Box
P04489,Logitech G Pro X Superlight 2 Black Nordic layout,Logitech,Accessory,New
P04490,Logitech G Pro X Superlight 2 Black Nordic layout (Refurbished Grade A),Logitech,Accessory,Refurbished Grade A
P04491,Logitech G Pro X Superlight 2 Black Nordic layout (Refurbished Grade B),Logitech,Accessory,Refurbished Grade B
P04492,Logitech G Pro X Superlight 2 Black Nordic layout (Open Box),Logitech,Accessory,Open Box
P04493,Logitech G Pro X Superlight 2 Black UK layout,Logitech,Accessory,New
P04494,Logitech G Pro X Superlight 2 Black UK layout (Refurbished Grade A),Logitech,Accessory,Refurbished Grade A
P04495,Logitech G Pro X Superlight 2 Black UK layout (Refurbished Grade B),Logitech,Accessory,Refurbished Grade B
P04496,Logitech G Pro X Superlight 2 Black UK layout (Open Box),Logitech,Accessory,Open Box
P04497,Logitech G Pro X Superlight 2 White US layout,Logitech,Accessory,New
P04498,Logitech G Pro X Superlight 2 White US layout (Refurbished Grade A),Logitech,Accessory,Refurbished Grade A
P04499,Logitech G Pro X Superlight 2 White US layout (Refurbished Grade B),Logitech,Accessory,Refurbished Grade B
P04500,Logitech G Pro X Superlight 2 White US layout (Open Box),Logitech,Accessory,Open Box
P04501,Logitech G Pro X Superlight 2 White Nordic layout,Logitech,Accessory,New
P04502,Logitech G Pro X Superlight 2 White Nordic layout (Refurbished Grade A),Logitech,Accessory,Refurbished Grade A
P04503,Logitech G Pro X Superlight 2 White Nordic layout (Refurbished Grade B),Logitech,Accessory,Refurbished Grade B
P04504,Logitech G Pro X Superlight 2 White Nordic layout (Open Box),Logitech,Accessory,Open Box
P04505,Logitech G Pro X Superlight 2 White UK layout,Logitech,Accessory,New
P04506,Logitech G Pro X Superlight 2 White UK layout (Refurbished Grade A),Logitech,Accessory,Refurbished Grade A
P04507,Logitech G Pro X Superlight 2 White UK layout (Refurbished Grade B),Logitech,Accessory,Refurbished Grade B
P04508,Logitech G Pro X Superlight 2 White UK layout (Open Box),Logitech,Accessory,Open Box
P04509,Logitech Lift Vertical Graphite US layout,Logitech,Accessory,New
P04510,Logitech Lift Vertical Graphite US layout (Refurbished Grade A),Logitech,Accessory,Refurbished Grade A
P04511,Logitech Lift Vertical Graphite US layout (Refurbished Grade B),Logitech,Accessory,Refurbished Grade B
P04512,Logitech Lift Vertical Graphite US layout (Open Box),Logitech,Accessory,Open Box
P04513,Logitech Lift Vertical Graphite Nordic layout,Logitech,Accessory,New
P04514,Logitech Lift Vertical Graphite Nordic layout (Refurbished Grade A),Logitech,Accessory,Refurbished Grade A
P04515,Logitech Lift Vertical Graphite Nordic layout (Refurbished Grade B),Logitech,Accessory,Refurbished Grade B
P04516,Logitech Lift Vertical Graphite Nordic layout (Open Box),Logitech,Accessory,Open Box
P04517,Logitech Lift Vertical Graphite UK layout,Logitech,Accessory,New
P04518,Logitech Lift Vertical Graphite UK layout (Refurbished Grade A),Logitech,Accessory,Refurbished Grade A
P04519,Logitech Lift Vertical Graphite UK layout (Refurbished Grade B),Logitech,Accessory,Refurbished Grade B
P04520,Logitech Lift Vertical Graphite UK layout (Open Box),Logitech,Accessory,Open Box
P04521,Logitech Lift Vertical Pale Grey US layout,Logitech,Accessory,New
P04522,Logitech Lift Vertical Pale Grey US layout (Refurbished Grade A),Logitech,Accessory,Refurbished Grade A
P04523,Logitech Lift Vertical Pale Grey US layout (Refurbished Grade B),Logitech,Accessory,Refurbished Grade B
P04524,Logitech Lift Vertical Pale Grey US layout (Open Box),Logitech,Accessory,Open Box
P04525,Logitech Lift Vertical Pale Grey Nordic layout,Logitech,Accessory,New
P04526,Logitech Lift Vertical Pale Grey Nordic layout (Refurbished Grade A),Logitech,Accessory,Refurbished Grade A
P04527,Logitech Lift Vertical Pale Grey Nordic layout (Refurbished Grade B),Logitech,Accessory,Refurbished Grade B
P04528,Logitech Lift Vertical Pale Grey Nordic layout (Open Box),Logitech,Accessory,Open Box
P04529,Logitech Lift Vertical Pale Grey UK layout,Logitech,Accessory,New
P04530,Logitech Lift Vertical Pale Grey UK layout (Refurbished Grade A),Logitech,Accessory,Refurbished Grade A
P04531,Logitech Lift Vertical Pale Grey UK layout (Refurbished Grade B),Logitech,Accessory,Refurbished Grade B
P04532,Logitech Lift Vertical Pale Grey UK layout (Open Box),Logitech,Accessory,Open Box
P04533,Logitech Lift Vertical Black US layout,Logitech,Accessory,New
P04534,Logitech Lift Vertical Black US layout (Refurbished Grade A),Logitech,Accessory,Refurbished Grade A
P04535,Logitech Lift Vertical Black US layout (Refurbished Grade B),Logitech,Accessory,Refurbished Grade B
P04536,Logitech Lift Vertical Black US layout (Open Box),Logitech,Accessory,Open Box
P04537,Logitech Lift Vertical Black Nordic layout,Logitech,Accessory,New
P04538,Logitech Lift Vertical Black Nordic layout (Refurbished Grade A),Logitech,Accessory,Refurbished Grade A
P04539,Logitech Lift Vertical Black Nordic layout (Refurbished Grade B),Logitech,Accessory,Refurbished Grade B
P04540,Logitech Lift Vertical Black Nordic layout (Open Box),Logitech,Accessory,Open Box
P04541,Logitech Lift Vertical Black UK layout,Logitech,Accessory,New
P04542,Logitech Lift Vertical Black UK layout (Refurbished Grade A),Logitech,Accessory,Refurbished Grade A
P04543,Logitech Lift Vertical Black UK layout (Refurbished Grade B),Logitech,Accessory,Refurbished Grade B
P04544,Logitech Lift Vertical Black UK layout (Open Box),Logitech,Accessory,Open Box
P04545,Logitech Lift Vertical White US layout,Logitech,Accessory,New
P04546,Logitech Lift Vertical White US layout (Refurbished Grade A),Logitech,Accessory,Refurbished Grade A
P04547,Logitech Lift Vertical White US layout (Refurbished Grade B),Logitech,Accessory,Refurbished Grade B
P04548,Logitech Lift Vertical White US layout (Open Box),Logitech,Accessory,Open Box
P04549,Logitech Lift Vertical White Nordic layout,Logitech,Accessory,New
P04550,Logitech Lift Vertical White Nordic layout (Refurbished Grade A),Logitech,Accessory,Refurbished Grade A
P04551,Logitech Lift Vertical White Nordic layout (Refurbished Grade B),Logitech,Accessory,Refurbished Grade B
P04552,Logitech Lift Vertical White Nordic layout (Open Box),Logitech,Accessory,Open Box
P04553,Logitech Lift Vertical White UK layout,Logitech,Accessory,New
P04554,Logitech Lift Vertical White UK layout (Refurbished Grade A),Logitech,Accessory,Refurbished Grade A
P04555,Logitech Lift Vertical White UK layout (Refurbished Grade B),Logitech,Accessory,Refurbished Grade B
P04556,Logitech Lift Vertical White UK layout (Open Box),Logitech,Accessory,Open Box
P04557,Apple Magic Keyboard Graphite US layout,Apple,Accessory,New
P04558,Apple Magic Keyboard Graphite US layout (Refurbished Grade A),Apple,Accessory,Refurbished Grade A
P04559,Apple Magic Keyboard Graphite US layout (Refurbished Grade B),Apple,Accessory,Refurbished Grade B
P04560,Apple Magic Keyboard Graphite US layout (Open Box),Apple,Accessory,Open Box
P04561,Apple Magic Keyboard Graphite Nordic layout,Apple,Accessory,New
P04562,Apple Magic Keyboard Graphite Nordic layout (Refurbished Grade A),Apple,Accessory,Refurbished Grade A
P04563,Apple Magic Keyboard Graphite Nordic layout (Refurbished Grade B),Apple,Accessory,Refurbished Grade B
P04564,Apple Magic Keyboard Graphite Nordic layout (Open Box),Apple,Accessory,Open Box
P04565,Apple Magic Keyboard Graphite UK layout,Apple,Accessory,New
P04566,Apple Magic Keyboard Graphite UK layout (Refurbished Grade A),Apple,Accessory,Refurbished Grade A
P04567,Apple Magic Keyboard Graphite UK layout (Refurbished Grade B),Apple,Accessory,Refurbished Grade B
P04568,Apple Magic Keyboard Graphite UK layout (Open Box),Apple,Accessory,Open Box
P04569,Apple Magic Keyboard Pale Grey US layout,Apple,Accessory,New
P04570,Apple Magic Keyboard Pale Grey US layout (Refurbished Grade A),Apple,Accessory,Refurbished Grade A
P04571,Apple Magic Keyboard Pale Grey US layout (Refurbished Grade B),Apple,Accessory,Refurbished Grade B
P04572,Apple Magic Keyboard Pale Grey US layout (Open Box),Apple,Accessory,Open Box
P04573,Apple Magic Keyboard Pale Grey Nordic layout,Apple,Accessory,New
P04574,Apple Magic Keyboard Pale Grey Nordic layout (Refurbished Grade A),Apple,Accessory,Refurbished Grade A
P04575,Apple Magic Keyboard Pale Grey Nordic layout (Refurbished Grade B),Apple,Accessory,Refurbished Grade B
P04576,Apple Magic Keyboard Pale Grey Nordic layout (Open Box),Apple,Accessory,Open Box
P04577,Apple Magic Keyboard Pale Grey UK layout,Apple,Accessory,New
P04578,Apple Magic Keyboard Pale Grey UK layout (Refurbished Grade A),Apple,Accessory,Refurbished Grade A
P04579,Apple Magic Keyboard Pale Grey UK layout (Refurbished Grade B),Apple,Accessory,Refurbished Grade B
P04580,Apple Magic Keyboard Pale Grey UK layout (Open Box),Apple,Accessory,Open Box
P04581,Apple Magic Keyboard Black US layout,Apple,Accessory,New
P04582,Apple Magic Keyboard Black US layout (Refurbished Grade A),Apple,Accessory,Refurbished Grade A
P04583,Apple Magic Keyboard Black US layout (Refurbished Grade B),Apple,Accessory,Refurbished Grade B
P04584,Apple Magic Keyboard Black US layout (Open Box),Apple,Accessory,Open Box
P04585,Apple Magic Keyboard Black Nordic layout,Apple,Accessory,New
P04586,Apple Magic Keyboard Black Nordic layout (Refurbished Grade A),Apple,Accessory,Refurbished Grade A
P04587,Apple Magic Keyboard Black Nordic layout (Refurbished Grade B),Apple,Accessory,Refurbished Grade B
P04588,Apple Magic Keyboard Black Nordic layout (Open Box),Apple,Accessory,Open Box
P04589,Apple Magic Keyboard Black UK layout,Apple,Accessory,New
P04590,Apple Magic Keyboard Black UK layout (Refurbished Grade A),Apple,Accessory,Refurbished Grade A
P04591,Apple Magic Keyboard Black UK layout (Refurbished Grade B),Apple,Accessory,Refurbished Grade B
P04592,Apple Magic Keyboard Black UK layout (Open Box),Apple,Accessory,Open Box
P04593,Apple Magic Keyboard White US layout,Apple,Accessory,New
P04594,Apple Magic Keyboard White US layout (Refurbished Grade A),Apple,Accessory,Refurbished Grade A
P04595,Apple Magic Keyboard White US layout (Refurbished Grade B),Apple,Accessory,Refurbished Grade B
P04596,Apple Magic Keyboard White US layout (Open Box),Apple,Accessory,Open Box
P04597,Apple Magic Keyboard White Nordic layout,Apple,Accessory,New
P04598,Apple Magic Keyboard White Nordic layout (Refurbished Grade A),Apple,Accessory,Refurbished Grade A
P04599,Apple Magic Keyboard White Nordic layout (Refurbished Grade B),Apple,Accessory,Refurbished Grade B
P04600,Apple Magic Keyboard White Nordic layout (Open Box),Apple,Accessory,Open Box
P04601,Apple Magic Keyboard White UK layout,Apple,Accessory,New
P04602,Apple Magic Keyboard White UK layout (Refurbished Grade A),Apple,Accessory,Refurbished Grade A
P04603,Apple Magic Keyboard White UK layout (Refurbished Grade B),Apple,Accessory,Refurbished Grade B
P04604,Apple Magic Keyboard White UK layout (Open Box),Apple,Accessory,Open Box
P04605,Apple Magic Mouse Graphite US layout,Apple,Accessory,New
P04606,Apple Magic Mouse Graphite US layout (Refurbished Grade A),Apple,Accessory,Refurbished Grade A
P04607,Apple Magic Mouse Graphite US layout (Refurbished Grade B),Apple,Accessory,Refurbished Grade B
P04608,Apple Magic Mouse Graphite US layout (Open Box),Apple,Accessory,Open Box
P04609,Apple Magic Mouse Graphite Nordic layout,Apple,Accessory,New
P04610,Apple Magic Mouse Graphite Nordic layout (Refurbished Grade A),Apple,Accessory,Refurbished Grade A
P04611,Apple Magic Mouse Graphite Nordic layout (Refurbished Grade B),Apple,Accessory,Refurbished Grade B
P04612,Apple Magic Mouse Graphite Nordic layout (Open Box),Apple,Accessory,Open Box
P04613,Apple Magic Mouse Graphite UK layout,Apple,Accessory,New
P04614,Apple Magic Mouse Graphite UK layout (Refurbished Grade A),Apple,Accessory,Refurbished Grade A
P04615,Apple Magic Mouse Graphite UK layout (Refurbished Grade B),Apple,Accessory,Refurbished Grade B
P04616,Apple Magic Mouse Graphite UK layout (Open Box),Apple,Accessory,Open Box
P04617,Apple Magic Mouse Pale Grey US layout,Apple,Accessory,New
P04618,Apple Magic Mouse Pale Grey US layout (Refurbished Grade A),Apple,Accessory,Refurbished Grade A
P04619,Apple Magic Mouse Pale Grey US layout (Refurbished Grade B),Apple,Accessory,Refurbished Grade B
P04620,Apple Magic Mouse Pale Grey US layout (Open Box),Apple,Accessory,Open Box
P04621,Apple Magic Mouse Pale Grey Nordic layout,Apple,Accessory,New
P04622,Apple Magic Mouse Pale Grey Nordic layout (Refurbished Grade A),Apple,Accessory,Refurbished Grade A
P04623,Apple Magic Mouse Pale Grey Nordic layout (Refurbished Grade B),Apple,Accessory,Refurbished Grade B
P04624,Apple Magic Mouse Pale Grey Nordic layout (Open Box),Apple,Accessory,Open Box
P04625,Apple Magic Mouse Pale Grey UK layout,Apple,Accessory,New
P04626,Apple Magic Mouse Pale Grey UK layout (Refurbished Grade A),Apple,Accessory,Refurbished Grade A
P04627,Apple Magic Mouse Pale Grey UK layout (Refurbished Grade B),Apple,Accessory,Refurbished Grade B
P04628,Apple Magic Mouse Pale Grey UK layout (Open Box),Apple,Accessory,Open Box
P04629,Apple Magic Mouse Black US layout,Apple,Accessory,New
P04630,Apple Magic Mouse Black US layout (Refurbished Grade A),Apple,Accessory,Refurbished Grade A
P04631,Apple Magic Mouse Black US layout (Refurbished Grade B),Apple,Accessory,Refurbished Grade B
P04632,Apple Magic Mouse Black US layout (Open Box),Apple,Accessory,Open Box
P04633,Apple Magic Mouse Black Nordic layout,Apple,Accessory,New
P04634,Apple Magic Mouse Black Nordic layout (Refurbished Grade A),Apple,Accessory,Refurbished Grade A
P04635,Apple Magic Mouse Black Nordic layout (Refurbished Grade B),Apple,Accessory,Refurbished Grade B
P04636,Apple Magic Mouse Black Nordic layout (Open Box),Apple,Accessory,Open Box
P04637,Apple Magic Mouse Black UK layout,Apple,Accessory,New
P04638,Apple Magic Mouse Black UK layout (Refurbished Grade A),Apple,Accessory,Refurbished Grade A
P04639,Apple Magic Mouse Black UK layout (Refurbished Grade B),Apple,Accessory,Refurbished Grade B
P04640,Apple Magic Mouse Black UK layout (Open Box),Apple,Accessory,Open Box
P04641,Apple Magic Mouse White US layout,Apple,Accessory,New
P04642,Apple Magic Mouse White US layout (Refurbished Grade A),Apple,Accessory,Refurbished Grade A
P04643,Apple Magic Mouse White US layout (Refurbished Grade B),Apple,Accessory,Refurbished Grade B
P04644,Apple Magic Mouse White US layout (Open Box),Apple,Accessory,Open Box
P04645,Apple Magic Mouse White Nordic layout,Apple,Accessory,New
P04646,Apple Magic Mouse White Nordic layout (Refurbished Grade A),Apple,Accessory,Refurbished Grade A
P04647,Apple Magic Mouse White Nordic layout (Refurbished Grade B),Apple,Accessory,Refurbished Grade B
P04648,Apple Magic Mouse White Nordic layout (Open Box),Apple,Accessory,Open Box
P04649,Apple Magic Mouse White UK layout,Apple,Accessory,New
P04650,Apple Magic Mouse White UK layout (Refurbished Grade A),Apple,Accessory,Refurbished Grade A
P04651,Apple Magic Mouse White UK layout (Refurbished Grade B),Apple,Accessory,Refurbished Grade B
P04652,Apple Magic Mouse White UK layout (Open Box),Apple,Accessory,Open Box
P04653,Apple Magic Trackpad Graphite US layout,Apple,Accessory,New
P04654,Apple Magic Trackpad Graphite US layout (Refurbished Grade A),Apple,Accessory,Refurbished Grade A
P04655,Apple Magic Trackpad Graphite US layout (Refurbished Grade B),Apple,Accessory,Refurbished Grade B
P04656,Apple Magic Trackpad Graphite US layout (Open Box),Apple,Accessory,Open Box
P04657,Apple Magic Trackpad Graphite Nordic layout,Apple,Accessory,New
P04658,Apple Magic Trackpad Graphite Nordic layout (Refurbished Grade A),Apple,Accessory,Refurbished Grade A
P04659,Apple Magic Trackpad Graphite Nordic layout (Refurbished Grade B),Apple,Accessory,Refurbished Grade B
P04660,Apple Magic Trackpad Graphite Nordic layout (Open Box),Apple,Accessory,Open Box
P04661,Apple Magic Trackpad Graphite UK layout,Apple,Accessory,New
P04662,Apple Magic Trackpad Graphite UK layout (Refurbished Grade A),Apple,Accessory,Refurbished Grade A
P04663,Apple Magic Trackpad Graphite UK layout (Refurbished Grade B),Apple,Accessory,Refurbished Grade B
P04664,Apple Magic Trackpad Graphite UK layout (Open Box),Apple,Accessory,Open Box
P04665,Apple Magic Trackpad Pale Grey US layout,Apple,Accessory,New
P04666,Apple Magic Trackpad Pale Grey US layout (Refurbished Grade A),Apple,Accessory,Refurbished Grade A
P04667,Apple Magic Trackpad Pale Grey US layout (Refurbished Grade B),Apple,Accessory,Refurbished Grade B
P04668,Apple Magic Trackpad Pale Grey US layout (Open Box),Apple,Accessory,Open Box
P04669,Apple Magic Trackpad Pale Grey Nordic layout,Apple,Accessory,New
P04670,Apple Magic Trackpad Pale Grey Nordic layout (Refurbished Grade A),Apple,Accessory,Refurbished Grade A
P04671,Apple Magic Trackpad Pale Grey Nordic layout (Refurbished Grade B),Apple,Accessory,Refurbished Grade B
P04672,Apple Magic Trackpad Pale Grey Nordic layout (Open Box),Apple,Accessory,Open Box
P04673,Apple Magic Trackpad Pale Grey UK layout,Apple,Accessory,New
P04674,Apple Magic Trackpad Pale Grey UK layout (Refurbished Grade A),Apple,Accessory,Refurbished Grade A
P04675,Apple Magic Trackpad Pale Grey UK layout (Refurbished Grade B),Apple,Accessory,Refurbished Grade B
P04676,Apple Magic Trackpad Pale Grey UK layout (Open Box),Apple,Accessory,Open Box
P04677,Apple Magic Trackpad Black US layout,Apple,Accessory,New
P04678,Apple Magic Trackpad Black US layout (Refurbished Grade A),Apple,Accessory,Refurbished Grade A
P04679,Apple Magic Trackpad Black US layout (Refurbished Grade B),Apple,Accessory,Refurbished Grade B
P04680,Apple Magic Trackpad Black US layout (Open Box),Apple,Accessory,Open Box
P04681,Apple Magic Trackpad Black Nordic layout,Apple,Accessory,New
P04682,Apple Magic Trackpad Black Nordic layout (Refurbished Grade A),Apple,Accessory,Refurbished Grade A
P04683,Apple Magic Trackpad Black Nordic layout (Refurbished Grade B),Apple,Accessory,Refurbished Grade B
P04684,Apple Magic Trackpad Black Nordic layout (Open Box),Apple,Accessory,Open Box
P04685,Apple Magic Trackpad Black UK layout,Apple,Accessory,New
P04686,Apple Magic Trackpad Black UK layout (Refurbished Grade A),Apple,Accessory,Refurbished Grade A
P04687,Apple Magic Trackpad Black UK layout (Refurbished Grade B),Apple,Accessory,Refurbished Grade B
P04688,Apple Magic Trackpad Black UK layout (Open Box),Apple,Accessory,Open Box
P04689,Apple Magic Trackpad White US layout,Apple,Accessory,New
P04690,Apple Magic Trackpad White US layout (Refurbished Grade A),Apple,Accessory,Refurbished Grade A
P04691,Apple Magic Trackpad White US layout (Refurbished Grade B),Apple,Accessory,Refurbished Grade B
P04692,Apple Magic Trackpad White US layout (Open Box),Apple,Accessory,Open Box
P04693,Apple Magic Trackpad White Nordic layout,Apple,Accessory,New
P04694,Apple Magic Trackpad White Nordic layout (Refurbished Grade A),Apple,Accessory,Refurbished Grade A
P04695,Apple Magic Trackpad White Nordic layout (Refurbished Grade B),Apple,Accessory,Refurbished Grade B
P04696,Apple Magic Trackpad White Nordic layout (Open Box),Apple,Accessory,Open Box
P04697,Apple Magic Trackpad White UK layout,Apple,Accessory,New
P04698,Apple Magic Trackpad White UK layout (Refurbished Grade A),Apple,Accessory,Refurbished Grade A
P04699,Apple Magic Trackpad White UK layout (Refurbished Grade B),Apple,Accessory,Refurbished Grade B
P04700,Apple Magic Trackpad White UK layout (Open Box),Apple,Accessory,Open Box
P04701,Razer DeathAdder V3 Graphite US layout,Razer,Accessory,New
P04702,Razer DeathAdder V3 Graphite US layout (Refurbished Grade A),Razer,Accessory,Refurbished Grade A
P04703,Razer DeathAdder V3 Graphite US layout (Refurbished Grade B),Razer,Accessory,Refurbished Grade B
P04704,Razer DeathAdder V3 Graphite US layout (Open Box),Razer,Accessory,Open Box
P04705,Razer DeathAdder V3 Graphite Nordic layout,Razer,Accessory,New
P04706,Razer DeathAdder V3 Graphite Nordic layout (Refurbished Grade A),Razer,Accessory,Refurbished Grade A
P04707,Razer DeathAdder V3 Graphite Nordic layout (Refurbished Grade B),Razer,Accessory,Refurbished Grade B
P04708,Razer DeathAdder V3 Graphite Nordic layout (Open Box),Razer,Accessory,Open Box
P04709,Razer DeathAdder V3 Graphite UK layout,Razer,Accessory,New
P04710,Razer DeathAdder V3 Graphite UK layout (Refurbished Grade A),Razer,Accessory,Refurbished Grade A
P04711,Razer DeathAdder V3 Graphite UK layout (Refurbished Grade B),Razer,Accessory,Refurbished Grade B
P04712,Razer DeathAdder V3 Graphite UK layout (Open Box),Razer,Accessory,Open Box
P04713,Razer DeathAdder V3 Pale Grey US layout,Razer,Accessory,New
P04714,Razer DeathAdder V3 Pale Grey US layout (Refurbished Grade A),Razer,Accessory,Refurbished Grade A
P04715,Razer DeathAdder V3 Pale Grey US layout (Refurbished Grade B),Razer,Accessory,Refurbished Grade B
P04716,Razer DeathAdder V3 Pale Grey US layout (Open Box),Razer,Accessory,Open Box
P04717,Razer DeathAdder V3 Pale Grey Nordic layout,Razer,Accessory,New
P04718,Razer DeathAdder V3 Pale Grey Nordic layout (Refurbished Grade A),Razer,Accessory,Refurbished Grade A
P04719,Razer DeathAdder V3 Pale Grey Nordic layout (Refurbished Grade B),Razer,Accessory,Refurbished Grade B
P04720,Razer DeathAdder V3 Pale Grey Nordic layout (Open Box),Razer,Accessory,Open Box
P04721,Razer DeathAdder V3 Pale Grey UK layout,Razer,Accessory,New
P04722,Razer DeathAdder V3 Pale Grey UK layout (Refurbished Grade A),Razer,Accessory,Refurbished Grade A
P04723,Razer DeathAdder V3 Pale Grey UK layout (Refurbished Grade B),Razer,Accessory,Refurbished Grade B
P04724,Razer DeathAdder V3 Pale Grey UK layout (Open Box),Razer,Accessory,Open Box
P04725,Razer DeathAdder V3 Black US layout,Razer,Accessory,New
P04726,Razer DeathAdder V3 Black US layout (Refurbished Grade A),Razer,Accessory,Refurbished Grade A
P04727,Razer DeathAdder V3 Black US layout (Refurbished Grade B),Razer,Accessory,Refurbished Grade B
P04728,Razer DeathAdder V3 Black US layout (Open Box),Razer,Accessory,Open Box
P04729,Razer DeathAdder V3 Black Nordic layout,Razer,Accessory,New
P04730,Razer DeathAdder V3 Black Nordic layout (Refurbished Grade A),Razer,Accessory,Refurbished Grade A
P04731,Razer DeathAdder V3 Black Nordic layout (Refurbished Grade B),Razer,Accessory,Refurbished Grade B
P04732,Razer DeathAdder V3 Black Nordic layout (Open Box),Razer,Accessory,Open Box
P04733,Razer DeathAdder V3 Black UK layout,Razer,Accessory,New
P04734,Razer DeathAdder V3 Black UK layout (Refurbished Grade A),Razer,Accessory,Refurbished Grade A
P04735,Razer DeathAdder V3 Black UK layout (Refurbished Grade B),Razer,Accessory,Refurbished Grade B
P04736,Razer DeathAdder V3 Black UK layout (Open Box),Razer,Accessory,Open Box
P04737,Razer DeathAdder V3 White US layout,Razer,Accessory,New
P04738,Razer DeathAdder V3 White US layout (Refurbished Grade A),Razer,Accessory,Refurbished Grade A
P04739,Razer DeathAdder V3 White US layout (Refurbished Grade B),Razer,Accessory,Refurbished Grade B
P04740,Razer DeathAdder V3 White US layout (Open Box),Razer,Accessory,Open Box
P04741,Razer DeathAdder V3 White Nordic layout,Razer,Accessory,New
P04742,Razer DeathAdder V3 White Nordic layout (Refurbished Grade A),Razer,Accessory,Refurbished Grade A
P04743,Razer DeathAdder V3 White Nordic layout (Refurbished Grade B),Razer,Accessory,Refurbished Grade B
P04744,Razer DeathAdder V3 White Nordic layout (Open Box),Razer,Accessory,Open Box
P04745,Razer DeathAdder V3 White UK layout,Razer,Accessory,New
P04746,Razer DeathAdder V3 White UK layout (Refurbished Grade A),Razer,Accessory,Refurbished Grade A
P04747,Razer DeathAdder V3 White UK layout (Refurbished Grade B),Razer,Accessory,Refurbished Grade B
P04748,Razer DeathAdder V3 White UK layout (Open Box),Razer,Accessory,Open Box
P04749,Razer BlackWidow V4 Graphite US layout,Razer,Accessory,New
P04750,Razer BlackWidow V4 Graphite US layout (Refurbished Grade A),Razer,Accessory,Refurbished Grade A
P04751,Razer BlackWidow V4 Graphite US layout (Refurbished Grade B),Razer,Accessory,Refurbished Grade B
P04752,Razer BlackWidow V4 Graphite US layout (Open Box),Razer,Accessory,Open Box
P04753,Razer BlackWidow V4 Graphite Nordic layout,Razer,Accessory,New
P04754,Razer BlackWidow V4 Graphite Nordic layout (Refurbished Grade A),Razer,Accessory,Refurbished Grade A
P04755,Razer BlackWidow V4 Graphite Nordic layout (Refurbished Grade B),Razer,Accessory,Refurbished Grade B
P04756,Razer BlackWidow V4 Graphite Nordic layout (Open Box),Razer,Accessory,Open Box
P04757,Razer BlackWidow V4 Graphite UK layout,Razer,Accessory,New
P04758,Razer BlackWidow V4 Graphite UK layout (Refurbished Grade A),Razer,Accessory,Refurbished Grade A
P04759,Razer BlackWidow V4 Graphite UK layout (Refurbished Grade B),Razer,Accessory,Refurbished Grade B
P04760,Razer BlackWidow V4 Graphite UK layout (Open Box),Razer,Accessory,Open Box
P04761,Razer BlackWidow V4 Pale Grey US layout,Razer,Accessory,New
P04762,Razer BlackWidow V4 Pale Grey US layout (Refurbished Grade A),Razer,Accessory,Refurbished Grade A
P04763,Razer BlackWidow V4 Pale Grey US layout (Refurbished Grade B),Razer,Accessory,Refurbished Grade B
P04764,Razer BlackWidow V4 Pale Grey US layout (Open Box),Razer,Accessory,Open Box
P04765,Razer BlackWidow V4 Pale Grey Nordic layout,Razer,Accessory,New
P04766,Razer BlackWidow V4 Pale Grey Nordic layout (Refurbished Grade A),Razer,Accessory,Refurbished Grade A
P04767,Razer BlackWidow V4 Pale Grey Nordic layout (Refurbished Grade B),Razer,Accessory,Refurbished Grade B
P04768,Razer BlackWidow V4 Pale Grey Nordic layout (Open Box),Razer,Accessory,Open Box
P04769,Razer BlackWidow V4 Pale Grey UK layout,Razer,Accessory,New
P04770,Razer BlackWidow V4 Pale Grey UK layout (Refurbished Grade A),Razer,Accessory,Refurbished Grade A
P04771,Razer BlackWidow V4 Pale Grey UK layout (Refurbished Grade B),Razer,Accessory,Refurbished Grade B
P04772,Razer BlackWidow V4 Pale Grey UK layout (Open Box),Razer,Accessory,Open Box
P04773,Razer BlackWidow V4 Black US layout,Razer,Accessory,New
P04774,Razer BlackWidow V4 Black US layout (Refurbished Grade A),Razer,Accessory,Refurbished Grade A
P04775,Razer BlackWidow V4 Black US layout (Refurbished Grade B),Razer,Accessory,Refurbished Grade B
P04776,Razer BlackWidow V4 Black US layout (Open Box),Razer,Accessory,Open Box
P04777,Razer BlackWidow V4 Black Nordic layout,Razer,Accessory,New
P04778,Razer BlackWidow V4 Black Nordic layout (Refurbished Grade A),Razer,Accessory,Refurbished Grade A
P04779,Razer BlackWidow V4 Black Nordic layout (Refurbished Grade B),Razer,Accessory,Refurbished Grade B
P04780,Razer BlackWidow V4 Black Nordic layout (Open Box),Razer,Accessory,Open Box
P04781,Razer BlackWidow V4 Black UK layout,Razer,Accessory,New
P04782,Razer BlackWidow V4 Black UK layout (Refurbished Grade A),Razer,Accessory,Refurbished Grade A
P04783,Razer BlackWidow V4 Black UK layout (Refurbished Grade B),Razer,Accessory,Refurbished Grade B
P04784,Razer BlackWidow V4 Black UK layout (Open Box),Razer,Accessory,Open Box
P04785,Razer BlackWidow V4 White US layout,Razer,Accessory,New
P04786,Razer BlackWidow V4 White US layout (Refurbished Grade A),Razer,Accessory,Refurbished Grade A
P04787,Razer BlackWidow V4 White US layout (Refurbished Grade B),Razer,Accessory,Refurbished Grade B
P04788,Razer BlackWidow V4 White US layout (Open Box),Razer,Accessory,Open Box
P04789,Razer BlackWidow V4 White Nordic layout,Razer,Accessory,New
P04790,Razer BlackWidow V4 White Nordic layout (Refurbished Grade A),Razer,Accessory,Refurbished Grade A
P04791,Razer BlackWidow V4 White Nordic layout (Refurbished Grade B),Razer,Accessory,Refurbished Grade B
P04792,Razer BlackWidow V4 White Nordic layout (Open Box),Razer,Accessory,Open Box
P04793,Razer BlackWidow V4 White UK layout,Razer,Accessory,New
P04794,Razer BlackWidow V4 White UK layout (Refurbished Grade A),Razer,Accessory,Refurbished Grade A
P04795,Razer BlackWidow V4 White UK layout (Refurbished Grade B),Razer,Accessory,Refurbished Grade B
P04796,Razer BlackWidow V4 White UK layout (Open Box),Razer,Accessory,Open Box
P04797,Razer Basilisk V3 Graphite US layout,Razer,Accessory,New
P04798,Razer Basilisk V3 Graphite US layout (Refurbished Grade A),Razer,Accessory,Refurbished Grade A
P04799,Razer Basilisk V3 Graphite US layout (Refurbished Grade B),Razer,Accessory,Refurbished Grade B
P04800,Razer Basilisk V3 Graphite US layout (Open Box),Razer,Accessory,Open Box
P04801,Razer Basilisk V3 Graphite Nordic layout,Razer,Accessory,New
P04802,Razer Basilisk V3 Graphite Nordic layout (Refurbished Grade A),Razer,Accessory,Refurbished Grade A
P04803,Razer Basilisk V3 Graphite Nordic layout (Refurbished Grade B),Razer,Accessory,Refurbished Grade B
P04804,Razer Basilisk V3 Graphite Nordic layout (Open Box),Razer,Accessory,Open Box
P04805,Razer Basilisk V3 Graphite UK layout,Razer,Accessory,New
P04806,Razer Basilisk V3 Graphite UK layout (Refurbished Grade A),Razer,Accessory,Refurbished Grade A
P04807,Razer Basilisk V3 Graphite UK layout (Refurbished Grade B),Razer,Accessory,Refurbished Grade B
P04808,Razer Basilisk V3 Graphite UK layout (Open Box),Razer,Accessory,Open Box
P04809,Razer Basilisk V3 Pale Grey US layout,Razer,Accessory,New
P04810,Razer Basilisk V3 Pale Grey US layout (Refurbished Grade A),Razer,Accessory,Refurbished Grade A
P04811,Razer Basilisk V3 Pale Grey US layout (Refurbished Grade B),Razer,Accessory,Refurbished Grade B
P04812,Razer Basilisk V3 Pale Grey US layout (Open Box),Razer,Accessory,Open Box
P04813,Razer Basilisk V3 Pale Grey Nordic layout,Razer,Accessory,New
P04814,Razer Basilisk V3 Pale Grey Nordic layout (Refurbished Grade A),Razer,Accessory,Refurbished Grade A
P04815,Razer Basilisk V3 Pale Grey Nordic layout (Refurbished Grade B),Razer,Accessory,Refurbished Grade B
P04816,Razer Basilisk V3 Pale Grey Nordic layout (Open Box),Razer,Accessory,Open Box
P04817,Razer Basilisk V3 Pale Grey UK layout,Razer,Accessory,New
P04818,Razer Basilisk V3 Pale Grey UK layout (Refurbished Grade A),Razer,Accessory,Refurbished Grade A
P04819,Razer Basilisk V3 Pale Grey UK layout (Refurbished Grade B),Razer,Accessory,Refurbished Grade B
P04820,Razer Basilisk V3 Pale Grey UK layout (Open Box),Razer,Accessory,Open Box
P04821,Razer Basilisk V3 Black US layout,Razer,Accessory,New
P04822,Razer Basilisk V3 Black US layout (Refurbished Grade A),Razer,Accessory,Refurbished Grade A
P04823,Razer Basilisk V3 Black US layout (Refurbished Grade B),Razer,Accessory,Refurbished Grade B
P04824,Razer Basilisk V3 Black US layout (Open Box),Razer,Accessory,Open Box
P04825,Razer Basilisk V3 Black Nordic layout,Razer,Accessory,New
P04826,Razer Basilisk V3 Black Nordic layout (Refurbished Grade A),Razer,Accessory,Refurbished Grade A
P04827,Razer Basilisk V3 Black Nordic layout (Refurbished Grade B),Razer,Accessory,Refurbished Grade B
P04828,Razer Basilisk V3 Black Nordic layout (Open Box),Razer,Accessory,Open Box
P04829,Razer Basilisk V3 Black UK layout,Razer,Accessory,New
P04830,Razer Basilisk V3 Black UK layout (Refurbished Grade A),Razer,Accessory,Refurbished Grade A
P04831,Razer Basilisk V3 Black UK layout (Refurbished Grade B),Razer,Accessory,Refurbished Grade B
P04832,Razer Basilisk V3 Black UK layout (Open Box),Razer,Accessory,Open Box
P04833,Razer Basilisk V3 White US layout,Razer,Accessory,New
P04834,Razer Basilisk V3 White US layout (Refurbished Grade A),Razer,Accessory,Refurbished Grade A
P04835,Razer Basilisk V3 White US layout (Refurbished Grade B),Razer,Accessory,Refurbished Grade B
P04836,Razer Basilisk V3 White US layout (Open Box),Razer,Accessory,Open Box
P04837,Razer Basilisk V3 White Nordic layout,Razer,Accessory,New
P04838,Razer Basilisk V3 White Nordic layout (Refurbished Grade A),Razer,Accessory,Refurbished Grade A
P04839,Razer Basilisk V3 White Nordic layout (Refurbished Grade B),Razer,Accessory,Refurbished Grade B
P04840,Razer Basilisk V3 White Nordic layout (Open Box),Razer,Accessory,Open Box
P04841,Razer Basilisk V3 White UK layout,Razer,Accessory,New
P04842,Razer Basilisk V3 White UK layout (Refurbished Grade A),Razer,Accessory,Refurbished Grade A
P04843,Razer Basilisk V3 White UK layout (Refurbished Grade B),Razer,Accessory,Refurbished Grade B
P04844,Razer Basilisk V3 White UK layout (Open Box),Razer,Accessory,Open Box
P04845,Sony PlayStation 5 Slim Standard,Sony,Console,New
P04846,Sony PlayStation 5 Slim Standard (Refurbished Grade A),Sony,Console,Refurbished Grade A
P04847,Sony PlayStation 5 Slim Standard (Refurbished Grade B),Sony,Console,Refurbished Grade B
P04848,Sony PlayStation 5 Slim Standard (Open Box),Sony,Console,Open Box
P04849,Sony PlayStation 5 Slim Digital Edition,Sony,Console,New
P04850,Sony PlayStation 5 Slim Digital Edition (Refurbished Grade A),Sony,Console,Refurbished Grade A
P04851,Sony PlayStation 5 Slim Digital Edition (Refurbished Grade B),Sony,Console,Refurbished Grade B
P04852,Sony PlayStation 5 Slim Digital Edition (Open Box),Sony,Console,Open Box
P04853,Sony PlayStation 5 Slim Bundle,Sony,Console,New
P04854,Sony PlayStation 5 Slim Bundle (Refurbished Grade A),Sony,Console,Refurbished Grade A
P04855,Sony PlayStation 5 Slim Bundle (Refurbished Grade B),Sony,Console,Refurbished Grade B
P04856,Sony PlayStation 5 Slim Bundle (Open Box),Sony,Console,Open Box
P04857,Sony PlayStation 5 Pro Standard,Sony,Console,New
P04858,Sony PlayStation 5 Pro Standard (Refurbished Grade A),Sony,Console,Refurbished Grade A
P04859,Sony PlayStation 5 Pro Standard (Refurbished Grade B),Sony,Console,Refurbished Grade B
P04860,Sony PlayStation 5 Pro Standard (Open Box),Sony,Console,Open Box
P04861,Sony PlayStation 5 Pro Digital Edition,Sony,Console,New
P04862,Sony PlayStation 5 Pro Digital Edition (Refurbished Grade A),Sony,Console,Refurbished Grade A
P04863,Sony PlayStation 5 Pro Digital Edition (Refurbished Grade B),Sony,Console,Refurbished Grade B
P04864,Sony PlayStation 5 Pro Digital Edition (Open Box),Sony,Console,Open Box
P04865,Sony PlayStation 5 Pro Bundle,Sony,Console,New
P04866,Sony PlayStation 5 Pro Bundle (Refurbished Grade A),Sony,Console,Refurbished Grade A
P04867,Sony PlayStation 5 Pro Bundle (Refurbished Grade B),Sony,Console,Refurbished Grade B
P04868,Sony PlayStation 5 Pro Bundle (Open Box),Sony,Console,Open Box
P04869,Sony DualSense Edge Controller Standard,Sony,Console,New
P04870,Sony DualSense Edge Controller Standard (Refurbished Grade A),Sony,Console,Refurbished Grade A
P04871,Sony DualSense Edge Controller Standard (Refurbished Grade B),Sony,Console,Refurbished Grade B
P04872,Sony DualSense Edge Controller Standard (Open Box),Sony,Console,Open Box
P04873,Sony DualSense Edge Controller Digital Edition,Sony,Console,New
P04874,Sony DualSense Edge Controller Digital Edition (Refurbished Grade A),Sony,Console,Refurbished Grade A
P04875,Sony DualSense Edge Controller Digital Edition (Refurbished Grade B),Sony,Console,Refurbished Grade B
P04876,Sony DualSense Edge Controller Digital Edition (Open Box),Sony,Console,Open Box
P04877,Sony DualSense Edge Controller Bundle,Sony,Console,New
P04878,Sony DualSense Edge Controller Bundle (Refurbished Grade A),Sony,Console,Refurbished Grade A
P04879,Sony DualSense Edge Controller Bundle (Refurbished Grade B),Sony,Console,Refurbished Grade B
P04880,Sony DualSense Edge Controller Bundle (Open Box),Sony,Console,Open Box
P04881,Nintendo Switch OLED Standard,Nintendo,Console,New
P04882,Nintendo Switch OLED Standard (Refurbished Grade A),Nintendo,Console,Refurbished Grade A
P04883,Nintendo Switch OLED Standard (Refurbished Grade B),Nintendo,Console,Refurbished Grade B
P04884,Nintendo Switch OLED Standard (Open Box),Nintendo,Console,Open Box
P04885,Nintendo Switch OLED Digital Edition,Nintendo,Console,New
P04886,Nintendo Switch OLED Digital Edition (Refurbished Grade A),Nintendo,Console,Refurbished Grade A
P04887,Nintendo Switch OLED Digital Edition (Refurbished Grade B),Nintendo,Console,Refurbished Grade B
P04888,Nintendo Switch OLED Digital Edition (Open Box),Nintendo,Console,Open Box
P04889,Nintendo Switch OLED Bundle,Nintendo,Console,New
P04890,Nintendo Switch OLED Bundle (Refurbished Grade A),Nintendo,Console,Refurbished Grade A
P04891,Nintendo Switch OLED Bundle (Refurbished Grade B),Nintendo,Console,Refurbished Grade B
P04892,Nintendo Switch OLED Bundle (Open Box),Nintendo,Console,Open Box
P04893,Nintendo Switch Lite Standard,Nintendo,Console,New
P04894,Nintendo Switch Lite Standard (Refurbished Grade A),Nintendo,Console,Refurbished Grade A
P04895,Nintendo Switch Lite Standard (Refurbished Grade B),Nintendo,Console,Refurbished Grade B
P04896,Nintendo Switch Lite Standard (Open Box),Nintendo,Console,Open Box
P04897,Nintendo Switch Lite Digital Edition,Nintendo,Console,New
P04898,Nintendo Switch Lite Digital Edition (Refurbished Grade A),Nintendo,Console,Refurbished Grade A
P04899,Nintendo Switch Lite Digital Edition (Refurbished Grade B),Nintendo,Console,Refurbished Grade B
P04900,Nintendo Switch Lite Digital Edition (Open Box),Nintendo,Console,Open Box
P04901,Nintendo Switch Lite Bundle,Nintendo,Console,New
P04902,Nintendo Switch Lite Bundle (Refurbished Grade A),Nintendo,Console,Refurbished Grade A
P04903,Nintendo Switch Lite Bundle (Refurbished Grade B),Nintendo,Console,Refurbished Grade B
P04904,Nintendo Switch Lite Bundle (Open Box),Nintendo,Console,Open Box
P04905,Nintendo Pro Controller Standard,Nintendo,Console,New
P04906,Nintendo Pro Controller Standard (Refurbished Grade A),Nintendo,Console,Refurbished Grade A
P04907,Nintendo Pro Controller Standard (Refurbished Grade B),Nintendo,Console,Refurbished Grade B
P04908,Nintendo Pro Controller Standard (Open Box),Nintendo,Console,Open Box
P04909,Nintendo Pro Controller Digital Edition,Nintendo,Console,New
P04910,Nintendo Pro Controller Digital Edition (Refurbished Grade A),Nintendo,Console,Refurbished Grade A
P04911,Nintendo Pro Controller Digital Edition (Refurbished Grade B),Nintendo,Console,Refurbished Grade B
P04912,Nintendo Pro Controller Digital Edition (Open Box),Nintendo,Console,Open Box
P04913,Nintendo Pro Controller Bundle,Nintendo,Console,New
P04914,Nintendo Pro Controller Bundle (Refurbished Grade A),Nintendo,Console,Refurbished Grade A
P04915,Nintendo Pro Controller Bundle (Refurbished Grade B),Nintendo,Console,Refurbished Grade B
P04916,Nintendo Pro Controller Bundle (Open Box),Nintendo,Console,Open Box
P04917,Microsoft Xbox Series X Standard,Microsoft,Console,New
P04918,Microsoft Xbox Series X Standard (Refurbished Grade A),Microsoft,Console,Refurbished Grade A
P04919,Microsoft Xbox Series X Standard (Refurbished Grade B),Microsoft,Console,Refurbished Grade B
P04920,Microsoft Xbox Series X Standard (Open Box),Microsoft,Console,Open Box
P04921,Microsoft Xbox Series X Digital Edition,Microsoft,Console,New
P04922,Microsoft Xbox Series X Digital Edition (Refurbished Grade A),Microsoft,Console,Refurbished Grade A
P04923,Microsoft Xbox Series X Digital Edition (Refurbished Grade B),Microsoft,Console,Refurbished Grade B
P04924,Microsoft Xbox Series X Digital Edition (Open Box),Microsoft,Console,Open Box
P04925,Microsoft Xbox Series X Bundle,Microsoft,Console,New
P04926,Microsoft Xbox Series X Bundle (Refurbished Grade A),Microsoft,Console,Refurbished Grade A
P04927,Microsoft Xbox Series X Bundle (Refurbished Grade B),Microsoft,Console,Refurbished Grade B
P04928,Microsoft Xbox Series X Bundle (Open Box),Microsoft,Console,Open Box
P04929,Microsoft Xbox Series S Standard,Microsoft,Console,New
P04930,Microsoft Xbox Series S Standard (Refurbished Grade A),Microsoft,Console,Refurbished Grade A
P04931,Microsoft Xbox Series S Standard (Refurbished Grade B),Microsoft,Console,Refurbished Grade B
P04932,Microsoft Xbox Series S Standard (Open Box),Microsoft,Console,Open Box
P04933,Microsoft Xbox Series S Digital Edition,Microsoft,Console,New
P04934,Microsoft Xbox Series S Digital Edition (Refurbished Grade A),Microsoft,Console,Refurbished Grade A
P04935,Microsoft Xbox Series S Digital Edition (Refurbished Grade B),Microsoft,Console,Refurbished Grade B
P04936,Microsoft Xbox Series S Digital Edition (Open Box),Microsoft,Console,Open Box
P04937,Microsoft Xbox Series S Bundle,Microsoft,Console,New
P04938,Microsoft Xbox Series S Bundle (Refurbished Grade A),Microsoft,Console,Refurbished Grade A
P04939,Microsoft Xbox Series S Bundle (Refurbished Grade B),Microsoft,Console,Refurbished Grade B
P04940,Microsoft Xbox Series S Bundle (Open Box),Microsoft,Console,Open Box
P04941,Microsoft Xbox Wireless Controller Standard,Microsoft,Console,New
P04942,Microsoft Xbox Wireless Controller Standard (Refurbished Grade A),Microsoft,Console,Refurbished Grade A
P04943,Microsoft Xbox Wireless Controller Standard (Refurbished Grade B),Microsoft,Console,Refurbished Grade B
P04944,Microsoft Xbox Wireless Controller Standard (Open Box),Microsoft,Console,Open Box
P04945,Microsoft Xbox Wireless Controller Digital Edition,Microsoft,Console,New
P04946,Microsoft Xbox Wireless Controller Digital Edition (Refurbished Grade A),Microsoft,Console,Refurbished Grade A
P04947,Microsoft Xbox Wireless Controller Digital Edition (Refurbished Grade B),Microsoft,Console,Refurbished Grade B
P04948,Microsoft Xbox Wireless Controller Digital Edition (Open Box),Microsoft,Console,Open Box
P04949,Microsoft Xbox Wireless Controller Bundle,Microsoft,Console,New
P04950,Microsoft Xbox Wireless Controller Bundle (Refurbished Grade A),Microsoft,Console,Refurbished Grade A
P04951,Microsoft Xbox Wireless Controller Bundle (Refurbished Grade B),Microsoft,Console,Refurbished Grade B
P04952,Microsoft Xbox Wireless Controller Bundle (Open Box),Microsoft,Console,Open Box
